50 3036 9648 9930
50 3036 9649 9929
50 3384 9290 9940
50 3384 9300 9930
50 3556 9128 9930
50 3644 9256 9714
50 3644 9290 9680
50 3728 9290 9596
50 3904 8720 9990
50 4088 9034 9492
50 4100 8918 9596
50 4112 9190 9312
50 4135 8765 9714
50 4196 8910 9508
50 4196 9128 9290
50 4412 8490 9712
50 4412 9034 9168
50 4440 8918 9256
50 4500 8264 9850
50 4595 8169 9850
50 4595 8624 9395
50 4604 8720 9290
50 4636 8264 9714
50 4636 8470 9508
50 4636 8583 9395
50 4720 8594 9300
50 4730 8594 9290
50 4776 8346 9492
50 4776 8918 8920
50 4780 8120 9714
50 4919 7983 9712
50 4919 8300 9395
50 4960 7724 9930
50 4960 7804 9850
50 4970 7932 9712
50 5000 7685 9929
50 5000 7900 9714
50 5173 7451 9990
50 5315 7370 9929
50 5455 7479 9680
50 5455 7667 9492
50 5455 7869 9290
50 5560 8430 8624
50 5597 7167 9850
50 5597 7983 9034
50 5637 7667 9310
50 5637 8137 8840
50 5694 6980 9940
50 5694 7932 8988
50 5694 8430 8490
50 5736 7370 9508
50 5752 7370 9492
50 5762 7360 9492
50 5762 7724 9128
50 5762 7932 8920
50 5834 7184 9596
50 5834 7470 9310
50 5834 7480 9300
50 5834 8290 8490
50 5840 8300 8474
50 5859 7360 9395
50 5900 7000 9714
50 5900 7424 9290
50 5900 7680 9034
50 5900 7796 8918
50 5900 7804 8910
50 5900 8120 8594
50 5972 7514 9128
50 5972 7724 8918
50 5976 7470 9168
50 6012 7110 9492
50 6020 8120 8474
50 6020 8294 8300
50 6088 7932 8594
50 6100 6584 9930
50 6100 6800 9714
50 6100 7480 9034
50 6120 7184 9310
50 6120 7900 8594
50 6170 6730 9714
50 6170 7724 8720
50 6170 7804 8640
50 6224 6794 9596
50 6224 6995 9395
50 6224 7200 9190
50 6224 7470 8920
50 6224 7480 8910
50 6224 7796 8594
50 6224 7900 8490
50 6384 7040 9190
50 6384 7480 8750
50 6384 7760 8470
50 6390 7384 8840
50 6490 6956 9168
50 6502 6800 9312
50 6522 6584 9508
50 6522 6600 9492
50 6522 7479 8613
50 6579 6745 9290
50 6579 7869 8166
50 6584 6730 9300
50 6584 6740 9290
50 6584 7110 8920
50 6584 7120 8910
50 6600 6980 9034
50 6600 7724 8290
50 6608 7869 8137
50 6682 7167 8765
50 6730 7044 8840
50 6740 6956 8918
50 6740 7384 8490
50 6740 7708 8166
50 6794 6980 8840
50 6794 7520 8300
50 6800 7384 8430
50 6800 7479 8335
50 6800 7514 8300
50 6800 7520 8294
50 6849 7000 8765
50 6869 6980 8765
50 6869 6995 8750
50 6869 7105 8640
50 6869 7370 8375
50 6869 7451 8294
50 6956 7184 8474
50 6980 7040 8594
50 6980 7370 8264
50 6980 7514 8120
50 7000 7184 8430
50 7061 7384 8169
50 7110 7384 8120
50 7110 7708 7796
50 7120 7200 8294
50 7200 7514 7900
50 7331 7479 7804
50 7370 7520 7724
50 7384 7470 7760
71 3644 9300 9649
71 3969 8910 9714
71 4135 9168 9290
71 4191 8910 9492
71 4225 8720 9648
71 4233 8430 9930
71 4331 8613 9649
71 4400 8264 9929
71 4563 8720 9310
71 4563 8840 9190
71 4595 8490 9508
71 4604 8594 9395
71 4720 8583 9290
71 4776 8137 9680
71 4776 8169 9648
71 4807 7796 9990
71 4807 8137 9649
71 4807 8294 9492
71 4807 8474 9312
71 4919 8166 9508
71 4919 8640 9034
71 5173 7480 9940
71 5173 7708 9712
71 5173 8120 9300
71 5315 8290 8988
71 5455 7424 9714
71 5560 7384 9649
71 5597 8276 8720
71 5637 7360 9596
71 5736 7667 9190
71 5736 7869 8988
71 5736 8137 8720
71 5785 7680 9128
71 5834 7110 9649
71 5840 7105 9648
71 5859 6794 9940
71 5859 7424 9310
71 5859 8264 8470
71 5900 7044 9649
71 5972 7331 9290
71 6012 6869 9712
71 6088 7110 9395
71 6100 7869 8624
71 6120 7708 8765
71 6120 7983 8490
71 6170 7167 9256
71 6224 7451 8918
71 6390 7331 8872
71 6458 6740 9395
71 6458 7370 8765
71 6458 7760 8375
71 6490 7479 8624
71 6490 7520 8583
71 6490 7983 8120
71 6502 7451 8640
71 6522 6579 9492
71 6579 6980 9034
71 6579 7724 8290
71 6608 7685 8300
71 6794 7424 8375
71 6849 7120 8624
71 6849 7480 8264
71 6869 7424 8300
71 6956 7167 8470
71 6980 7000 8613
71 7000 7424 8169
71 7000 7724 7869
71 7040 7384 8169
71 7044 7680 7869
71 7184 7685 7724
71 7200 7685 7708
88 2924 9712 9940
88 3300 9596 9680
88 3520 9460 9596
88 3728 8918 9930
88 3728 9168 9680
88 3758 9310 9508
88 3800 9128 9648
88 4088 8840 9648
88 4112 8474 9990
88 4112 8750 9714
88 4196 8872 9508
88 4196 8920 9460
88 4272 8375 9929
88 4272 8624 9680
88 4292 8294 9990
88 4311 8335 9930
88 4400 8920 9256
88 4636 8640 9300
88 4636 8750 9190
88 4720 8600 9256
88 4730 8166 9680
88 4776 8120 9680
88 4776 8490 9310
88 4807 8120 9649
88 4919 7667 9990
88 4970 8294 9312
88 5000 8264 9312
88 5000 8276 9300
88 5052 8490 9034
88 5315 7331 9930
88 5408 7520 9648
88 5408 7708 9460
88 5560 7760 9256
88 5597 7331 9648
88 5597 7667 9312
88 5632 8470 8474
88 5637 7479 9460
88 5736 8120 8720
88 5752 7110 9714
88 5752 7514 9310
88 5762 7514 9300
88 5785 7331 9460
88 5785 7479 9312
88 5834 7708 9034
88 5840 7424 9312
88 5840 7480 9256
88 5900 7184 9492
88 5900 7804 8872
88 5972 6956 9648
88 5976 7680 8920
88 5976 7760 8840
88 6012 7724 8840
88 6012 8264 8300
88 6020 7932 8624
88 6088 6980 9508
88 6088 7360 9128
88 6120 7061 9395
88 6120 7200 9256
88 6120 8166 8290
88 6170 7932 8474
88 6224 6502 9850
88 6224 7040 9312
88 6224 7184 9168
88 6224 7480 8872
88 6458 6522 9596
88 6458 7200 8918
88 6490 7796 8290
88 6502 7040 9034
88 6502 7480 8594
88 6522 7708 8346
88 6522 7760 8294
88 6579 6869 9128
88 6579 7384 8613
88 6584 6682 9310
88 6584 7120 8872
88 6608 6800 9168
88 6608 6980 8988
88 6682 7424 8470
88 6730 7680 8166
88 6740 7667 8169
88 6849 7451 8276
88 6869 7724 7983
88 6956 6980 8640
88 6956 7451 8169
88 7040 7370 8166
88 7040 7667 7869
88 7105 7667 7804
88 7110 7120 8346
88 7167 7685 7724
120 2625 9929 9990
120 2924 9680 9940
120 3300 9596 9648
120 3322 9508 9714
120 3384 9310 9850
120 3520 9034 9990
120 3520 9310 9714
120 3520 9312 9712
120 3626 8988 9930
120 3644 8910 9990
120 3728 9168 9648
120 3758 9190 9596
120 3820 9128 9596
120 4031 8583 9930
120 4100 8594 9850
120 4112 8720 9712
120 4196 8840 9508
120 4272 8624 9648
120 4400 8294 9850
120 4400 8430 9714
120 4412 8624 9508
120 4412 8640 9492
120 4595 8300 9649
120 4604 8640 9300
120 4604 8750 9190
120 4636 8920 8988
120 4656 8720 9168
120 4730 8166 9648
120 4730 8624 9190
120 4776 8120 9648
120 4776 8276 9492
120 4776 8600 9168
120 4776 8640 9128
120 4780 8474 9290
120 4919 7685 9940
120 4919 8335 9290
120 4960 8294 9290
120 4970 7724 9850
120 4970 8264 9310
120 5000 8624 8920
120 5408 7424 9712
120 5408 8264 8872
120 5455 8169 8920
120 5560 7044 9940
120 5560 8264 8720
120 5632 7200 9712
120 5637 8294 8613
120 5694 7000 9850
120 5694 7932 8918
120 5736 7680 9128
120 5752 7480 9312
120 5752 7804 8988
120 5762 7470 9312
120 5762 8169 8613
120 5785 7110 9649
120 5834 7061 9649
120 5834 7520 9190
120 5834 8335 8375
120 5840 7514 9190
120 5859 6745 9940
120 5900 6794 9850
120 5900 6995 9649
120 5900 7184 9460
120 5900 7724 8920
120 5900 7804 8840
120 5972 7932 8640
120 6012 6682 9850
120 6012 7040 9492
120 6012 7932 8600
120 6020 6584 9940
120 6020 7804 8720
120 6020 7900 8624
120 6088 7061 9395
120 6088 7200 9256
120 6088 8166 8290
120 6100 6730 9714
120 6100 7724 8720
120 6100 7804 8640
120 6120 7514 8910
120 6170 6384 9990
120 6170 7184 9190
120 6170 7900 8474
120 6224 6390 9930
120 6224 6608 9712
120 6224 7480 8840
120 6224 7680 8640
120 6384 7520 8640
120 6390 7120 9034
120 6390 7514 8640
120 6390 7680 8474
120 6390 7724 8430
120 6458 6490 9596
120 6458 7796 8290
120 6490 7708 8346
120 6490 7760 8294
120 6502 6730 9312
120 6502 7667 8375
120 6579 7200 8765
120 6579 7796 8169
120 6584 7040 8920
120 6584 7120 8840
120 6584 7360 8600
120 6584 7470 8490
120 6600 6956 8988
120 6600 7331 8613
120 6600 7470 8474
120 6600 7514 8430
120 6600 7680 8264
120 6728 7470 8346
120 6730 7384 8430
120 6730 7479 8335
120 6730 7514 8300
120 6730 7520 8294
120 6740 7514 8290
120 6740 7667 8137
120 6745 7424 8375
120 6794 7000 8750
120 6794 7110 8640
120 6794 7167 8583
120 6800 7120 8624
120 6800 7480 8264
120 6849 7360 8335
120 6956 7451 8137
120 6980 7760 7804
120 6995 7680 7869
120 7000 7424 8120
120 7040 7384 8120
120 7040 7708 7796
120 7044 7200 8300
120 7044 7331 8169
120 7110 7451 7983
120 7360 7424 7760
120 7384 7480 7680
129 3036 9649 9850
129 3200 9395 9940
129 3758 9128 9649
129 3950 9190 9395
129 3969 8918 9648
129 3969 9256 9310
129 4135 8470 9930
129 4135 8720 9680
129 4191 9034 9310
129 4272 8583 9680
129 4292 8594 9649
129 4311 8294 9930
129 4311 9034 9190
129 4331 8264 9940
129 4331 8490 9714
129 4412 8474 9649
129 4440 8166 9929
129 4500 8640 9395
129 4595 8640 9300
129 4595 8750 9190
129 4604 8335 9596
129 4720 8166 9649
129 4807 8600 9128
129 4970 8375 9190
129 5000 7685 9850
129 5173 8490 8872
129 5208 7932 9395
129 5208 8137 9190
129 5315 7370 9850
129 5315 7760 9460
129 5315 8300 8920
129 5315 8470 8750
129 5408 7479 9648
129 5408 7667 9460
129 5455 7685 9395
129 5560 7685 9290
129 5560 8335 8640
129 5560 8375 8600
129 5632 7869 9034
129 5632 7983 8920
129 5632 8290 8613
129 5637 7184 9714
129 5637 7708 9190
129 5736 6869 9930
129 5762 7061 9712
129 5785 8137 8613
129 5785 8276 8474
129 5834 7105 9596
129 5834 7667 9034
129 5859 7184 9492
129 5859 7804 8872
129 5900 8300 8335
129 5972 6849 9714
129 6020 7120 9395
129 6020 7932 8583
129 6020 8169 8346
129 6100 7040 9395
129 6100 7685 8750
129 6120 7105 9310
129 6170 7331 9034
129 6384 6502 9649
129 6390 7869 8276
129 6458 6682 9395
129 6458 7167 8910
129 6490 6745 9300
129 6490 7451 8594
129 6522 7667 8346
129 6579 7680 8276
129 6600 6745 9190
129 6728 7167 8640
129 6730 7040 8765
129 6730 7331 8474
129 6730 7470 8335
129 6730 7685 8120
129 6745 7040 8750
129 6745 7360 8430
129 6745 7514 8276
129 6794 6869 8872
129 6794 7451 8290
129 6800 7360 8375
129 6849 7520 8166
129 6869 7331 8335
129 6956 7105 8474
129 6995 7110 8430
129 7000 7061 8474
129 7000 7105 8430
129 7000 7200 8335
129 7040 7120 8375
129 7044 7061 8430
129 7061 7184 8290
129 7184 7451 7900
129 7331 7480 7724
129 7360 7451 7724
129 7370 7480 7685
152 2924 9648 9940
152 3080 9492 9940
152 3270 9312 9930
152 3308 9492 9712
152 3520 9312 9680
152 3626 9290 9596
152 3814 9190 9508
152 3969 8613 9930
152 4088 9168 9256
152 4100 8920 9492
152 4112 8470 9930
152 4112 8720 9680
152 4196 8720 9596
152 4272 8300 9940
152 4292 8290 9930
152 4292 8624 9596
152 4292 8910 9310
152 4292 8920 9300
152 4412 8640 9460
152 4412 8910 9190
152 4500 8300 9712
152 4563 8300 9649
152 4604 8920 8988
152 4656 8600 9256
152 4720 8300 9492
152 4720 8624 9168
152 4720 8872 8920
152 4730 7932 9850
152 4730 8290 9492
152 4730 8470 9312
152 4730 8872 8910
152 4776 7796 9940
152 4776 8276 9460
152 4970 8624 8918
152 5000 8594 8918
152 5000 8640 8872
152 5052 7470 9990
152 5052 7520 9940
152 5208 7708 9596
152 5208 7796 9508
152 5408 7424 9680
152 5408 7804 9300
152 5408 8264 8840
152 5455 8137 8920
152 5455 8474 8583
152 5597 7520 9395
152 5632 7200 9680
152 5637 7480 9395
152 5637 7685 9190
152 5694 7900 8918
152 5736 7520 9256
152 5736 8346 8430
152 5752 7470 9290
152 5752 8120 8640
152 5752 8166 8594
152 5752 8290 8470
152 5762 8137 8613
152 5762 8276 8474
152 5834 7760 8918
152 5840 6682 9990
152 5840 7360 9312
152 5900 6682 9930
152 5900 7120 9492
152 5972 6600 9940
152 5972 7900 8640
152 5972 8264 8276
152 5976 7044 9492
152 6012 7040 9460
152 6012 7105 9395
152 6012 7200 9300
152 6012 7900 8600
152 6020 6502 9990
152 6020 7000 9492
152 6088 7514 8910
152 6100 7424 8988
152 6120 7520 8872
152 6170 7424 8918
152 6170 7470 8872
152 6224 6608 9680
152 6224 7120 9168
152 6224 7370 8918
152 6384 7000 9128
152 6458 7708 8346
152 6458 7760 8294
152 6502 7370 8640
152 6502 7520 8490
152 6522 6800 9190
152 6522 6956 9034
152 6522 7520 8470
152 6579 7061 8872
152 6579 7796 8137
152 6584 6800 9128
152 6600 7040 8872
152 6608 7184 8720
152 6682 7110 8720
152 6682 7360 8470
152 6728 7184 8600
152 6728 7520 8264
152 6730 6794 8988
152 6745 6849 8918
152 6745 7167 8600
152 6745 7184 8583
152 6794 6800 8918
152 6794 7105 8613
152 6794 7424 8294
152 6849 7680 7983
152 6956 7760 7796
152 7000 7708 7804
152 7044 7331 8137
152 7044 7708 7760
152 7061 7105 8346
152 7061 7331 8120
152 7105 7424 7983
152 7110 7470 7932
152 7331 7514 7667
202 2758 9714 9990
202 3036 9712 9714
202 3240 9508 9714
202 3300 9312 9850
202 3322 9290 9850
202 3322 9460 9680
202 3322 9492 9648
202 3556 9310 9596
202 3620 9128 9714
202 3644 9310 9508
202 3786 9168 9508
202 3904 8910 9648
202 3950 8583 9929
202 4135 8613 9714
202 4196 8276 9990
202 4233 8300 9929
202 4272 8594 9596
202 4292 8490 9680
202 4400 8750 9312
202 4400 8872 9190
202 4412 8120 9930
202 4412 8750 9300
202 4440 8988 9034
202 4500 8470 9492
202 4595 8375 9492
202 4656 8346 9460
202 4720 8430 9312
202 4776 8430 9256
202 4919 8375 9168
202 5000 8294 9168
202 5000 8474 8988
202 5052 7470 9940
202 5052 7480 9930
202 5052 8120 9290
202 5052 8490 8920
202 5173 7360 9929
202 5408 8430 8624
202 5560 8137 8765
202 5597 7470 9395
202 5597 8375 8490
202 5632 6980 9850
202 5632 7370 9460
202 5632 7520 9310
202 5632 7796 9034
202 5637 8335 8490
202 5694 7120 9648
202 5694 8294 8474
202 5736 7331 9395
202 5736 7470 9256
202 5752 7061 9649
202 5752 7520 9190
202 5752 8335 8375
202 5834 6980 9648
202 5834 7120 9508
202 5834 7708 8920
202 5840 6682 9940
202 5840 8276 8346
202 5859 7685 8918
202 5900 7167 9395
202 5972 7200 9290
202 6012 6600 9850
202 6012 7685 8765
202 6020 6502 9940
202 6020 6728 9714
202 6020 6730 9712
202 6020 6794 9648
202 6020 8166 8276
202 6088 6384 9990
202 6088 7184 9190
202 6088 7900 8474
202 6100 6682 9680
202 6100 7932 8430
202 6120 7424 8918
202 6120 7470 8872
202 6170 6800 9492
202 6170 6980 9312
202 6224 6730 9508
202 6224 7110 9128
202 6384 7044 9034
202 6390 7200 8872
202 6390 7796 8276
202 6458 7514 8490
202 6490 6682 9290
202 6490 7708 8264
202 6502 7040 8920
202 6502 7120 8840
202 6502 7360 8600
202 6502 7470 8490
202 6522 7470 8470
202 6579 6849 9034
202 6579 7900 7983
202 6608 7384 8470
202 6608 7424 8430
202 6608 7479 8375
202 6608 7685 8169
202 6682 7167 8613
202 6682 7480 8300
202 6728 7110 8624
202 6728 7470 8264
202 6794 7044 8624
202 6794 7685 7983
202 6849 7000 8613
202 6869 6980 8613
202 6869 7424 8169
202 6869 7724 7869
202 6995 7167 8300
202 7000 7479 7983
202 7110 7667 7685
202 7331 7451 7680
202 7370 7384 7708
242 2924 9508 9990
242 2924 9648 9850
242 3080 9492 9850
242 3142 9290 9990
242 3200 9508 9714
242 3520 9190 9712
242 3620 8872 9930
242 3620 9310 9492
242 3728 8765 9929
242 3786 8988 9648
242 3786 9128 9508
242 3800 8910 9712
242 3800 9310 9312
242 3820 9290 9312
242 4088 9034 9300
242 4191 8583 9648
242 4272 8300 9850
242 4272 8470 9680
242 4272 8840 9310
242 4292 8840 9290
242 4331 8583 9508
242 4400 8988 9034
242 4412 8720 9290
242 4440 8474 9508
242 4440 8490 9492
242 4500 7932 9990
242 4500 8430 9492
242 4563 7869 9990
242 4595 8335 9492
242 4604 8169 9649
242 4636 7796 9990
242 4636 8137 9649
242 4636 8294 9492
242 4636 8474 9312
242 4776 7796 9850
242 4776 7932 9714
242 4776 8346 9300
242 4780 8474 9168
242 4807 7685 9930
242 4919 8335 9168
242 4919 8375 9128
242 4919 8583 8920
242 4960 8294 9168
242 4960 8474 8988
242 4970 7804 9648
242 5000 7708 9714
242 5000 8166 9256
242 5000 8294 9128
242 5052 7520 9850
242 5208 8294 8920
242 5315 7167 9940
242 5408 7724 9290
242 5408 8264 8750
242 5408 8294 8720
242 5455 7667 9300
242 5560 7370 9492
242 5597 8335 8490
242 5632 6800 9990
242 5632 7110 9680
242 5632 7480 9310
242 5632 8166 8624
242 5632 8300 8490
242 5637 7105 9680
242 5752 6730 9940
242 5752 6740 9930
242 5752 6956 9714
242 5752 7360 9310
242 5752 7370 9300
242 5752 7480 9190
242 5752 7760 8910
242 5762 6730 9930
242 5762 6980 9680
242 5762 7200 9460
242 5762 7360 9300
242 5762 7370 9290
242 5762 7470 9190
242 5859 6849 9714
242 5972 6600 9850
242 5972 7685 8765
242 6012 6730 9680
242 6012 7110 9300
242 6012 7120 9290
242 6012 8120 8290
242 6020 7932 8470
242 6088 7044 9290
242 6088 7424 8910
242 6100 6608 9714
242 6120 6794 9508
242 6120 7384 8918
242 6120 7708 8594
242 6224 7708 8490
242 6224 7724 8474
242 6384 6390 9648
242 6384 6728 9310
242 6384 7120 8918
242 6384 7869 8169
242 6390 7044 8988
242 6458 7044 8920
242 6458 7370 8594
242 6490 7167 8765
242 6502 6608 9312
242 6502 6730 9190
242 6502 7000 8920
242 6502 7200 8720
242 6522 6600 9300
242 6522 6980 8920
242 6522 7470 8430
242 6600 7685 8137
242 6608 7384 8430
242 6608 7479 8335
242 6608 7514 8300
242 6608 7520 8294
242 6730 7760 7932
242 6745 7331 8346
242 6869 7384 8169
242 6956 7120 8346
242 6995 7667 7760
242 7120 7370 7932
242 7167 7451 7804
242 7184 7514 7724
242 7200 7514 7708
242 7331 7424 7667
256 2628 9850 9930
256 3080 9648 9680
256 3300 9168 9940
256 3300 9460 9648
256 3384 9034 9990
256 3384 9310 9714
256 3384 9312 9712
256 3556 9256 9596
256 3626 9290 9492
256 3644 9168 9596
256 3644 9256 9508
256 3728 8750 9930
256 3758 8720 9930
256 3758 9190 9460
256 3786 8910 9712
256 3786 9310 9312
256 3820 9128 9460
256 3950 9168 9290
256 4088 8470 9850
256 4088 8640 9680
256 4100 8594 9714
256 4112 9128 9168
256 4135 8624 9649
256 4135 8765 9508
256 4196 8720 9492
256 4292 8624 9492
256 4292 8988 9128
256 4331 8137 9940
256 4331 8765 9312
256 4400 8294 9714
256 4400 8613 9395
256 4400 8840 9168
256 4440 8840 9128
256 4500 8920 8988
256 4636 8264 9508
256 4656 8624 9128
256 4776 7983 9649
256 4780 8120 9508
256 4780 8594 9034
256 4780 8640 8988
256 4807 8613 8988
256 4970 7724 9714
256 5000 7479 9929
256 5000 7760 9648
256 5000 7900 9508
256 5000 8490 8918
256 5052 7708 9648
256 5052 7760 9596
256 5052 8166 9190
256 5173 8470 8765
256 5208 7520 9680
256 5208 7708 9492
256 5208 7900 9300
256 5208 8166 9034
256 5208 8290 8910
256 5560 7200 9648
256 5560 7680 9168
256 5632 7520 9256
256 5632 8346 8430
256 5694 7000 9714
256 5694 7424 9290
256 5694 7680 9034
256 5694 7796 8918
256 5694 7804 8910
256 5694 8120 8594
256 5736 6682 9990
256 5736 7360 9312
256 5752 8166 8490
256 5762 8300 8346
256 5785 7983 8640
256 5834 6584 9990
256 5834 7384 9190
256 5859 6869 9680
256 5900 6579 9929
256 5900 6794 9714
256 5900 7000 9508
256 5900 7520 8988
256 5972 7796 8640
256 5976 6502 9930
256 5976 7120 9312
256 5976 7514 8918
256 5976 7667 8765
256 6012 6682 9714
256 6012 6800 9596
256 6012 7796 8600
256 6012 8120 8276
256 6020 6458 9930
256 6020 6740 9648
256 6020 7470 8918
256 6088 6390 9930
256 6088 6608 9712
256 6088 7480 8840
256 6088 7680 8640
256 6100 6458 9850
256 6100 6800 9508
256 6100 7708 8600
256 6120 6608 9680
256 6120 7120 9168
256 6120 7370 8918
256 6170 6730 9508
256 6170 7110 9128
256 6384 7184 8840
256 6384 7384 8640
256 6384 7424 8600
256 6384 7724 8300
256 6384 7760 8264
256 6390 6728 9290
256 6390 7424 8594
256 6390 7724 8294
256 6458 6490 9460
256 6458 7040 8910
256 6458 7110 8840
256 6458 7200 8750
256 6458 7480 8470
256 6458 7520 8430
256 6490 6608 9310
256 6490 6728 9190
256 6490 7000 8918
256 6584 7184 8640
256 6584 7200 8624
256 6600 7184 8624
256 6600 7514 8294
256 6608 7200 8600
256 6608 7370 8430
256 6608 7680 8120
256 6728 7040 8640
256 6728 7514 8166
256 6730 7384 8294
256 6740 7044 8624
256 6740 7685 7983
256 6745 7680 7983
256 6794 6849 8765
256 6794 7184 8430
256 6800 6995 8613
256 6800 7708 7900
256 6849 7184 8375
256 6869 6956 8583
256 6869 7370 8169
256 6956 7520 7932
256 7061 7667 7680
256 7424 7470 7514
260 2625 9850 9929
260 3080 9395 9929
260 3200 9492 9712
260 3300 9508 9596
260 3360 9395 9649
260 3520 9034 9850
260 3556 8918 9930
260 3556 9168 9680
260 3644 8910 9850
260 3644 9300 9460
260 3728 9168 9508
260 3814 8600 9990
260 3814 8910 9680
260 3814 9290 9300
260 3820 8594 9990
260 3820 8872 9712
260 3820 8988 9596
260 3904 9190 9310
260 4088 8720 9596
260 4100 8375 9929
260 4100 8624 9680
260 4196 8918 9290
260 4225 8583 9596
260 4272 8624 9508
260 4272 8640 9492
260 4331 8613 9460
260 4400 8290 9714
260 4500 8594 9310
260 4595 7869 9940
260 4604 8120 9680
260 4604 8490 9310
260 4636 8120 9648
260 4636 8276 9492
260 4636 8600 9168
260 4636 8640 9128
260 4730 8166 9508
260 4730 8640 9034
260 4776 8120 9508
260 4776 8594 9034
260 4776 8640 8988
260 4807 7667 9930
260 4807 8137 9460
260 4919 8613 8872
260 4919 8720 8765
260 4960 7514 9930
260 4960 7796 9648
260 4960 8276 9168
260 4970 8594 8840
260 5000 7724 9680
260 5000 8276 9128
260 5208 8276 8920
260 5208 8583 8613
260 5315 8169 8920
260 5408 8276 8720
260 5560 7384 9460
260 5632 7900 8872
260 5632 7932 8840
260 5694 7061 9649
260 5694 7520 9190
260 5694 8335 8375
260 5736 6728 9940
260 5736 6956 9712
260 5736 7680 8988
260 5736 7796 8872
260 5752 7932 8720
260 5762 7514 9128
260 5762 7724 8918
260 5785 7451 9168
260 5785 7869 8750
260 5834 7110 9460
260 5834 8276 8294
260 5840 7724 8840
260 5840 8264 8300
260 5859 7932 8613
260 5900 7044 9460
260 5900 7470 9034
260 5900 8169 8335
260 5972 6502 9930
260 5972 7120 9312
260 5972 7514 8918
260 5972 7667 8765
260 5976 7708 8720
260 5976 7804 8624
260 6012 7520 8872
260 6020 7760 8624
260 6020 8120 8264
260 6100 7384 8920
260 6100 7680 8624
260 6170 6384 9850
260 6170 6522 9712
260 6170 7044 9190
260 6170 7200 9034
260 6170 7514 8720
260 6170 7760 8474
260 6170 7804 8430
260 6224 6584 9596
260 6384 6730 9290
260 6384 7110 8910
260 6384 7685 8335
260 6384 7900 8120
260 6390 6522 9492
260 6390 6980 9034
260 6390 7724 8290
260 6490 7331 8583
260 6490 7424 8490
260 6579 7105 8720
260 6579 7479 8346
260 6584 6980 8840
260 6584 7520 8300
260 6600 7514 8290
260 6600 7667 8137
260 6608 6956 8840
260 6608 7520 8276
260 6728 6956 8720
260 6730 7061 8613
260 6730 7184 8490
260 6730 7200 8474
260 6730 7384 8290
260 6740 7040 8624
260 6740 7370 8294
260 6794 7120 8490
260 6800 6980 8624
260 6869 7061 8474
260 6869 7105 8430
260 6869 7200 8335
260 6956 7184 8264
260 6995 7685 7724
260 7000 7110 8294
260 7000 7680 7724
260 7061 7360 7983
260 7120 7384 7900
260 7120 7480 7804
260 7184 7424 7796
260 7200 7480 7724
260 7370 7514 7520
276 3080 9596 9712
276 3136 9312 9940
276 3142 9256 9990
276 3200 9508 9680
276 3270 9128 9990
276 3280 9168 9940
276 3280 9460 9648
276 3300 9492 9596
276 3384 9290 9714
276 3620 8918 9850
276 3728 8720 9940
276 3728 9168 9492
276 3758 8640 9990
276 3758 8918 9712
276 3758 9034 9596
276 3786 9290 9312
276 3800 9128 9460
276 3820 8920 9648
276 3820 9256 9312
276 3950 9128 9310
276 3969 8490 9929
276 4088 8840 9460
276 4088 8988 9312
276 4100 8640 9648
276 4100 8988 9300
276 4112 8346 9930
276 4272 8624 9492
276 4272 8988 9128
276 4292 8166 9930
276 4292 8840 9256
276 4311 8137 9940
276 4311 8765 9312
276 4400 8276 9712
276 4412 8264 9712
276 4412 8720 9256
276 4440 8300 9648
276 4500 8720 9168
276 4563 8430 9395
276 4604 8276 9508
276 4604 8474 9310
276 4604 8594 9190
276 4604 8750 9034
276 4636 8624 9128
276 4720 8750 8918
276 4730 8166 9492
276 4730 8346 9312
276 4730 8490 9168
276 4730 8624 9034
276 4776 7900 9712
276 4776 7932 9680
276 4776 8120 9492
276 4776 8300 9312
276 4776 8624 8988
276 4807 7869 9712
276 4807 7932 9649
276 4919 7479 9990
276 4919 8169 9300
276 4960 8300 9128
276 4970 8290 9128
276 4970 8430 8988
276 5000 7708 9680
276 5000 8470 8918
276 5173 8375 8840
276 5208 8430 8750
276 5315 7424 9649
276 5315 8490 8583
276 5408 7040 9940
276 5408 7331 9649
276 5408 7384 9596
276 5408 7520 9460
276 5408 7680 9300
276 5408 7724 9256
276 5597 7331 9460
276 5597 7479 9312
276 5632 7044 9712
276 5637 7451 9300
276 5694 6980 9714
276 5694 7384 9310
276 5694 8264 8430
276 5736 7932 8720
276 5752 6956 9680
276 5752 7040 9596
276 5752 7796 8840
276 5752 8166 8470
276 5752 8290 8346
276 5762 7370 9256
276 5762 7708 8918
276 5785 7685 8918
276 5834 7520 9034
276 5834 7804 8750
276 5834 8264 8290
276 5840 6608 9940
276 5840 7040 9508
276 5840 7514 9034
276 5840 7708 8840
276 5859 6600 9929
276 5859 6849 9680
276 5900 6980 9508
276 5900 7360 9128
276 5972 6956 9460
276 5976 7424 8988
276 6012 6728 9648
276 6012 7120 9256
276 6020 7200 9168
276 6088 7000 9300
276 6088 7044 9256
276 6088 7110 9190
276 6100 6608 9680
276 6100 7120 9168
276 6100 7370 8918
276 6120 6956 9312
276 6120 7685 8583
276 6170 7184 9034
276 6224 7900 8264
276 6384 7514 8490
276 6390 6490 9508
276 6390 7708 8290
276 6458 6740 9190
276 6490 6608 9290
276 6490 6730 9168
276 6490 6980 8918
276 6490 7424 8474
276 6522 6956 8910
276 6522 7520 8346
276 6579 7044 8765
276 6584 7514 8290
276 6584 7667 8137
276 6600 6800 8988
276 6608 7167 8613
276 6608 7480 8300
276 6682 6956 8750
276 6682 7331 8375
276 6682 7360 8346
276 6728 6740 8920
276 6728 7360 8300
276 6728 7370 8290
276 6728 7384 8276
276 6728 7760 7900
276 6730 6740 8918
276 6730 7184 8474
276 6740 7384 8264
276 6740 7479 8169
276 6794 7000 8594
276 6794 7120 8474
276 6800 7451 8137
276 6849 6956 8583
276 6849 7370 8169
276 6869 7184 8335
276 6956 7708 7724
276 6995 7685 7708
276 7000 7680 7708
276 7040 7479 7869
276 7105 7479 7804
276 7184 7480 7724
276 7200 7384 7804
276 7200 7480 7708
286 2758 9680 9940
286 2848 9680 9850
286 3036 9492 9850
286 3136 9312 9930
286 3270 9168 9940
286 3270 9460 9648
286 3280 9168 9930
286 3322 9460 9596
286 3360 9168 9850
286 3520 8918 9940
286 3728 8720 9930
286 3728 9190 9460
286 3750 9168 9460
286 3758 9128 9492
286 3814 8624 9940
286 3820 8910 9648
286 3904 8624 9850
286 3950 8920 9508
286 3950 9128 9300
286 4088 8300 9990
286 4088 9034 9256
286 4100 8988 9290
286 4112 8276 9990
286 4135 8594 9649
286 4196 8470 9712
286 4196 8872 9310
286 4233 8750 9395
286 4272 8166 9940
286 4292 8490 9596
286 4292 8594 9492
286 4292 8918 9168
286 4311 8137 9930
286 4331 8335 9712
286 4400 8264 9714
286 4400 8470 9508
286 4400 8583 9395
286 4412 8474 9492
286 4440 8290 9648
286 4440 8430 9508
286 4500 8166 9712
286 4500 8750 9128
286 4563 8166 9649
286 4604 8474 9300
286 4636 8430 9312
286 4656 8594 9128
286 4720 8166 9492
286 4720 8346 9312
286 4720 8490 9168
286 4720 8624 9034
286 4730 7708 9940
286 4776 8290 9312
286 4776 8346 9256
286 4776 8474 9128
286 4780 8430 9168
286 4780 8470 9128
286 4807 8583 8988
286 4919 8169 9290
286 4960 8290 9128
286 4960 8430 8988
286 4970 7479 9929
286 4970 7760 9648
286 4970 7900 9508
286 4970 8490 8918
286 5000 7983 9395
286 5000 8613 8765
286 5408 6980 9990
286 5408 7040 9930
286 5408 7120 9850
286 5408 7680 9290
286 5408 8346 8624
286 5455 7667 9256
286 5560 7900 8918
286 5632 8276 8470
286 5637 7061 9680
286 5637 7451 9290
286 5637 7869 8872
286 5694 7384 9300
286 5736 7514 9128
286 5736 7724 8918
286 5752 7370 9256
286 5752 7708 8918
286 5762 7360 9256
286 5834 8169 8375
286 5840 6608 9930
286 5840 7370 9168
286 5859 6579 9940
286 5972 7932 8474
286 5976 7932 8470
286 6012 7110 9256
286 6020 7370 8988
286 6020 7983 8375
286 6088 6980 9310
286 6088 7000 9290
286 6088 7370 8920
286 6100 6682 9596
286 6100 7110 9168
286 6100 7360 8918
286 6100 7804 8474
286 6100 7932 8346
286 6170 7040 9168
286 6170 7932 8276
286 6224 7120 9034
286 6224 7514 8640
286 6224 7680 8474
286 6224 7724 8430
286 6384 6502 9492
286 6384 6682 9312
286 6384 7370 8624
286 6384 7520 8474
286 6390 7000 8988
286 6390 7514 8474
286 6390 7724 8264
286 6458 6608 9312
286 6458 6730 9190
286 6458 7000 8920
286 6458 7200 8720
286 6502 6956 8920
286 6522 6600 9256
286 6522 6728 9128
286 6579 7424 8375
286 6584 7044 8750
286 6584 7200 8594
286 6600 7184 8594
286 6600 7514 8264
286 6608 7424 8346
286 6608 7470 8300
286 6608 7480 8290
286 6682 7796 7900
286 6728 6730 8920
286 6728 6740 8910
286 6728 7360 8290
286 6728 7667 7983
286 6730 7384 8264
286 6730 7479 8169
286 6740 7044 8594
286 6794 7110 8474
286 6800 6995 8583
286 6849 7360 8169
286 6995 7451 7932
286 6995 7514 7869
286 7040 7044 8294
286 7167 7451 7760
286 7184 7470 7724
286 7184 7514 7680
286 7200 7470 7708
286 7384 7480 7514
300 2584 9850 9930
300 3036 9648 9680
300 3142 9508 9714
300 3308 9460 9596
300 3360 9290 9714
300 3384 9300 9680
300 3556 9128 9680
300 3556 9300 9508
300 3728 8988 9648
300 3728 9128 9508
300 3750 8624 9990
300 3800 8624 9940
300 3904 8470 9990
300 3950 8474 9940
300 3950 8765 9649
300 4088 8346 9930
300 4100 8335 9929
300 4135 8300 9929
300 4225 8490 9649
300 4272 8600 9492
300 4412 8640 9312
300 4412 8918 9034
300 4440 8276 9648
300 4440 8624 9300
300 4595 8120 9649
300 4604 8300 9460
300 4604 8470 9290
300 4604 8840 8920
300 4636 8600 9128
300 4656 8720 8988
300 4720 7932 9712
300 4730 8600 9034
300 4776 8276 9312
300 4776 8600 8988
300 4780 8294 9290
300 4919 7796 9649
300 4960 7724 9680
300 4960 8276 9128
300 4970 7680 9714
300 4970 8474 8920
300 5000 7424 9940
300 5000 7514 9850
300 5052 7804 9508
300 5173 7479 9712
300 5173 7796 9395
300 5208 7900 9256
300 5315 7120 9929
300 5408 7360 9596
300 5455 6980 9929
300 5455 7514 9395
300 5560 7514 9290
300 5560 7932 8872
300 5694 6730 9940
300 5694 6740 9930
300 5694 6956 9714
300 5694 7360 9310
300 5694 7370 9300
300 5694 7480 9190
300 5694 7760 8910
300 5736 6980 9648
300 5736 7120 9508
300 5736 7708 8920
300 5752 6682 9930
300 5752 7120 9492
300 5762 7110 9492
300 5785 7184 9395
300 5785 7451 9128
300 5834 6600 9930
300 5840 6584 9940
300 5840 7804 8720
300 5840 7900 8624
300 5859 7110 9395
300 5900 6956 9508
300 5972 7520 8872
300 5976 6458 9930
300 5976 6740 9648
300 5976 7470 8918
300 6012 6502 9850
300 6012 7040 9312
300 6012 7184 9168
300 6012 7480 8872
300 6020 7044 9300
300 6020 7424 8920
300 6100 6584 9680
300 6100 6869 9395
300 6100 7424 8840
300 6100 7514 8750
300 6120 6849 9395
300 6120 7479 8765
300 6120 7869 8375
300 6170 7724 8470
300 6170 7900 8294
300 6224 6745 9395
300 6384 7680 8300
300 6390 6579 9395
300 6390 7680 8294
300 6490 6584 9290
300 6490 6956 8918
300 6490 7384 8490
300 6490 7708 8166
300 6584 7167 8613
300 6584 7480 8300
300 6600 6730 9034
300 6600 7044 8720
300 6600 7470 8294
300 6608 7480 8276
300 6728 7360 8276
300 6728 7470 8166
300 6730 6794 8840
300 6730 6869 8765
300 6730 7040 8594
300 6730 7370 8264
300 6730 7514 8120
300 6740 7000 8624
300 6740 7360 8264
300 6740 7724 7900
300 6745 6869 8750
300 6745 6995 8624
300 6800 7760 7804
300 6869 7120 8375
300 6980 7120 8264
300 6995 7105 8264
300 6995 7200 8169
300 7040 7424 7900
300 7040 7520 7804
300 7044 7200 8120
300 7044 7451 7869
300 7120 7520 7724
300 7184 7384 7796
300 7200 7360 7804
300 7200 7479 7685
300 7370 7480 7514
317 2758 9649 9940
317 2848 9649 9850
317 3240 9395 9712
317 3384 9034 9929
317 3969 8918 9460
317 4031 8720 9596
317 4112 8840 9395
317 4135 8720 9492
317 4191 8166 9990
317 4191 8988 9168
317 4225 8474 9648
317 4233 8264 9850
317 4272 8583 9492
317 4272 8765 9310
317 4292 8375 9680
317 4292 8765 9290
317 4331 8166 9850
317 4563 8276 9508
317 4563 8474 9310
317 4563 8594 9190
317 4563 8750 9034
317 4595 8624 9128
317 4636 8583 9128
317 4730 8583 9034
317 4776 8583 8988
317 4919 8300 9128
317 4970 7869 9508
317 5000 7667 9680
317 5052 7900 9395
317 5052 7983 9312
317 5052 8375 8920
317 5173 7184 9990
317 5173 8264 8910
317 5315 7384 9648
317 5408 7479 9460
317 5455 7384 9508
317 5455 7724 9168
317 5560 7869 8918
317 5597 8137 8613
317 5597 8276 8474
317 5637 7061 9649
317 5637 7520 9190
317 5637 8335 8375
317 5736 6682 9929
317 5736 8137 8474
317 5736 8276 8335
317 5752 6745 9850
317 5752 7200 9395
317 5752 7685 8910
317 5762 7667 8918
317 5785 7167 9395
317 5834 6584 9929
317 5834 7479 9034
317 5834 7900 8613
317 5840 7667 8840
317 5859 6980 9508
317 5859 7360 9128
317 5972 6980 9395
317 5976 7061 9310
317 5976 7451 8920
317 6012 7167 9168
317 6012 8166 8169
317 6088 6579 9680
317 6088 7983 8276
317 6100 7983 8264
317 6120 6579 9648
317 6224 6728 9395
317 6224 6995 9128
317 6390 7667 8290
317 6458 6579 9310
317 6458 7514 8375
317 6490 6869 8988
317 6502 7470 8375
317 6502 7708 8137
317 6522 7105 8720
317 6522 7479 8346
317 6579 6600 9168
317 6682 6745 8920
317 6682 7796 7869
317 6728 6869 8750
317 6728 6995 8624
317 6730 6745 8872
317 6730 7451 8166
317 6730 7480 8137
317 6730 7685 7932
317 6740 7331 8276
317 6740 7470 8137
317 6794 7384 8169
317 6869 7184 8294
317 6956 7667 7724
317 6980 7384 7983
317 6995 7667 7685
317 7000 7667 7680
317 7061 7120 8166
317 7167 7384 7796
317 7200 7480 7667
341 2793 9680 9850
341 2995 9648 9680
341 3280 9395 9648
341 3360 9034 9929
341 3384 9290 9649
341 3644 8750 9929
341 3750 8583 9990
341 3800 8583 9940
341 3800 8594 9929
341 3800 9128 9395
341 3904 8490 9929
341 3969 8640 9714
341 4088 8840 9395
341 4100 8294 9929
341 4135 8474 9714
341 4191 8624 9508
341 4191 8640 9492
341 4196 8137 9990
341 4225 8169 9929
341 4311 8300 9712
341 4400 7983 9940
341 4400 8613 9310
341 4440 8169 9714
341 4440 8375 9508
341 4440 8583 9300
341 4563 8300 9460
341 4563 8470 9290
341 4563 8840 8920
341 4595 8600 9128
341 4604 7869 9850
341 4636 8375 9312
341 4780 8375 9168
341 4807 7804 9712
341 4919 7724 9680
341 4919 8276 9128
341 4960 8375 8988
341 4960 8613 8750
341 4970 7424 9929
341 5000 8335 8988
341 5052 7331 9940
341 5173 7470 9680
341 5173 8430 8720
341 5315 7360 9648
341 5315 7708 9300
341 5408 7520 9395
341 5455 7360 9508
341 5560 7167 9596
341 5560 7451 9312
341 5560 8169 8594
341 5597 7331 9395
341 5597 7470 9256
341 5694 6980 9649
341 5694 8294 8335
341 5736 7331 9256
341 5736 7667 8920
341 5762 6849 9712
341 5762 7796 8765
341 5785 6608 9930
341 5785 7370 9168
341 5834 7724 8765
341 5840 7900 8583
341 5840 8137 8346
341 5859 6956 9508
341 5900 7167 9256
341 5972 6956 9395
341 5972 7061 9290
341 5972 7479 8872
341 6020 8137 8166
341 6088 7470 8765
341 6088 7900 8335
341 6120 7331 8872
341 6170 6224 9929
341 6224 7724 8375
341 6390 7061 8872
341 6390 7796 8137
341 6490 7667 8166
341 6502 7331 8490
341 6522 7331 8470
341 6522 7869 7932
341 6579 7120 8624
341 6579 7480 8264
341 6600 7110 8613
341 6608 6995 8720
341 6608 7451 8264
341 6682 7167 8474
341 6728 6995 8600
341 6728 7105 8490
341 6728 7331 8264
341 6730 6980 8613
341 6730 7424 8169
341 6730 7724 7869
341 6740 7000 8583
341 6745 6995 8583
341 6794 7360 8169
341 6849 7000 8474
341 6849 7044 8430
341 6849 7184 8290
341 6869 6980 8474
341 6956 7384 7983
341 6980 7360 7983
341 7040 7479 7804
341 7044 7110 8169
341 7120 7479 7724
341 7167 7360 7796
386 2639 9649 9990
386 2692 9596 9990
386 2920 9508 9850
386 3036 9312 9930
386 3300 8988 9990
386 3300 9128 9850
386 3308 9256 9714
386 3308 9290 9680
386 3360 8988 9930
386 3556 8872 9850
386 3644 8920 9714
386 3758 8840 9680
386 3758 8872 9648
386 3800 9168 9310
386 3814 8474 9990
386 3814 8750 9714
386 3820 9168 9290
386 4088 8594 9596
386 4100 8988 9190
386 4112 8910 9256
386 4191 8375 9712
386 4272 8294 9712
386 4272 8750 9256
386 4400 8166 9712
386 4400 8750 9128
386 4440 8346 9492
386 4440 8918 8920
386 4595 8765 8918
386 4604 8166 9508
386 4604 8640 9034
386 4636 8474 9168
386 4656 8750 8872
386 4720 7708 9850
386 4720 8430 9128
386 4720 8640 8918
386 4730 7900 9648
386 4919 8169 9190
386 4919 8594 8765
386 5000 8290 8988
386 5052 7514 9712
386 5208 7760 9310
386 5208 8430 8640
386 5208 8470 8600
386 5408 7680 9190
386 5408 8120 8750
386 5408 8276 8594
386 5455 7331 9492
386 5455 7983 8840
386 5560 6728 9990
386 5597 8335 8346
386 5632 8300 8346
386 5637 7331 9310
386 5637 7451 9190
386 5694 8290 8294
386 5752 7932 8594
386 5762 7796 8720
386 5785 7869 8624
386 5834 6730 9714
386 5834 7724 8720
386 5834 7804 8640
386 5840 7520 8918
386 5859 6490 9929
386 5900 6730 9648
386 5972 8137 8169
386 5976 6794 9508
386 5976 7384 8918
386 5976 7708 8594
386 6012 6956 9310
386 6012 7796 8470
386 6088 6682 9508
386 6088 6730 9460
386 6088 7000 9190
386 6088 7470 8720
386 6088 7760 8430
386 6088 7900 8290
386 6100 7708 8470
386 6170 6600 9508
386 6170 6980 9128
386 6170 7120 8988
386 6170 7514 8594
386 6224 6458 9596
386 6224 7708 8346
386 6224 7760 8294
386 6384 6584 9310
386 6384 7424 8470
386 6458 6980 8840
386 6458 7520 8300
386 6490 6800 8988
386 6502 6608 9168
386 6522 7480 8276
386 6579 7105 8594
386 6600 7384 8294
386 6608 6682 8988
386 6608 7200 8470
386 6608 7370 8300
386 6682 6956 8640
386 6728 6800 8750
386 6728 6956 8594
386 6728 7120 8430
386 6728 7384 8166
386 6794 7184 8300
386 6794 7680 7804
386 6794 7724 7760
386 6800 7184 8294
386 6869 7685 7724
386 6995 7479 7804
386 7040 7514 7724
386 7184 7370 7724
386 7200 7370 7708
386 7384 7424 7470
390 2570 9714 9990
390 2620 9714 9940
390 2664 9680 9930
390 2848 9712 9714
390 3270 9290 9714
390 3300 9034 9940
390 3322 9460 9492
390 3644 8640 9990
390 3644 8918 9712
390 3644 9034 9596
390 3728 9256 9290
390 3750 8594 9930
390 3758 8920 9596
390 3786 8840 9648
390 3800 8624 9850
390 3814 8470 9990
390 3904 8430 9940
390 3904 8910 9460
390 3950 8474 9850
390 3950 9034 9290
390 3969 8375 9930
390 3969 8910 9395
390 4031 8594 9649
390 4088 8474 9712
390 4100 8918 9256
390 4112 8872 9290
390 4112 9034 9128
390 4135 8490 9649
390 4196 8430 9648
390 4196 8910 9168
390 4225 8120 9929
390 4225 8335 9714
390 4272 8290 9712
390 4292 8474 9508
390 4292 8490 9492
390 4331 8294 9649
390 4400 8840 9034
390 4412 7932 9930
390 4440 8120 9714
390 4500 8474 9300
390 4563 8583 9128
390 4604 7680 9990
390 4604 8750 8920
390 4636 7708 9930
390 4636 8470 9168
390 4636 8720 8918
390 4656 8490 9128
390 4720 8264 9290
390 4730 8624 8920
390 4960 7384 9930
390 4960 8474 8840
390 4960 8594 8720
390 4970 7708 9596
390 4970 7796 9508
390 5000 7424 9850
390 5052 7932 9290
390 5208 7470 9596
390 5208 8346 8720
390 5315 7451 9508
390 5315 8335 8624
390 5315 8346 8613
390 5455 7105 9714
390 5455 7424 9395
390 5560 7000 9714
390 5560 7424 9290
390 5560 7680 9034
390 5560 7796 8918
390 5560 7804 8910
390 5560 8120 8594
390 5632 7514 9128
390 5632 7724 8918
390 5694 6730 9850
390 5694 7120 9460
390 5694 7708 8872
390 5736 6608 9930
390 5736 7370 9168
390 5762 6522 9990
390 5762 6800 9712
390 5762 7200 9312
390 5762 7384 9128
390 5762 8137 8375
390 5762 8166 8346
390 5785 7724 8765
390 5834 6728 9712
390 5834 6980 9460
390 5834 7184 9256
390 5834 7520 8920
390 5840 6584 9850
390 5840 7514 8920
390 5859 7105 9310
390 5900 6384 9990
390 5900 7184 9190
390 5900 7900 8474
390 5972 6794 9508
390 5972 7384 8918
390 5972 7708 8594
390 5976 6584 9714
390 5976 7685 8613
390 6020 6794 9460
390 6100 6682 9492
390 6100 7424 8750
390 6120 6224 9930
390 6120 7120 9034
390 6120 7514 8640
390 6120 7680 8474
390 6120 7724 8430
390 6170 6390 9714
390 6170 6794 9310
390 6170 7184 8920
390 6170 7384 8720
390 6170 7480 8624
390 6170 7804 8300
390 6224 6740 9310
390 6224 6794 9256
390 6224 7760 8290
390 6384 6600 9290
390 6384 6980 8910
390 6384 7724 8166
390 6390 6584 9300
390 6390 7044 8840
390 6458 7470 8346
390 6490 7184 8600
390 6490 7520 8264
390 6522 6584 9168
390 6579 7360 8335
390 6584 7200 8490
390 6600 7061 8613
390 6600 7184 8490
390 6600 7200 8474
390 6600 7384 8290
390 6608 6794 8872
390 6608 7331 8335
390 6728 7200 8346
390 6730 6794 8750
390 6730 7424 8120
390 6740 7044 8490
390 6745 7360 8169
390 6794 7105 8375
390 6794 7360 8120
390 6800 7000 8474
390 6800 7044 8430
390 6800 7184 8290
390 6849 6995 8430
390 6869 7105 8300
390 6956 7514 7804
390 6980 7000 8294
390 6995 7110 8169
390 7000 7105 8169
390 7000 7470 7804
390 7000 7514 7760
390 7044 7061 8169
390 7044 7110 8120
390 7044 7470 7760
390 7110 7360 7804
390 7110 7479 7685
390 7370 7384 7520
390 7370 7424 7480
406 2389 9929 9940
406 2620 9648 9990
406 2638 9680 9940
406 3036 9508 9714
406 3200 9128 9930
406 3240 9168 9850
406 3280 8988 9990
406 3280 9128 9850
406 3300 9310 9648
406 3322 9256 9680
406 3556 8988 9714
406 3626 8918 9714
406 3626 8920 9712
406 3644 8624 9990
406 3728 8600 9930
406 3758 9190 9310
406 3800 9168 9290
406 3814 8594 9850
406 3820 9128 9310
406 3904 8640 9714
406 3950 8594 9714
406 3969 8640 9649
406 4088 8490 9680
406 4135 8474 9649
406 4191 8137 9930
406 4196 8750 9312
406 4196 8872 9190
406 4292 8474 9492
406 4412 8166 9680
406 4440 8169 9649
406 4500 8840 8918
406 4563 7983 9712
406 4563 8300 9395
406 4595 7983 9680
406 4604 7724 9930
406 4604 7804 9850
406 4636 8750 8872
406 4656 8290 9312
406 4656 8346 9256
406 4656 8474 9128
406 4730 7932 9596
406 4780 8166 9312
406 4780 8490 8988
406 4960 8264 9034
406 4970 7796 9492
406 4970 8120 9168
406 4970 8300 8988
406 5173 8335 8750
406 5208 7110 9940
406 5208 7120 9930
406 5208 7200 9850
406 5208 7370 9680
406 5208 7760 9290
406 5208 8300 8750
406 5315 7451 9492
406 5408 7000 9850
406 5408 7932 8918
406 5632 7370 9256
406 5632 7708 8918
406 5637 7331 9290
406 5694 7724 8840
406 5694 8264 8300
406 5752 6794 9712
406 5762 7184 9312
406 5785 7708 8765
406 5785 7983 8490
406 5834 7514 8910
406 5840 7384 9034
406 5859 7479 8920
406 5900 7370 8988
406 5900 7983 8375
406 5972 6794 9492
406 5972 7796 8490
406 5972 8120 8166
406 6012 6956 9290
406 6012 7900 8346
406 6020 6730 9508
406 6020 7110 9128
406 6088 6458 9712
406 6088 6490 9680
406 6088 6522 9648
406 6088 6980 9190
406 6088 7680 8490
406 6120 6458 9680
406 6120 6490 9648
406 6120 7514 8624
406 6120 7708 8430
406 6224 7000 9034
406 6224 7451 8583
406 6384 6584 9290
406 6384 6956 8918
406 6384 7384 8490
406 6384 7708 8166
406 6390 6740 9128
406 6458 6490 9310
406 6458 7200 8600
406 6458 7370 8430
406 6458 7680 8120
406 6490 6600 9168
406 6502 7480 8276
406 6522 6608 9128
406 6522 7804 7932
406 6584 7061 8613
406 6584 7184 8490
406 6584 7200 8474
406 6584 7384 8290
406 6600 6740 8918
406 6600 7184 8474
406 6608 6730 8920
406 6608 6740 8910
406 6608 7360 8290
406 6608 7667 7983
406 6728 7040 8490
406 6728 7184 8346
406 6730 7724 7804
406 6740 7044 8474
406 6745 7167 8346
406 6794 7200 8264
406 6849 7685 7724
406 6869 7520 7869
406 6956 7370 7932
406 6995 7331 7932
406 7110 7424 7724
406 7167 7331 7760
406 7167 7424 7667
406 7360 7384 7514
419 2625 9680 9940
419 2920 9395 9930
419 2995 9310 9940
419 3136 9395 9714
419 3136 9460 9649
419 3800 8765 9680
419 3950 8583 9712
419 3969 8346 9930
419 4100 8750 9395
419 4135 8120 9990
419 4135 8430 9680
419 4135 8920 9190
419 4191 8594 9460
419 4196 8120 9929
419 4196 8335 9714
419 4225 8720 9300
419 4233 8300 9712
419 4272 7983 9990
419 4311 8474 9460
419 4311 8624 9310
419 4331 8624 9290
419 4412 7983 9850
419 4636 7680 9929
419 4720 8335 9190
419 4730 8120 9395
419 4730 8750 8765
419 4776 7479 9990
419 4776 8169 9300
419 4780 7869 9596
419 4807 7724 9714
419 4960 8375 8910
419 5000 8335 8910
419 5052 7479 9714
419 5052 7685 9508
419 5173 7360 9712
419 5173 7424 9648
419 5173 7760 9312
419 5208 7869 9168
419 5315 7000 9930
419 5315 7470 9460
419 5315 8290 8640
419 5455 6800 9990
419 5455 7110 9680
419 5455 7480 9310
419 5455 8166 8624
419 5455 8300 8490
419 5560 6745 9940
419 5597 7000 9648
419 5597 7480 9168
419 5597 7520 9128
419 5632 7105 9508
419 5637 7480 9128
419 5736 6579 9930
419 5736 7869 8640
419 5752 7869 8624
419 5762 7900 8583
419 5762 8137 8346
419 5785 7000 9460
419 5785 8166 8294
419 5840 7105 9300
419 5840 7685 8720
419 5859 7514 8872
419 5972 7105 9168
419 5972 7983 8290
419 6012 6584 9649
419 6012 7105 9128
419 6088 7667 8490
419 6100 7869 8276
419 6120 6730 9395
419 6120 6869 9256
419 6120 7360 8765
419 6170 7451 8624
419 6384 7724 8137
419 6390 7105 8750
419 6390 7480 8375
419 6390 7520 8335
419 6458 6869 8918
419 6458 7667 8120
419 6458 7804 7983
419 6490 7479 8276
419 6502 7479 8264
419 6502 7760 7983
419 6522 7110 8613
419 6579 6794 8872
419 6579 7331 8335
419 6584 7061 8600
419 6600 7479 8166
419 6608 7167 8470
419 6682 6980 8583
419 6745 7200 8300
419 6745 7331 8169
419 6794 7105 8346
419 6794 7331 8120
419 6800 7110 8335
419 6800 7685 7760
419 6849 7061 8335
419 6849 7120 8276
419 6956 6995 8294
419 6956 7120 8169
419 7040 7520 7685
419 7061 7424 7760
419 7110 7331 7804
419 7167 7370 7708
419 7200 7360 7685
419 7370 7424 7451
504 2320 9850 9990
504 2920 9300 9940
504 2920 9310 9930
504 3136 9034 9990
504 3136 9310 9714
504 3136 9312 9712
504 3142 9168 9850
504 3200 9312 9648
504 3280 9168 9712
504 3300 8920 9940
504 3308 9256 9596
504 3322 8988 9850
504 3322 9190 9648
504 3384 9128 9648
504 3620 8600 9940
504 3626 8594 9940
504 3644 8920 9596
504 3728 8720 9712
504 3750 8470 9940
504 3750 8918 9492
504 3758 8910 9492
504 3800 8430 9930
504 3814 8750 9596
504 3814 9034 9312
504 3820 8490 9850
504 3950 8750 9460
504 3950 8910 9300
504 3950 8920 9290
504 4100 8120 9940
504 4100 8346 9714
504 4100 8600 9460
504 4100 8750 9310
504 4112 8920 9128
504 4272 8720 9168
504 4311 8137 9712
504 4311 8169 9680
504 4331 7900 9929
504 4400 8300 9460
504 4400 8470 9290
504 4400 8840 8920
504 4440 8430 9290
504 4500 8470 9190
504 4500 8750 8910
504 4563 7667 9930
504 4563 8137 9460
504 4595 8375 9190
504 4604 8300 9256
504 4636 8490 9034
504 4656 7514 9990
504 4656 8470 9034
504 4656 8594 8910
504 4720 7760 9680
504 4720 7932 9508
504 4720 8600 8840
504 4730 8120 9310
504 4776 8474 8910
504 4780 7451 9929
504 4780 8346 9034
504 4780 8470 8910
504 4807 7424 9929
504 4960 7520 9680
504 4960 7708 9492
504 4960 7900 9300
504 4960 8166 9034
504 4960 8290 8910
504 4970 7200 9990
504 4970 7900 9290
504 4970 8470 8720
504 5000 7480 9680
504 5052 7796 9312
504 5052 8120 8988
504 5173 7479 9508
504 5315 6995 9850
504 5315 8375 8470
504 5408 7040 9712
504 5408 8169 8583
504 5560 7680 8920
504 5560 7760 8840
504 5597 6849 9714
504 5632 7360 9168
504 5694 8120 8346
504 5694 8166 8300
504 5736 7514 8910
504 5752 6728 9680
504 5762 6458 9940
504 5762 7480 8918
504 5762 7804 8594
504 5785 6980 9395
504 5834 6730 9596
504 5840 6390 9930
504 5840 6608 9712
504 5840 7480 8840
504 5840 7680 8640
504 5900 6800 9460
504 5972 6728 9460
504 5972 7200 8988
504 6012 6980 9168
504 6020 6745 9395
504 6088 7200 8872
504 6088 7796 8276
504 6100 6120 9940
504 6100 6600 9460
504 6100 7685 8375
504 6100 7760 8300
504 6100 7796 8264
504 6120 6728 9312
504 6120 6730 9310
504 6120 6740 9300
504 6120 7120 8920
504 6120 7200 8840
504 6170 6800 9190
504 6170 6956 9034
504 6170 7520 8470
504 6384 6608 9168
504 6390 6458 9312
504 6390 7424 8346
504 6390 7470 8300
504 6390 7480 8290
504 6490 6502 9168
504 6490 6682 8988
504 6490 7200 8470
504 6490 7370 8300
504 6502 6740 8918
504 6502 7184 8474
504 6522 6728 8910
504 6522 7044 8594
504 6682 6728 8750
504 6682 7184 8294
504 6728 6849 8583
504 6728 7708 7724
504 6730 6956 8474
504 6730 7000 8430
504 6740 7120 8300
504 6740 7520 7900
504 6745 7040 8375
504 6794 7200 8166
504 6869 6956 8335
504 6956 7480 7724
504 6980 7384 7796
504 6995 7480 7685
504 7000 7040 8120
504 7000 7480 7680
504 7040 7360 7760
504 7044 7184 7932
504 7061 7167 7932
504 7105 7331 7724
504 7105 7370 7685
504 7110 7370 7680
504 7120 7360 7680
504 7167 7479 7514
515 2570 9649 9930
515 2920 9300 9929
515 3200 9300 9649
515 3300 8920 9929
515 3620 8600 9929
515 3626 8583 9940
515 3626 8594 9929
515 3626 9128 9395
515 3750 8470 9929
515 3750 8750 9649
515 3969 8720 9460
515 4031 8470 9648
515 4100 8120 9929
515 4100 8335 9714
515 4135 8300 9714
515 4225 8276 9648
515 4225 8624 9300
515 4311 8346 9492
515 4311 8918 8920
515 4331 8169 9649
515 4563 8276 9310
515 4595 8264 9290
515 4656 8583 8910
515 4730 7479 9940
515 4776 7724 9649
515 4780 8335 9034
515 4807 8470 8872
515 4970 7869 9310
515 5052 7167 9930
515 5208 7685 9256
515 5315 7120 9714
515 5408 7061 9680
515 5408 7451 9290
515 5408 7869 8872
515 5455 6980 9714
515 5455 7384 9310
515 5455 8264 8430
515 5560 7869 8720
515 5597 6956 9596
515 5597 7044 9508
515 5597 7384 9168
515 5597 7424 9128
515 5597 7680 8872
515 5632 6869 9648
515 5637 6522 9990
515 5637 6800 9712
515 5637 7200 9312
515 5637 7384 9128
515 5637 8137 8375
515 5637 8166 8346
515 5694 6995 9460
515 5694 8120 8335
515 5736 7983 8430
515 5736 8137 8276
515 5752 7479 8918
515 5762 6458 9929
515 5762 7667 8720
515 5762 7804 8583
515 5785 7724 8640
515 5840 6849 9460
515 5840 7685 8624
515 5859 6980 9310
515 5859 7000 9290
515 5859 7370 8920
515 5900 6600 9649
515 5900 7331 8918
515 6012 7667 8470
515 6100 6120 9929
515 6100 7061 8988
515 6120 6995 9034
515 6170 6584 9395
515 6170 7061 8918
515 6170 7685 8294
515 6224 7331 8594
515 6224 7451 8474
515 6384 7000 8765
515 6390 6849 8910
515 6390 7384 8375
515 6390 7424 8335
515 6458 7708 7983
515 6522 7044 8583
515 6579 6730 8840
515 6584 6800 8765
515 6600 7680 7869
515 6682 7167 8300
515 6730 7044 8375
515 6740 7685 7724
515 6745 7110 8294
515 6745 7680 7724
515 6794 6980 8375
515 6794 7061 8294
515 6800 7480 7869
515 6849 7000 8300
515 6869 6980 8300
515 6869 7520 7760
515 6980 7000 8169
515 7040 7424 7685
515 7061 7105 7983
515 7110 7331 7708
515 7184 7451 7514
515 7200 7470 7479
654 2432 9648 9930
654 2432 9649 9929
654 2584 9712 9714
654 2620 9460 9930
654 2625 9395 9990
654 2758 9312 9940
654 2848 9312 9850
654 3036 9034 9940
654 3240 8840 9930
654 3240 8920 9850
654 3240 9310 9460
654 3270 8750 9990
654 3300 8720 9990
654 3308 8988 9714
654 3360 8720 9930
654 3360 9190 9460
654 3520 8640 9850
654 3520 9190 9300
654 3626 9128 9256
654 3786 8294 9930
654 3786 9034 9190
654 3800 8750 9460
654 3800 8910 9300
654 3800 8920 9290
654 3814 8346 9850
654 3814 8600 9596
654 3820 8594 9596
654 3904 8166 9940
654 3950 8120 9940
654 3950 8346 9714
654 3950 8600 9460
654 3950 8750 9310
654 4088 7932 9990
654 4088 8430 9492
654 4100 8600 9310
654 4100 8720 9190
654 4112 8910 8988
654 4196 8166 9648
654 4196 8624 9190
654 4225 8137 9648
654 4272 8750 8988
654 4400 7680 9930
654 4400 7760 9850
654 4400 8300 9310
654 4412 8430 9168
654 4412 8470 9128
654 4500 7520 9990
654 4500 7796 9714
654 4500 8600 8910
654 4563 8137 9310
654 4636 7384 9990
654 4636 8624 8750
654 4656 7424 9930
654 4720 7360 9930
654 4776 7384 9850
654 4776 7520 9714
654 4776 8594 8640
654 4807 8169 9034
654 4960 7110 9940
654 4960 7120 9930
654 4960 7200 9850
654 4960 7370 9680
654 4960 7760 9290
654 4960 8300 8750
654 4970 7110 9930
654 4970 7360 9680
654 4970 8120 8920
654 4970 8290 8750
654 5000 8290 8720
654 5052 8375 8583
654 5408 7110 9492
654 5560 6600 9850
654 5560 7685 8765
654 5597 7983 8430
654 5597 8137 8276
654 5632 6730 9648
654 5637 7061 9312
654 5637 7760 8613
654 5736 7680 8594
654 5736 7804 8470
654 5762 6600 9648
654 5762 6740 9508
654 5762 7120 9128
654 5834 7900 8276
654 5840 6458 9712
654 5840 6490 9680
654 5840 6522 9648
654 5840 6980 9190
654 5840 7680 8490
654 5859 6502 9649
654 5900 6120 9990
654 5900 6170 9940
654 5900 6800 9310
654 5900 7200 8910
654 5900 7360 8750
654 5900 7470 8640
654 5900 7680 8430
654 5972 6390 9648
654 5972 6728 9310
654 5972 7120 8918
654 5972 7869 8169
654 5976 7000 9034
654 5976 7451 8583
654 6012 6490 9508
654 6012 7708 8290
654 6020 6800 9190
654 6020 6956 9034
654 6020 7520 8470
654 6088 6794 9128
654 6100 6600 9310
654 6100 7000 8910
654 6100 7480 8430
654 6120 6600 9290
654 6120 6980 8910
654 6120 7724 8166
654 6170 6584 9256
654 6170 7000 8840
654 6170 7120 8720
654 6170 7200 8640
654 6170 7370 8470
654 6224 7451 8335
654 6384 6458 9168
654 6390 6980 8640
654 6390 7451 8169
654 6490 6600 8920
654 6490 6800 8720
654 6490 7724 7796
654 6579 7167 8264
654 6584 6956 8470
654 6600 6980 8430
654 6600 7110 8300
654 6600 7120 8290
654 6608 6682 8720
654 6608 7470 7932
654 6682 6728 8600
654 6682 6745 8583
654 6730 6980 8300
654 6730 7520 7760
654 6740 6800 8470
654 6740 6980 8290
654 6740 7370 7900
654 6800 7044 8166
654 6849 6995 8166
654 7000 7110 7900
654 7061 7470 7479
654 7120 7370 7520
654 7200 7331 7479
720 2584 9648 9712
720 2620 9395 9929
720 2664 9290 9990
720 2692 9312 9940
720 2758 9256 9930
720 2920 9034 9990
720 2920 9310 9714
720 2920 9312 9712
720 2995 9300 9649
720 3036 8918 9990
720 3036 9312 9596
720 3136 9128 9680
720 3136 9300 9508
720 3142 8872 9930
720 3142 9310 9492
720 3308 8988 9648
720 3308 9128 9508
720 3322 8910 9712
720 3322 9310 9312
720 3360 8594 9990
720 3360 8872 9712
720 3360 8988 9596
720 3520 9168 9256
720 3620 8474 9850
720 3620 9034 9290
720 3626 9128 9190
720 3644 8840 9460
720 3644 8988 9312
720 3728 8276 9940
720 3750 8264 9930
720 3758 8474 9712
720 3800 8294 9850
720 3800 8430 9714
720 3814 8840 9290
720 3904 8750 9290
720 3904 8872 9168
720 3950 8346 9648
720 4031 7983 9930
720 4031 8264 9649
720 4031 8613 9300
720 4088 8600 9256
720 4112 8120 9712
720 4135 7869 9940
720 4191 8765 8988
720 4225 7869 9850
720 4233 8583 9128
720 4400 8624 8920
720 4412 8137 9395
720 4412 8276 9256
720 4440 7514 9990
720 4440 8470 9034
720 4440 8594 8910
720 4500 7514 9930
720 4500 7796 9648
720 4500 8276 9168
720 4563 7451 9930
720 4563 7667 9714
720 4604 8430 8910
720 4656 7796 9492
720 4656 8120 9168
720 4656 8300 8988
720 4720 8474 8750
720 4720 8600 8624
720 4730 8294 8920
720 4776 7520 9648
720 4776 7708 9460
720 4960 7044 9940
720 4960 8264 8720
720 4970 7044 9930
720 4970 7514 9460
720 5000 8470 8474
720 5052 7384 9508
720 5052 7724 9168
720 5208 7424 9312
720 5208 7480 9256
720 5315 6980 9649
720 5315 8294 8335
720 5408 7044 9492
720 5455 7724 8765
720 5560 7760 8624
720 5560 8120 8264
720 5632 6600 9712
720 5632 7000 9312
720 5632 7184 9128
720 5637 6995 9312
720 5637 7667 8640
720 5637 7724 8583
720 5637 7932 8375
720 5694 7667 8583
720 5694 7760 8490
720 5736 7040 9168
720 5736 7932 8276
720 5762 6502 9680
720 5762 7708 8474
720 5785 6849 9310
720 5785 6869 9290
720 5785 7685 8474
720 5785 7869 8290
720 5834 6120 9990
720 5834 6170 9940
720 5834 6800 9310
720 5834 7200 8910
720 5834 7360 8750
720 5834 7470 8640
720 5834 7680 8430
720 5840 6390 9714
720 5840 6794 9310
720 5840 7184 8920
720 5840 7384 8720
720 5840 7480 8624
720 5840 7804 8300
720 5859 7167 8918
720 5900 6584 9460
720 5972 6682 9290
720 5972 7708 8264
720 5976 6800 9168
720 5976 6980 8988
720 6012 7167 8765
720 6020 7804 8120
720 6088 6600 9256
720 6088 6728 9128
720 6100 6384 9460
720 6100 7370 8474
720 6100 7724 8120
720 6120 7184 8640
720 6120 7200 8624
720 6170 6584 9190
720 6170 6740 9034
720 6170 7480 8294
720 6224 6800 8920
720 6224 7000 8720
720 6224 7120 8600
720 6390 6682 8872
720 6390 7685 7869
720 6490 6980 8474
720 6502 6522 8920
720 6579 6600 8765
720 6579 7680 7685
720 6600 7044 8300
720 6608 7167 8169
720 6730 6740 8474
720 6740 6869 8335
720 6740 7480 7724
720 6745 7514 7685
720 6794 7167 7983
720 6794 7470 7680
720 6800 7384 7760
720 6956 7184 7804
720 6995 7470 7479
720 7000 7044 7900
720 7000 7184 7760
720 7000 7424 7520
720 7040 7384 7520
720 7040 7424 7480
720 7105 7360 7479
720 7110 7167 7667
720 7200 7360 7384
727 2285 9712 9940
727 2692 9395 9850
727 2692 9596 9649
727 3136 8872 9929
727 3300 8988 9649
727 3322 8765 9850
727 3384 8613 9940
727 3384 8624 9929
727 3644 8613 9680
727 3728 8613 9596
727 3758 8583 9596
727 3814 8474 9649
727 3950 8137 9850
727 3969 8840 9128
727 4031 8594 9312
727 4031 8872 9034
727 4031 8918 8988
727 4088 8137 9712
727 4088 8169 9680
727 4112 8430 9395
727 4135 8294 9508
727 4135 8490 9312
727 4191 8490 9256
727 4196 8346 9395
727 4196 8613 9128
727 4225 8840 8872
727 4272 8375 9290
727 4292 8137 9508
727 4292 8335 9310
727 4311 8166 9460
727 4331 8294 9312
727 4412 8335 9190
727 4500 8137 9300
727 4563 7384 9990
727 4563 8624 8750
727 4595 8470 8872
727 4604 7685 9648
727 4604 8583 8750
727 4604 8613 8720
727 4636 7451 9850
727 4656 7685 9596
727 4730 8335 8872
727 4730 8583 8624
727 4730 8594 8613
727 4780 7167 9990
727 4780 8169 8988
727 4807 7200 9930
727 4807 8290 8840
727 4807 8490 8640
727 4919 7370 9648
727 4919 7708 9310
727 4960 7667 9310
727 4960 8137 8840
727 4970 7667 9300
727 5052 6956 9929
727 5052 8120 8765
727 5173 8290 8474
727 5173 8294 8470
727 5208 6800 9929
727 5315 6682 9940
727 5315 8276 8346
727 5408 6600 9929
727 5408 6849 9680
727 5455 7869 8613
727 5560 6728 9649
727 5560 6869 9508
727 5597 6490 9850
727 5597 7040 9300
727 5632 6995 9310
727 5637 7000 9300
727 5637 7044 9256
727 5637 7110 9190
727 5736 7167 9034
727 5736 7451 8750
727 5752 6995 9190
727 5762 6579 9596
727 5762 7685 8490
727 5785 7983 8169
727 5834 7479 8624
727 5834 7520 8583
727 5834 7983 8120
727 5840 7514 8583
727 5840 7667 8430
727 5859 6088 9990
727 5859 7044 9034
727 5900 6869 9168
727 5900 7424 8613
727 5900 7900 8137
727 5972 7200 8765
727 5972 7796 8169
727 5976 7667 8294
727 5976 7685 8276
727 6012 7331 8594
727 6012 7451 8474
727 6020 6522 9395
727 6020 7167 8750
727 6088 7514 8335
727 6088 7680 8169
727 6100 6849 8988
727 6120 7680 8137
727 6170 6849 8918
727 6170 7167 8600
727 6170 7184 8583
727 6384 7384 8169
727 6490 6682 8765
727 6522 7040 8375
727 6579 6608 8750
727 6579 6745 8613
727 6584 6740 8613
727 6584 7184 8169
727 6584 7370 7983
727 6600 7061 8276
727 6600 7200 8137
727 6682 7451 7804
727 6728 7040 8169
727 6794 6849 8294
727 6800 7000 8137
727 6800 7470 7667
727 6849 7105 7983
727 6869 7360 7708
744 2470 9460 9990
744 2620 9310 9990
744 2758 9312 9850
744 2920 9492 9508
744 3036 9034 9850
744 3080 8910 9930
744 3080 9128 9712
744 3240 8750 9930
744 3270 8720 9930
744 3270 9190 9460
744 3300 9128 9492
744 3308 9300 9312
744 3322 8918 9680
744 3520 8470 9930
744 3520 8720 9680
744 3556 8872 9492
744 3620 8840 9460
744 3620 8988 9312
744 3644 8346 9930
744 3750 8490 9680
744 3758 8872 9290
744 3758 9034 9128
744 3814 8166 9940
744 3820 8640 9460
744 3820 8910 9190
744 3904 8166 9850
744 3950 8120 9850
744 3950 8290 9680
744 4088 8120 9712
744 4112 8300 9508
744 4112 8640 9168
744 4135 8137 9648
744 4196 8264 9460
744 4225 7983 9712
744 4225 8300 9395
744 4233 8375 9312
744 4272 7708 9940
744 4292 8120 9508
744 4292 8594 9034
744 4292 8640 8988
744 4311 7680 9929
744 4400 8264 9256
744 4400 8600 8920
744 4412 7796 9712
744 4412 8474 9034
744 4440 8290 9190
744 4440 8640 8840
744 4500 7480 9940
744 4500 7708 9712
744 4500 8120 9300
744 4563 7708 9649
744 4604 7667 9649
744 4656 7804 9460
744 4656 7869 9395
744 4656 8276 8988
744 4656 8346 8918
744 4656 8624 8640
744 4720 7520 9680
744 4720 7708 9492
744 4720 7900 9300
744 4720 8166 9034
744 4720 8290 8910
744 4730 7200 9990
744 4730 7900 9290
744 4730 8470 8720
744 4780 7200 9940
744 4780 7680 9460
744 4780 8300 8840
744 4780 8375 8765
744 4807 7184 9929
744 4919 7061 9940
744 4960 7110 9850
744 4960 8120 8840
744 4960 8470 8490
744 4970 7760 9190
744 5000 6980 9940
744 5000 7932 8988
744 5000 8430 8490
744 5052 7360 9508
744 5208 7000 9712
744 5208 7724 8988
744 5315 6956 9649
744 5315 7685 8920
744 5408 6522 9990
744 5408 6800 9712
744 5408 7200 9312
744 5408 7384 9128
744 5408 8137 8375
744 5408 8166 8346
744 5455 6869 9596
744 5560 7520 8840
744 5560 7760 8600
744 5597 7451 8872
744 5632 6608 9680
744 5632 7120 9168
744 5632 7370 8918
744 5637 7983 8300
744 5694 7796 8430
744 5694 7932 8294
744 5752 7000 9168
744 5752 7040 9128
744 5785 6740 9395
744 5785 7370 8765
744 5785 7760 8375
744 5834 6490 9596
744 5834 7796 8290
744 5840 7360 8720
744 5840 7480 8600
744 5840 7804 8276
744 5900 6170 9850
744 5900 6730 9290
744 5900 7110 8910
744 5900 7685 8335
744 5900 7900 8120
744 5976 6956 8988
744 5976 7331 8613
744 5976 7470 8474
744 5976 7514 8430
744 5976 7680 8264
744 6012 6608 9300
744 6012 6740 9168
744 6020 6600 9300
744 6020 6980 8920
744 6020 7470 8430
744 6088 6120 9712
744 6088 6522 9310
744 6088 7900 7932
744 6100 6224 9596
744 6100 6980 8840
744 6100 7520 8300
744 6120 6490 9310
744 6120 7200 8600
744 6120 7370 8430
744 6120 7680 8120
744 6170 7000 8750
744 6170 7110 8640
744 6170 7167 8583
744 6224 6384 9312
744 6224 7796 7900
744 6384 6502 9034
744 6384 7370 8166
744 6384 7667 7869
744 6390 7040 8490
744 6390 7184 8346
744 6458 6849 8613
744 6458 7479 7983
744 6490 6956 8474
744 6490 7000 8430
744 6502 6794 8624
744 6579 6728 8613
744 6579 6995 8346
744 6584 7167 8169
744 6600 7044 8276
744 6600 7200 8120
744 6600 7451 7869
744 6682 7514 7724
744 6740 7384 7796
744 6745 6800 8375
744 6745 7451 7724
744 6800 7000 8120
744 6800 7360 7760
744 6869 7384 7667
744 6980 7040 7900
744 7040 7120 7760
744 7040 7200 7680
744 7040 7360 7520
744 7110 7331 7479
800 2244 9680 9940
800 2285 9649 9930
800 2432 9492 9940
800 2470 9680 9714
800 2584 9290 9990
800 2620 9596 9648
800 2625 9310 9929
800 2692 9460 9712
800 2692 9492 9680
800 2758 9256 9850
800 3142 8872 9850
800 3240 8910 9714
800 3280 8594 9990
800 3280 8872 9712
800 3280 8988 9596
800 3300 8624 9940
800 3308 9256 9300
800 3322 8613 9929
800 3322 9034 9508
800 3384 8490 9990
800 3384 8988 9492
800 3384 9168 9312
800 3384 9190 9290
800 3520 9034 9310
800 3556 8594 9714
800 3620 8988 9256
800 3644 8290 9930
800 3644 8624 9596
800 3644 8910 9310
800 3644 8920 9300
800 3750 8264 9850
800 3758 8166 9940
800 3786 8430 9648
800 3786 8910 9168
800 3814 8120 9930
800 3814 8750 9300
800 3950 8624 9290
800 3969 8583 9312
800 4031 7983 9850
800 4100 8474 9290
800 4112 8624 9128
800 4196 8750 8918
800 4233 7983 9648
800 4233 8375 9256
800 4272 8720 8872
800 4331 8613 8920
800 4400 8430 9034
800 4400 8624 8840
800 4412 7804 9648
800 4440 7932 9492
800 4500 7424 9940
800 4500 7514 9850
800 4563 7451 9850
800 4604 7331 9929
800 4636 7514 9714
800 4656 8290 8918
800 4730 8294 8840
800 4780 7370 9714
800 4780 8166 8918
800 4780 8490 8594
800 4807 8137 8920
800 4807 8474 8583
800 4960 8264 8640
800 4960 8430 8474
800 4970 7044 9850
800 4970 8294 8600
800 4970 8300 8594
800 5000 7184 9680
800 5000 8264 8600
800 5208 8166 8490
800 5315 6869 9680
800 5408 7061 9395
800 5408 7200 9256
800 5408 8166 8290
800 5455 7796 8613
800 5560 7384 8920
800 5560 7680 8624
800 5597 7667 8600
800 5597 7932 8335
800 5632 6584 9648
800 5632 6740 9492
800 5632 7360 8872
800 5632 7932 8300
800 5637 6579 9648
800 5694 6458 9712
800 5694 6490 9680
800 5694 6522 9648
800 5694 6980 9190
800 5694 7680 8490
800 5736 7000 9128
800 5752 6800 9312
800 5762 6390 9712
800 5762 7184 8918
800 5785 7479 8600
800 5834 6100 9930
800 5834 6522 9508
800 5834 6730 9300
800 5834 6740 9290
800 5834 7110 8920
800 5834 7120 8910
800 5840 7184 8840
800 5840 7384 8640
800 5840 7424 8600
800 5840 7724 8300
800 5840 7760 8264
800 5900 7044 8920
800 5900 7370 8594
800 5972 6384 9508
800 6012 6980 8872
800 6012 7869 7983
800 6020 6384 9460
800 6020 7370 8474
800 6020 7724 8120
800 6088 6608 9168
800 6100 6730 9034
800 6100 7044 8720
800 6100 7470 8294
800 6120 7120 8624
800 6120 7480 8264
800 6170 6384 9310
800 6224 6384 9256
800 6224 6730 8910
800 6224 6800 8840
800 6224 7000 8640
800 6224 7040 8600
800 6224 7520 8120
800 6224 7708 7932
800 6384 6608 8872
800 6384 6730 8750
800 6384 7105 8375
800 6384 7360 8120
800 6390 7000 8474
800 6390 7044 8430
800 6390 7184 8290
800 6490 6502 8872
800 6490 7110 8264
800 6502 6522 8840
800 6579 6995 8290
800 6584 6980 8300
800 6584 7520 7760
800 6600 6794 8470
800 6600 7000 8264
800 6608 6956 8300
800 6608 6980 8276
800 6728 7451 7685
800 6800 7384 7680
800 6956 7184 7724
800 6956 7200 7708
800 6980 7370 7514
800 6995 7000 7869
800 6995 7184 7685
800 7000 7184 7680
800 7000 7384 7480
800 7110 7370 7384
800 7120 7360 7384
800 7184 7200 7480
820 2625 9290 9929
820 2638 9492 9714
820 2664 9190 9990
820 2995 8920 9929
820 3036 9128 9680
820 3036 9300 9508
820 3080 9168 9596
820 3080 9256 9508
820 3142 8988 9714
820 3280 8624 9940
820 3384 8470 9990
820 3520 8474 9850
820 3520 9034 9290
820 3556 8640 9648
820 3556 8988 9300
820 3620 8294 9930
820 3620 9034 9190
820 3626 8918 9300
820 3644 8910 9290
820 3728 8624 9492
820 3728 8988 9128
820 3758 8490 9596
820 3758 8594 9492
820 3758 8918 9168
820 3786 8346 9712
820 3814 8720 9310
820 3814 8840 9190
820 3820 8375 9649
820 3904 8640 9300
820 3904 8750 9190
820 3950 8594 9300
820 4088 8264 9492
820 4100 7804 9940
820 4191 7724 9929
820 4196 7708 9940
820 4311 8613 8920
820 4400 7514 9930
820 4400 7796 9648
820 4400 8276 9168
820 4412 8120 9312
820 4412 8264 9168
820 4440 7724 9680
820 4440 8276 9128
820 4500 8594 8750
820 4500 8624 8720
820 4563 7685 9596
820 4604 8490 8750
820 4604 8600 8640
820 4636 8290 8918
820 4656 7680 9508
820 4656 7932 9256
820 4720 7184 9940
820 4730 7184 9930
820 4730 7804 9310
820 4730 8474 8640
820 4730 8490 8624
820 4776 7900 9168
820 4776 8474 8594
820 4780 7384 9680
820 4780 8470 8594
820 4807 7869 9168
820 4919 6995 9930
820 4960 7424 9460
820 4960 8290 8594
820 4970 7479 9395
820 5000 7384 9460
820 5052 7480 9312
820 5052 7804 8988
820 5208 6956 9680
820 5208 7040 9596
820 5208 7796 8840
820 5208 8166 8470
820 5208 8290 8346
820 5315 6600 9929
820 5315 6849 9680
820 5408 7796 8640
820 5455 6740 9649
820 5455 7479 8910
820 5597 7983 8264
820 5632 6956 9256
820 5632 7044 9168
820 5694 6502 9648
820 5694 7680 8470
820 5694 7804 8346
820 5736 6600 9508
820 5736 6980 9128
820 5736 7120 8988
820 5736 7514 8594
820 5752 6584 9508
820 5752 6600 9492
820 5752 7479 8613
820 5785 6869 9190
820 5785 7724 8335
820 5834 6020 9990
820 5834 6502 9508
820 5834 7370 8640
820 5834 7520 8490
820 5840 7514 8490
820 5859 7685 8300
820 5900 6956 8988
820 5900 7331 8613
820 5900 7470 8474
820 5900 7514 8430
820 5900 7680 8264
820 5972 6224 9648
820 5972 6682 9190
820 5972 7000 8872
820 5976 6740 9128
820 6012 6120 9712
820 6012 6522 9310
820 6012 7900 7932
820 6020 7184 8640
820 6020 7200 8624
820 6088 7480 8276
820 6100 7120 8624
820 6100 7480 8264
820 6120 7424 8300
820 6170 6384 9290
820 6170 7061 8613
820 6170 7184 8490
820 6170 7200 8474
820 6170 7384 8290
820 6224 6980 8640
820 6224 7451 8169
820 6384 6740 8720
820 6384 7184 8276
820 6390 6980 8474
820 6458 6956 8430
820 6458 7040 8346
820 6458 7110 8276
820 6490 6730 8624
820 6522 6682 8640
820 6522 6728 8594
820 6579 6682 8583
820 6584 7360 7900
820 6600 6869 8375
820 6600 6980 8264
820 6600 7520 7724
820 6728 7184 7932
820 6740 7424 7680
820 6745 7167 7932
820 6794 7370 7680
820 6800 7061 7983
820 6980 6995 7869
820 6980 7184 7680
820 6980 7384 7480
820 6995 7370 7479
820 7000 7040 7804
820 7000 7120 7724
820 7040 7044 7760
820 7044 7120 7680
844 2570 9310 9940
844 2590 9290 9940
844 2590 9300 9930
844 2664 9508 9648
844 2920 8910 9990
844 2924 9300 9596
844 3080 8750 9990
844 3200 9128 9492
844 3240 8640 9940
844 3280 8600 9940
844 3300 8840 9680
844 3300 8872 9648
844 3308 8583 9929
844 3360 8470 9990
844 3384 8840 9596
844 3520 8840 9460
844 3520 8988 9312
844 3556 8335 9929
844 3620 8910 9290
844 3626 8264 9930
844 3644 8920 9256
844 3728 8600 9492
844 3750 8474 9596
844 3758 8750 9312
844 3758 8872 9190
844 3800 8720 9300
844 3814 8294 9712
844 3814 8750 9256
844 3820 8872 9128
844 3969 8137 9714
844 4100 8430 9290
844 4112 8720 8988
844 4135 8290 9395
844 4135 8375 9310
844 4135 8765 8920
844 4191 8137 9492
844 4191 8169 9460
844 4272 7900 9648
844 4292 7932 9596
844 4400 7480 9940
844 4400 7708 9712
844 4400 8120 9300
844 4412 7479 9929
844 4412 7760 9648
844 4412 7900 9508
844 4412 8490 8918
844 4440 7451 9929
844 4440 8346 9034
844 4440 8470 8910
844 4500 7470 9850
844 4500 7724 9596
844 4500 8600 8720
844 4604 7708 9508
844 4604 7724 9492
844 4636 7470 9714
844 4636 7724 9460
844 4636 8264 8920
844 4720 7110 9990
844 4720 7451 9649
844 4720 7932 9168
844 4720 8335 8765
844 4730 7900 9190
844 4730 8490 8600
844 4776 8294 8750
844 4780 7110 9930
844 4780 7360 9680
844 4780 8120 8920
844 4780 8290 8750
844 4807 8430 8583
844 4919 7983 8918
844 4970 7000 9850
844 4970 7932 8918
844 5000 7360 9460
844 5000 7520 9300
844 5000 7900 8920
844 5000 8346 8474
844 5052 7120 9648
844 5052 8294 8474
844 5173 7479 9168
844 5208 6682 9930
844 5208 7120 9492
844 5315 7110 9395
844 5408 7424 8988
844 5455 7331 9034
844 5560 6800 9460
844 5632 6728 9460
844 5632 7200 8988
844 5736 6794 9290
844 5736 6956 9128
844 5752 6608 9460
844 5752 7804 8264
844 5785 6745 9290
844 5785 7869 8166
844 5834 6390 9596
844 5834 6730 9256
844 5840 6384 9596
844 5840 7680 8300
844 5859 7667 8294
844 5859 7685 8276
844 5900 6608 9312
844 5900 6730 9190
844 5900 7000 8920
844 5900 7200 8720
844 5976 6384 9460
844 5976 7370 8474
844 5976 7724 8120
844 6012 7184 8624
844 6012 7514 8294
844 6020 6088 9712
844 6020 6120 9680
844 6020 6490 9310
844 6020 7200 8600
844 6020 7370 8430
844 6020 7680 8120
844 6088 6224 9508
844 6100 6800 8920
844 6100 7000 8720
844 6100 7120 8600
844 6120 6390 9310
844 6120 6980 8720
844 6120 7424 8276
844 6170 6522 9128
844 6170 6730 8920
844 6170 6740 8910
844 6170 7360 8290
844 6170 7667 7983
844 6224 6608 8988
844 6224 6956 8640
844 6384 7061 8375
844 6390 6956 8474
844 6390 7000 8430
844 6458 6490 8872
844 6458 6522 8840
844 6490 6730 8600
844 6490 6995 8335
844 6490 7040 8290
844 6502 7514 7804
844 6600 6730 8490
844 6600 6956 8264
844 6600 7424 7796
844 6728 7384 7708
844 6730 6800 8290
844 6740 6745 8335
844 6800 7120 7900
844 6849 7167 7804
844 6849 7451 7520
844 6956 6995 7869
844 6956 7184 7680
844 6956 7384 7480
844 6980 7044 7796
844 6980 7360 7480
844 6980 7370 7470
844 7105 7331 7384
874 1920 9930 9940
874 2148 9712 9930
874 2352 9508 9930
874 2429 9649 9712
874 2432 9508 9850
874 2570 9290 9930
874 2570 9508 9712
874 2584 9492 9714
874 2628 9312 9850
874 2692 9168 9930
874 2920 9190 9680
874 3080 8720 9990
874 3200 8600 9990
874 3200 8910 9680
874 3200 9290 9300
874 3270 8840 9680
874 3270 8872 9648
874 3300 8640 9850
874 3300 9190 9300
874 3322 8872 9596
874 3322 9168 9300
874 3360 8490 9940
874 3360 8750 9680
874 3556 8294 9940
874 3620 8490 9680
874 3728 8750 9312
874 3728 8872 9190
874 3750 8750 9290
874 3750 8872 9168
874 3758 8720 9312
874 3786 8290 9714
874 3800 8276 9714
874 3814 8264 9712
874 3814 8720 9256
874 3820 8120 9850
874 3820 8290 9680
874 3904 8290 9596
874 3950 7900 9940
874 4100 7760 9930
874 4196 8294 9300
874 4225 8375 9190
874 4272 7804 9714
874 4272 7869 9649
874 4272 8600 8918
874 4311 8169 9310
874 4331 8169 9290
874 4400 8470 8920
874 4400 8640 8750
874 4412 7983 9395
874 4412 8613 8765
874 4440 7360 9990
874 4440 8430 8920
874 4440 8600 8750
874 4500 7360 9930
874 4595 8430 8765
874 4604 8276 8910
874 4604 8346 8840
874 4636 8120 9034
874 4636 8166 8988
874 4656 8294 8840
874 4720 7760 9310
874 4720 8430 8640
874 4720 8470 8600
874 4730 7120 9940
874 4730 7760 9300
874 4730 7804 9256
874 4730 7932 9128
874 4776 7724 9290
874 4776 8264 8750
874 4776 8294 8720
874 4780 8290 8720
874 4960 6980 9850
874 4960 7370 9460
874 4960 7520 9310
874 4960 7796 9034
874 4970 7360 9460
874 4970 7520 9300
874 4970 7900 8920
874 4970 8346 8474
874 5000 6800 9990
874 5000 7110 9680
874 5000 7480 9310
874 5000 8166 8624
874 5000 8300 8490
874 5052 8264 8474
874 5455 7167 9168
874 5455 8166 8169
874 5560 7040 9190
874 5560 7480 8750
874 5560 7760 8470
874 5637 6224 9929
874 5694 6384 9712
874 5694 7331 8765
874 5694 7796 8300
874 5736 6458 9596
874 5736 7708 8346
874 5736 7760 8294
874 5752 6390 9648
874 5752 6728 9310
874 5752 7120 8918
874 5752 7869 8169
874 5762 6088 9940
874 5762 6728 9300
874 5762 7040 8988
874 5762 7110 8918
874 5834 7680 8276
874 5840 6020 9930
874 5840 6100 9850
874 5840 6458 9492
874 5840 6490 9460
874 5840 7040 8910
874 5840 7110 8840
874 5840 7200 8750
874 5840 7480 8470
874 5840 7520 8430
874 5859 7331 8600
874 5859 7667 8264
874 5900 6600 9290
874 5900 6980 8910
874 5900 7724 8166
874 5972 6170 9648
874 5976 6100 9714
874 5976 6502 9312
874 5976 7384 8430
874 5976 7479 8335
874 5976 7514 8300
874 5976 7520 8294
874 6012 6522 9256
874 6012 7184 8594
874 6012 7514 8264
874 6020 6458 9312
874 6020 7424 8346
874 6020 7470 8300
874 6020 7480 8290
874 6088 6390 9312
874 6100 6390 9300
874 6100 6522 9168
874 6100 7200 8490
874 6120 6502 9168
874 6120 6682 8988
874 6120 7200 8470
874 6120 7370 8300
874 6170 6980 8640
874 6170 7451 8169
874 6390 6490 8910
874 6390 6800 8600
874 6390 7110 8290
874 6490 7000 8300
874 6522 6794 8474
874 6579 7451 7760
874 6584 7040 8166
874 6682 7384 7724
874 6740 7370 7680
874 6745 7360 7685
874 6794 7200 7796
874 6800 7470 7520
874 6869 7451 7470
874 6956 7110 7724
874 6956 7167 7667
874 6980 7331 7479
874 6995 7110 7685
874 7000 7105 7685
874 7000 7110 7680
874 7044 7061 7685
874 7110 7200 7480
874 7120 7200 7470
884 1910 9930 9940
884 2244 9596 9940
884 2470 9460 9850
884 2470 9596 9714
884 2584 9256 9940
884 2620 9310 9850
884 2639 9492 9649
884 2692 9492 9596
884 2758 9310 9712
884 2920 8920 9940
884 3080 8988 9712
884 3200 8640 9940
884 3240 8600 9940
884 3280 9190 9310
884 3300 8490 9990
884 3300 8988 9492
884 3300 9168 9312
884 3300 9190 9290
884 3322 9168 9290
884 3360 8430 9990
884 3360 8490 9930
884 3556 8294 9930
884 3556 9034 9190
884 3620 8765 9395
884 3626 8474 9680
884 3750 8720 9310
884 3750 8840 9190
884 3758 8988 9034
884 3786 8346 9648
884 3800 8300 9680
884 3814 8474 9492
884 3950 7900 9930
884 3950 8640 9190
884 3950 8910 8920
884 4100 8490 9190
884 4112 8750 8918
884 4135 8137 9508
884 4135 8335 9310
884 4196 8294 9290
884 4272 7796 9712
884 4272 8474 9034
884 4311 7479 9990
884 4311 8169 9300
884 4331 7520 9929
884 4331 8137 9312
884 4400 7451 9929
884 4400 8346 9034
884 4400 8470 8910
884 4440 8430 8910
884 4656 7184 9940
884 4720 7120 9940
884 4720 7760 9300
884 4720 7804 9256
884 4720 7932 9128
884 4730 7110 9940
884 4730 7120 9930
884 4730 7200 9850
884 4730 7370 9680
884 4730 7760 9290
884 4730 8300 8750
884 4807 7044 9929
884 4960 7360 9460
884 4960 7520 9300
884 4960 7900 8920
884 4960 8346 8474
884 4970 7520 9290
884 4970 7900 8910
884 5000 7184 9596
884 5000 7470 9310
884 5000 7480 9300
884 5000 8290 8490
884 5173 7479 9128
884 5173 7983 8624
884 5173 8137 8470
884 5208 7932 8640
884 5315 6869 9596
884 5408 6522 9850
884 5408 7384 8988
884 5455 7685 8640
884 5560 6728 9492
884 5560 7470 8750
884 5632 6980 9168
884 5694 6490 9596
884 5694 7796 8290
884 5736 6584 9460
884 5752 6088 9940
884 5752 6728 9300
884 5752 7040 8988
884 5752 7110 8918
884 5762 6088 9930
884 5762 6728 9290
884 5762 7424 8594
884 5762 7724 8294
884 5785 6600 9395
884 5840 7470 8470
884 5859 7451 8470
884 5900 7040 8840
884 5900 7760 8120
884 5972 7184 8624
884 5972 7514 8294
884 5976 7514 8290
884 5976 7667 8137
884 6012 6088 9680
884 6012 6120 9648
884 6012 6458 9310
884 6012 6600 9168
884 6020 6995 8765
884 6020 7040 8720
884 6020 7120 8640
884 6020 7470 8290
884 6088 6502 9190
884 6088 7760 7932
884 6100 6390 9290
884 6100 6490 9190
884 6100 7040 8640
884 6100 7514 8166
884 6120 6740 8920
884 6120 7360 8300
884 6120 7370 8290
884 6120 7384 8276
884 6120 7760 7900
884 6170 7120 8490
884 6224 6522 9034
884 6224 6956 8600
884 6224 7760 7796
884 6384 7061 8335
884 6384 7120 8276
884 6390 7044 8346
884 6458 6682 8640
884 6458 6728 8594
884 6490 6800 8490
884 6490 7000 8290
884 6600 7384 7796
884 6608 6682 8490
884 6728 7120 7932
884 6730 7370 7680
884 6740 7360 7680
884 6745 6869 8166
884 6794 6849 8137
884 6800 7184 7796
884 6849 7451 7480
884 6980 7040 7760
884 6980 7120 7680
884 6995 7061 7724
884 6995 7105 7680
884 7110 7200 7470
900 2429 9395 9940
900 2584 9190 9990
900 2590 9460 9714
900 2924 8910 9930
900 2924 9128 9712
900 2995 8840 9929
900 3136 9168 9460
900 3142 8910 9712
900 3142 9310 9312
900 3200 8624 9940
900 3240 8594 9930
900 3270 9034 9460
900 3300 8474 9990
900 3300 8750 9714
900 3360 8474 9930
900 3384 8872 9508
900 3384 8920 9460
900 3520 8988 9256
900 3556 8918 9290
900 3620 8294 9850
900 3620 8430 9714
900 3626 8490 9648
900 3750 8300 9714
900 3758 8294 9712
900 3758 8750 9256
900 3786 8264 9714
900 3786 8470 9508
900 3786 8583 9395
900 3814 8490 9460
900 3814 8640 9310
900 3820 8264 9680
900 3820 8910 9034
900 3904 8264 9596
900 3904 8872 8988
900 3950 8166 9648
900 3950 8624 9190
900 3969 8335 9460
900 4031 7804 9929
900 4031 8137 9596
900 4100 7724 9940
900 4100 8474 9190
900 4135 8137 9492
900 4135 8169 9460
900 4233 8613 8918
900 4292 7760 9712
900 4292 8600 8872
900 4311 7804 9649
900 4311 8613 8840
900 4400 7424 9940
900 4400 7514 9850
900 4440 7384 9940
900 4440 8290 9034
900 4500 7804 9460
900 4500 7869 9395
900 4500 8276 8988
900 4500 8346 8918
900 4500 8624 8640
900 4595 7520 9649
900 4595 7869 9300
900 4604 7480 9680
900 4636 7479 9649
900 4636 7480 9648
900 4656 7796 9312
900 4656 8120 8988
900 4720 8294 8750
900 4730 7044 9990
900 4730 7105 9929
900 4730 7184 9850
900 4730 7724 9310
900 4776 7480 9508
900 4776 8375 8613
900 4780 7044 9940
900 4780 8264 8720
900 4807 7667 9290
900 4919 6995 9850
900 4919 8375 8470
900 4960 7514 9290
900 4960 7932 8872
900 4970 7760 9034
900 5000 8290 8474
900 5000 8294 8470
900 5052 7000 9712
900 5052 7724 8988
900 5173 6995 9596
900 5208 7932 8624
900 5315 6800 9649
900 5408 7044 9312
900 5455 6849 9460
900 5455 7685 8624
900 5560 6490 9714
900 5560 6608 9596
900 5560 7869 8335
900 5637 7514 8613
900 5694 6390 9680
900 5694 7470 8600
900 5694 7724 8346
900 5736 6088 9940
900 5736 6728 9300
900 5736 7040 8988
900 5736 7110 8918
900 5762 6012 9990
900 5762 7667 8335
900 5762 7708 8294
900 5785 6584 9395
900 5785 7061 8918
900 5785 7685 8294
900 5834 6740 9190
900 5840 7804 8120
900 5859 5976 9929
900 5859 6995 8910
900 5900 6608 9256
900 5972 6502 9290
900 5976 6800 8988
900 6012 6584 9168
900 6020 7120 8624
900 6020 7480 8264
900 6088 6956 8720
900 6100 7040 8624
900 6100 7370 8294
900 6120 7044 8600
900 6120 7061 8583
900 6170 7000 8594
900 6170 7120 8474
900 6224 7110 8430
900 6384 6740 8640
900 6384 7480 7900
900 6390 6502 8872
900 6390 7110 8264
900 6458 6682 8624
900 6490 6800 8474
900 6490 6980 8294
900 6490 7105 8169
900 6490 7470 7804
900 6490 7514 7760
900 6522 7105 8137
900 6584 7384 7796
900 6600 6995 8169
900 6600 7044 8120
900 6600 7360 7804
900 6600 7479 7685
900 6608 6682 8474
900 6608 7360 7796
900 6728 7167 7869
900 6730 6740 8294
900 6730 7514 7520
900 6869 6995 7900
900 6956 7384 7424
900 6980 7360 7424
900 6995 7061 7708
900 7000 7040 7724
900 7040 7044 7680
900 7044 7200 7520
900 7110 7184 7470
915 2389 9648 9712
915 2692 9128 9929
915 2758 9395 9596
915 3270 8765 9714
915 3384 8375 9990
915 3520 8300 9929
915 3556 8264 9929
915 3626 8474 9649
915 3644 8613 9492
915 3728 8765 9256
915 3800 8300 9649
915 3950 7869 9930
915 3950 8765 9034
915 3969 8470 9310
915 3969 8490 9290
915 4088 8169 9492
915 4112 7708 9929
915 4112 8765 8872
915 4135 7685 9929
915 4135 7900 9714
915 4191 7708 9850
915 4191 8430 9128
915 4191 8640 8918
915 4225 8490 9034
915 4233 7804 9712
915 4311 7724 9714
915 4331 8290 9128
915 4331 8430 8988
915 4412 8169 9168
915 4563 8276 8910
915 4563 8346 8840
915 4595 8120 9034
915 4595 8166 8988
915 4604 7685 9460
915 4636 7184 9929
915 4720 8264 8765
915 4730 7370 9649
915 4776 7044 9929
915 4780 7040 9929
915 4780 8375 8594
915 4919 6980 9850
915 4919 7370 9460
915 4919 7520 9310
915 4919 7796 9034
915 4960 6849 9940
915 4960 7479 9310
915 4960 7869 8920
915 4970 6849 9930
915 4970 7384 9395
915 4970 7479 9300
915 4970 7869 8910
915 4970 8166 8613
915 5000 8166 8583
915 5052 7932 8765
915 5173 6980 9596
915 5173 8276 8300
915 5208 8166 8375
915 5315 6584 9850
915 5315 7514 8920
915 5408 6745 9596
915 5408 6849 9492
915 5455 7384 8910
915 5455 7804 8490
915 5560 6794 9395
915 5560 7061 9128
915 5560 7424 8765
915 5597 7983 8169
915 5637 6800 9312
915 5694 6745 9310
915 5694 7680 8375
915 5736 7667 8346
915 5752 6869 9128
915 5752 7384 8613
915 5785 7044 8920
915 5785 7370 8594
915 5834 6995 8920
915 5834 7932 7983
915 5840 7479 8430
915 5859 5900 9990
915 5859 6600 9290
915 5859 6980 8910
915 5859 7724 8166
915 5900 7514 8335
915 5900 7680 8169
915 5976 7479 8294
915 6012 6088 9649
915 6020 7105 8624
915 6088 7061 8600
915 6100 7480 8169
915 6120 7760 7869
915 6170 7105 8474
915 6384 6600 8765
915 6384 7680 7685
915 6390 6869 8490
915 6458 6956 8335
915 6490 6995 8264
915 6502 7110 8137
915 6502 7451 7796
915 6522 7061 8166
915 6579 6740 8430
915 6584 7480 7685
915 6600 6849 8300
915 6600 6980 8169
915 6682 7167 7900
915 6728 6745 8276
915 6740 6745 8264
915 6745 7200 7804
915 6800 7470 7479
915 6849 7000 7900
915 6869 6980 7900
915 6869 7120 7760
915 6869 7200 7680
915 6869 7360 7520
915 6980 7061 7708
915 6995 7370 7384
916 2590 9168 9990
916 2628 9190 9930
916 2639 9395 9714
916 2639 9460 9649
916 2692 9460 9596
916 2758 9310 9680
916 2848 8910 9990
916 3080 8988 9680
916 3136 9300 9312
916 3270 9168 9310
916 3280 8872 9596
916 3280 9168 9300
916 3300 8988 9460
916 3308 9128 9312
916 3322 8918 9508
916 3384 8872 9492
916 3520 8720 9508
916 3520 8918 9310
916 3620 8872 9256
916 3626 8474 9648
916 3728 8720 9300
916 3750 8490 9508
916 3758 8276 9714
916 3786 8470 9492
916 3800 8300 9648
916 3814 8474 9460
916 3814 8624 9310
916 3950 7869 9929
916 3950 8290 9508
916 4088 8470 9190
916 4088 8750 8910
916 4100 7708 9940
916 4112 8346 9290
916 4225 8613 8910
916 4233 8120 9395
916 4233 8750 8765
916 4272 7796 9680
916 4272 8166 9310
916 4292 8166 9290
916 4311 8137 9300
916 4400 8430 8918
916 4400 8583 8765
916 4500 8120 9128
916 4720 7520 9508
916 4720 7900 9128
916 4730 7370 9648
916 4730 7708 9310
916 4776 7480 9492
916 4776 7804 9168
916 4807 7685 9256
916 4970 6849 9929
916 5000 7760 8988
916 5000 7983 8765
916 5052 7384 9312
916 5052 7708 8988
916 5208 6600 9940
916 5208 7900 8640
916 5208 8264 8276
916 5315 8169 8264
916 5408 6490 9850
916 5408 7040 9300
916 5455 6579 9714
916 5455 7680 8613
916 5560 6728 9460
916 5560 7200 8988
916 5597 6502 9649
916 5632 6608 9508
916 5694 6458 9596
916 5694 7708 8346
916 5694 7760 8294
916 5752 6740 9256
916 5762 6390 9596
916 5762 6730 9256
916 5834 7331 8583
916 5834 7424 8490
916 5840 6608 9300
916 5840 6740 9168
916 5859 6579 9310
916 5859 7514 8375
916 5972 6608 9168
916 6012 6088 9648
916 6012 6608 9128
916 6012 7804 7932
916 6020 6600 9128
916 6020 6740 8988
916 6020 7796 7932
916 6088 6740 8920
916 6088 7360 8300
916 6088 7370 8290
916 6088 7384 8276
916 6088 7760 7900
916 6100 6458 9190
916 6100 6728 8920
916 6100 6730 8918
916 6100 7384 8264
916 6100 7479 8169
916 6170 6995 8583
916 6224 6490 9034
916 6384 6740 8624
916 6390 6608 8750
916 6390 6745 8613
916 6458 6800 8490
916 6458 7000 8290
916 6502 6956 8290
916 6579 6794 8375
916 6579 6869 8300
916 6579 7000 8169
916 6584 6995 8169
916 6584 7044 8120
916 6584 7360 7804
916 6584 7479 7685
916 6600 7424 7724
916 6608 6794 8346
916 6728 6730 8290
916 6728 7120 7900
916 6730 6849 8169
916 6980 7044 7724
916 7000 7040 7708
916 7044 7184 7520
916 7061 7167 7520
976 2570 9128 9990
976 2584 9508 9596
976 2590 9168 9930
976 2620 9128 9940
976 2664 9034 9990
976 2664 9310 9714
976 2664 9312 9712
976 2848 8910 9930
976 2848 9128 9712
976 2920 8918 9850
976 2924 9168 9596
976 2924 9256 9508
976 3136 8840 9712
976 3136 8872 9680
976 3142 9256 9290
976 3200 8840 9648
976 3240 8988 9460
976 3270 8910 9508
976 3270 9128 9290
976 3308 8872 9508
976 3308 8920 9460
976 3384 8375 9929
976 3384 8624 9680
976 3556 8624 9508
976 3556 8640 9492
976 3626 8750 9312
976 3626 8872 9190
976 3750 8290 9648
976 3750 8430 9508
976 3758 8470 9460
976 3758 8640 9290
976 3800 8720 9168
976 3814 8840 9034
976 3904 8276 9508
976 3904 8474 9310
976 3904 8594 9190
976 3904 8750 9034
976 3950 8750 8988
976 3969 7869 9850
976 4031 7667 9990
976 4088 8290 9310
976 4088 8300 9300
976 4100 8276 9312
976 4100 8600 8988
976 4112 8264 9312
976 4112 8276 9300
976 4225 8335 9128
976 4233 8583 8872
976 4311 7869 9508
976 4331 7708 9649
976 4400 7796 9492
976 4400 8120 9168
976 4400 8300 8988
976 4412 7680 9596
976 4440 8120 9128
976 4500 7680 9508
976 4500 7932 9256
976 4563 7869 9256
976 4563 8137 8988
976 4563 8375 8750
976 4604 7370 9714
976 4604 8166 8918
976 4604 8490 8594
976 4636 7796 9256
976 4656 7384 9648
976 4730 8375 8583
976 4776 7200 9712
976 4807 7167 9714
976 4919 7120 9649
976 4919 7479 9290
976 4919 8169 8600
976 4970 6728 9990
976 5000 7040 9648
976 5000 7520 9168
976 5052 6956 9680
976 5052 7040 9596
976 5052 7796 8840
976 5052 8166 8470
976 5052 8290 8346
976 5173 7120 9395
976 5173 7932 8583
976 5173 8169 8346
976 5208 6490 9990
976 5208 6800 9680
976 5208 7760 8720
976 5315 7061 9312
976 5315 7760 8613
976 5408 6600 9680
976 5408 6980 9300
976 5408 7360 8920
976 5408 7370 8910
976 5408 7667 8613
976 5408 7680 8600
976 5455 6584 9649
976 5455 7105 9128
976 5560 7000 9128
976 5597 7451 8640
976 5632 6800 9256
976 5632 7184 8872
976 5637 7331 8720
976 5637 7451 8600
976 5694 6502 9492
976 5694 6682 9312
976 5694 7370 8624
976 5694 7520 8474
976 5736 6012 9940
976 5752 6224 9712
976 5762 7760 8166
976 5785 6869 9034
976 5834 7384 8470
976 5834 7424 8430
976 5834 7479 8375
976 5834 7685 8169
976 5859 5900 9929
976 5900 6800 8988
976 5972 6120 9596
976 5972 6224 9492
976 5972 6682 9034
976 5972 6728 8988
976 5972 7370 8346
976 5976 6522 9190
976 5976 6584 9128
976 5976 6794 8918
976 6012 6956 8720
976 6020 7044 8624
976 6020 7685 7983
976 6088 6682 8918
976 6088 6728 8872
976 6088 7000 8600
976 6088 7110 8490
976 6088 7480 8120
976 6088 7796 7804
976 6100 6600 8988
976 6100 7451 8137
976 6120 6728 8840
976 6170 6390 9128
976 6170 6600 8918
976 6170 6608 8910
976 6170 7044 8474
976 6224 7200 8264
976 6384 6584 8720
976 6384 7040 8264
976 6384 7167 8137
976 6384 7184 8120
976 6390 6458 8840
976 6458 6740 8490
976 6458 6800 8430
976 6458 7061 8169
976 6458 7110 8120
976 6458 7470 7760
976 6490 6728 8470
976 6490 7061 8137
976 6522 7000 8166
976 6522 7370 7796
976 6579 7424 7685
976 6584 7424 7680
976 6600 6794 8294
976 6600 7105 7983
976 6608 6745 8335
976 6682 6730 8276
976 6682 6869 8137
976 6728 6794 8166
976 6728 7200 7760
976 6794 7424 7470
976 6800 6956 7932
976 6849 7360 7479
976 6980 7000 7708
976 7120 7184 7384
1035 1710 9929 9990
1035 2244 9395 9990
1035 2269 9648 9712
1035 2271 9508 9850
1035 2389 9300 9940
1035 2389 9310 9930
1035 2625 9290 9714
1035 2638 9395 9596
1035 2639 9310 9680
1035 2924 8765 9940
1035 2924 9310 9395
1035 2995 8920 9714
1035 3200 9034 9395
1035 3270 8430 9929
1035 3520 8169 9940
1035 3556 8613 9460
1035 3786 8335 9508
1035 3800 7900 9929
1035 3814 8166 9649
1035 3820 7869 9940
1035 3904 7796 9929
1035 3969 8470 9190
1035 3969 8750 8910
1035 4031 8430 9168
1035 4031 8470 9128
1035 4112 7667 9850
1035 4112 7869 9648
1035 4191 7724 9714
1035 4225 7724 9680
1035 4225 8276 9128
1035 4272 7708 9649
1035 4292 8169 9168
1035 4331 8264 9034
1035 4500 7200 9929
1035 4500 7480 9649
1035 4563 7470 9596
1035 4563 8346 8720
1035 4595 7044 9990
1035 4595 7105 9929
1035 4595 7184 9850
1035 4595 7724 9310
1035 4656 7044 9929
1035 4720 6980 9929
1035 4720 7514 9395
1035 4776 7685 9168
1035 4780 7200 9649
1035 4780 8375 8474
1035 4807 7110 9712
1035 4919 7061 9649
1035 4919 7520 9190
1035 4919 8335 8375
1035 4960 6740 9929
1035 4960 7479 9190
1035 4960 8294 8375
1035 4970 6730 9929
1035 4970 7167 9492
1035 4970 8169 8490
1035 5000 6980 9649
1035 5000 8294 8335
1035 5052 7667 8910
1035 5052 7983 8594
1035 5173 7061 9395
1035 5173 7200 9256
1035 5173 8166 8290
1035 5315 6384 9930
1035 5315 6600 9714
1035 5455 6682 9492
1035 5455 7424 8750
1035 5560 7900 8169
1035 5560 7932 8137
1035 5597 6384 9648
1035 5597 7044 8988
1035 5632 6869 9128
1035 5632 7384 8613
1035 5637 6682 9310
1035 5637 7120 8872
1035 5694 6745 9190
1035 5736 7724 8169
1035 5752 7708 8169
1035 5762 6995 8872
1035 5785 6384 9460
1035 5785 7370 8474
1035 5785 7724 8120
1035 5840 5859 9930
1035 5840 6869 8920
1035 5859 6458 9312
1035 5859 7424 8346
1035 5859 7470 8300
1035 5859 7480 8290
1035 5900 7105 8624
1035 5972 7044 8613
1035 5972 7167 8490
1035 5972 7520 8137
1035 5976 7040 8613
1035 6012 6745 8872
1035 6012 7451 8166
1035 6012 7480 8137
1035 6012 7685 7932
1035 6100 7360 8169
1035 6120 6869 8640
1035 6224 7105 8300
1035 6390 7370 7869
1035 6390 7479 7760
1035 6490 6849 8290
1035 6502 7331 7796
1035 6579 7370 7680
1035 6584 6745 8300
1035 6584 7360 7685
1035 6608 6745 8276
1035 6728 7105 7796
1035 6745 7370 7514
1035 6794 7384 7451
1035 6800 7105 7724
1035 6869 6956 7804
1035 6869 7000 7760
1035 6995 7120 7514
1035 7040 7110 7479
1035 7044 7105 7480
1035 7061 7184 7384
1053 2269 9492 9850
1053 2389 9508 9714
1053 2470 9492 9649
1053 2620 9395 9596
1053 2793 9310 9508
1053 3322 8640 9649
1053 3520 8583 9508
1053 3556 8375 9680
1053 3556 8765 9290
1053 3728 8169 9714
1053 3728 8375 9508
1053 3728 8583 9300
1053 3750 7932 9929
1053 3786 8430 9395
1053 3950 8169 9492
1053 3969 8474 9168
1053 4031 7900 9680
1053 4031 7932 9648
1053 4031 8120 9460
1053 4031 8290 9290
1053 4088 8613 8910
1053 4135 7796 9680
1053 4135 8166 9310
1053 4191 7480 9940
1053 4191 7708 9712
1053 4191 8120 9300
1053 4233 7983 9395
1053 4233 8613 8765
1053 4311 7360 9940
1053 4311 7370 9930
1053 4412 7804 9395
1053 4440 8137 9034
1053 4500 7983 9128
1053 4500 8346 8765
1053 4595 7760 9256
1053 4636 7685 9290
1053 4636 8335 8640
1053 4636 8375 8600
1053 4656 7105 9850
1053 4730 7167 9714
1053 4776 7667 9168
1053 4807 7514 9290
1053 4807 7932 8872
1053 4919 6980 9712
1053 4919 7044 9648
1053 4919 7184 9508
1053 4919 7200 9492
1053 4960 8276 8375
1053 4970 7331 9310
1053 4970 7451 9190
1053 5000 6682 9929
1053 5000 8137 8474
1053 5000 8276 8335
1053 5173 7520 8918
1053 5315 6584 9712
1053 5315 7040 9256
1053 5315 7424 8872
1053 5408 7331 8872
1053 5560 7331 8720
1053 5560 7451 8600
1053 5597 6522 9492
1053 5597 6980 9034
1053 5597 7724 8290
1053 5632 6584 9395
1053 5632 7061 8918
1053 5632 7685 8294
1053 5637 6579 9395
1053 5637 7680 8294
1053 5694 6522 9395
1053 5694 7167 8750
1053 5736 7110 8765
1053 5762 5859 9990
1053 5762 7514 8335
1053 5762 7680 8169
1053 5785 5976 9850
1053 5785 7061 8765
1053 5785 7451 8375
1053 5785 7480 8346
1053 5859 6584 9168
1053 5972 7470 8169
1053 5976 6995 8640
1053 6012 6849 8750
1053 6012 7479 8120
1053 6012 7667 7932
1053 6120 7061 8430
1053 6384 7061 8166
1053 6390 6608 8613
1053 6502 7424 7685
1053 6584 7044 7983
1053 6584 7360 7667
1053 6600 7331 7680
1053 6800 7331 7480
1053 6800 7360 7451
1053 7040 7120 7451
1056 1904 9714 9990
1056 2072 9596 9940
1056 2389 9290 9929
1056 2584 9034 9990
1056 2584 9310 9714
1056 2584 9312 9712
1056 2590 9168 9850
1056 2628 9300 9680
1056 2638 9256 9714
1056 2638 9290 9680
1056 2758 8910 9940
1056 2758 8920 9930
1056 2848 8910 9850
1056 2848 9300 9460
1056 3240 8720 9648
1056 3270 8624 9714
1056 3300 8594 9714
1056 3308 8840 9460
1056 3308 8988 9312
1056 3322 8346 9940
1056 3360 8600 9648
1056 3384 8294 9930
1056 3384 9034 9190
1056 3520 8920 9168
1056 3620 8276 9712
1056 3626 8474 9508
1056 3626 8490 9492
1056 3728 8166 9714
1056 3728 8624 9256
1056 3758 8594 9256
1056 3800 8300 9508
1056 3800 8640 9168
1056 3814 7804 9990
1056 3950 8166 9492
1056 3950 8346 9312
1056 3950 8490 9168
1056 3950 8624 9034
1056 4088 8264 9256
1056 4088 8600 8920
1056 4100 7796 9712
1056 4100 8474 9034
1056 4112 7900 9596
1056 4112 8624 8872
1056 4292 7667 9649
1056 4311 8169 9128
1056 4400 8290 8918
1056 4412 8276 8920
1056 4412 8583 8613
1056 4440 7520 9648
1056 4440 7708 9460
1056 4500 7796 9312
1056 4500 8120 8988
1056 4563 7105 9940
1056 4563 7331 9714
1056 4595 8430 8583
1056 4636 7480 9492
1056 4636 7804 9168
1056 4720 7760 9128
1056 4720 7900 8988
1056 4720 8264 8624
1056 4720 8294 8594
1056 4730 7370 9508
1056 4776 7120 9712
1056 4776 7184 9648
1056 4776 7520 9312
1056 4919 7040 9649
1056 4960 7000 9648
1056 4960 7480 9168
1056 4960 7520 9128
1056 4970 7470 9168
1056 5000 7480 9128
1056 5052 7932 8624
1056 5173 7040 9395
1056 5173 7685 8750
1056 5208 7110 9290
1056 5208 7480 8920
1056 5208 7680 8720
1056 5208 7760 8640
1056 5315 6579 9714
1056 5315 7680 8613
1056 5408 6740 9460
1056 5408 7360 8840
1056 5408 7480 8720
1056 5408 7900 8300
1056 5455 6224 9929
1056 5560 7424 8624
1056 5637 7061 8910
1056 5637 7331 8640
1056 5694 7331 8583
1056 5694 7424 8490
1056 5736 6224 9648
1056 5736 6682 9190
1056 5736 7000 8872
1056 5752 6600 9256
1056 5752 6728 9128
1056 5762 7680 8166
1056 5834 6584 9190
1056 5834 6740 9034
1056 5834 7480 8294
1056 5840 6088 9680
1056 5840 6120 9648
1056 5840 6458 9310
1056 5840 6600 9168
1056 5859 6100 9649
1056 5972 7360 8276
1056 5972 7470 8166
1056 6012 6088 9508
1056 6012 6608 8988
1056 6012 6956 8640
1056 6020 6600 8988
1056 6020 7451 8137
1056 6088 6600 8920
1056 6088 6800 8720
1056 6088 7724 7796
1056 6224 7120 8264
1056 6384 6584 8640
1056 6384 6600 8624
1056 6384 6794 8430
1056 6384 6849 8375
1056 6390 6728 8490
1056 6458 7167 7983
1056 6458 7470 7680
1056 6490 7451 7667
1056 6522 6740 8346
1056 6584 6730 8294
1056 6608 7480 7520
1056 6728 6980 7900
1056 6728 7120 7760
1056 6728 7200 7680
1056 6728 7360 7520
1056 6745 7384 7479
1056 6800 7384 7424
1056 7000 7184 7424
1056 7040 7184 7384
1056 7110 7167 7331
1080 1744 9850 9990
1080 1932 9712 9940
1080 2048 9596 9940
1080 2570 9300 9714
1080 2584 9492 9508
1080 2620 9034 9930
1080 2625 9310 9649
1080 2924 8720 9940
1080 2924 9168 9492
1080 3136 8988 9460
1080 3200 9128 9256
1080 3240 9034 9310
1080 3270 8600 9714
1080 3280 8375 9929
1080 3280 8624 9680
1080 3300 8294 9990
1080 3308 8346 9930
1080 3322 8613 9649
1080 3360 8294 9930
1080 3360 9034 9190
1080 3384 8910 9290
1080 3644 8640 9300
1080 3644 8750 9190
1080 3728 8600 9256
1080 3750 8120 9714
1080 3786 7869 9929
1080 3786 8290 9508
1080 3800 8276 9508
1080 3800 8474 9310
1080 3800 8594 9190
1080 3800 8750 9034
1080 3814 8375 9395
1080 3814 8470 9300
1080 3820 8474 9290
1080 3904 8490 9190
1080 3950 8600 9034
1080 3969 7685 9930
1080 4088 7900 9596
1080 4088 8624 8872
1080 4100 7804 9680
1080 4100 8294 9190
1080 4112 7760 9712
1080 4112 8600 8872
1080 4135 7520 9929
1080 4135 8137 9312
1080 4191 8137 9256
1080 4196 7708 9680
1080 4196 8470 8918
1080 4225 8169 9190
1080 4225 8594 8765
1080 4272 7804 9508
1080 4311 7983 9290
1080 4331 8335 8918
1080 4331 8613 8640
1080 4400 7470 9714
1080 4400 7724 9460
1080 4400 8264 8920
1080 4412 7680 9492
1080 4412 8300 8872
1080 4500 7370 9714
1080 4500 8166 8918
1080 4500 8490 8594
1080 4604 7040 9940
1080 4604 7331 9649
1080 4604 7384 9596
1080 4604 7520 9460
1080 4604 7680 9300
1080 4604 7724 9256
1080 4636 8335 8613
1080 4656 7760 9168
1080 4720 7184 9680
1080 4720 8264 8600
1080 4776 7680 9128
1080 4780 7514 9290
1080 4780 7932 8872
1080 4807 8137 8640
1080 4919 7900 8765
1080 4919 8290 8375
1080 4970 7424 9190
1080 5000 8290 8294
1080 5052 6682 9850
1080 5052 7040 9492
1080 5052 7932 8600
1080 5208 6728 9648
1080 5208 7120 9256
1080 5408 7900 8276
1080 5560 7184 8840
1080 5560 7384 8640
1080 5560 7424 8600
1080 5560 7724 8300
1080 5560 7760 8264
1080 5632 6012 9940
1080 5694 5900 9990
1080 5694 6600 9290
1080 5694 6980 8910
1080 5694 7724 8166
1080 5752 6120 9712
1080 5752 6522 9310
1080 5752 7900 7932
1080 5762 5972 9850
1080 5762 6522 9300
1080 5762 7685 8137
1080 5785 5859 9940
1080 5785 7424 8375
1080 5834 5900 9850
1080 5834 7000 8750
1080 5834 7110 8640
1080 5834 7167 8583
1080 5840 7120 8624
1080 5840 7480 8264
1080 5900 5972 9712
1080 5900 6088 9596
1080 5900 6224 9460
1080 5900 6384 9300
1080 5900 7044 8640
1080 5900 7384 8300
1080 5972 6120 9492
1080 5972 6740 8872
1080 5972 7680 7932
1080 5976 6012 9596
1080 5976 6100 9508
1080 5976 6995 8613
1080 5976 7708 7900
1080 6012 6584 8988
1080 6020 7760 7804
1080 6100 7184 8300
1080 6100 7680 7804
1080 6100 7724 7760
1080 6120 7200 8264
1080 6170 6224 9190
1080 6170 7120 8294
1080 6170 7514 7900
1080 6384 6600 8600
1080 6384 6730 8470
1080 6384 7331 7869
1080 6384 7520 7680
1080 6390 6600 8594
1080 6390 7470 7724
1080 6390 7514 7680
1080 6458 6502 8624
1080 6490 6794 8300
1080 6490 6800 8294
1080 6490 7370 7724
1080 6502 6608 8474
1080 6579 7105 7900
1080 6584 7480 7520
1080 6600 7470 7514
1080 6608 6682 8294
1080 6608 7044 7932
1080 6728 6956 7900
1080 6730 7384 7470
1080 6740 7040 7804
1080 6740 7120 7724
1080 6745 7360 7479
1080 6794 7105 7685
1080 6794 7110 7680
1080 6800 6980 7804
1080 6800 7360 7424
1080 6869 7331 7384
1080 6995 7110 7479
1080 7000 7105 7479
1080 7000 7200 7384
1080 7040 7120 7424
1080 7040 7184 7360
1080 7044 7061 7479
1115 1910 9649 9990
1115 2269 9290 9990
1115 2320 9300 9929
1115 2389 9310 9850
1115 2429 9190 9930
1115 2590 9310 9649
1115 2639 8920 9990
1115 2995 8624 9930
1115 2995 8840 9714
1115 3036 8583 9930
1115 3136 8765 9648
1115 3300 8600 9649
1115 3626 7983 9940
1115 3626 8613 9310
1115 3750 7869 9930
1115 3750 8765 9034
1115 3904 8137 9508
1115 3904 8335 9310
1115 3969 7900 9680
1115 3969 7932 9648
1115 3969 8120 9460
1115 3969 8290 9290
1115 4031 7804 9714
1115 4031 7869 9649
1115 4031 8600 8918
1115 4100 7520 9929
1115 4100 8137 9312
1115 4112 8137 9300
1115 4135 7424 9990
1115 4196 7424 9929
1115 4225 7384 9940
1115 4225 8290 9034
1115 4233 7667 9649
1115 4331 8300 8918
1115 4331 8346 8872
1115 4331 8594 8624
1115 4500 7120 9929
1115 4563 7796 9190
1115 4563 8346 8640
1115 4636 8300 8613
1115 4656 7983 8910
1115 4730 7105 9714
1115 4730 7424 9395
1115 4776 7061 9712
1115 4780 7120 9649
1115 4780 7479 9290
1115 4780 8169 8600
1115 4807 7708 9034
1115 4960 7869 8720
1115 4970 7184 9395
1115 4970 7451 9128
1115 5000 6869 9680
1115 5052 6849 9648
1115 5173 6728 9648
1115 5173 7120 9256
1115 5208 6745 9596
1115 5208 6849 9492
1115 5315 6384 9850
1115 5315 6522 9712
1115 5315 7044 9190
1115 5315 7200 9034
1115 5315 7514 8720
1115 5315 7760 8474
1115 5315 7804 8430
1115 5408 7667 8474
1115 5455 6794 9300
1115 5455 7184 8910
1115 5455 7470 8624
1115 5455 7804 8290
1115 5560 7869 8120
1115 5597 6012 9940
1115 5632 6522 9395
1115 5632 7167 8750
1115 5637 5972 9940
1115 5637 6600 9312
1115 5637 7040 8872
1115 5694 7105 8750
1115 5694 7480 8375
1115 5694 7520 8335
1115 5736 7200 8613
1115 5752 7184 8613
1115 5752 7451 8346
1115 5762 6869 8918
1115 5762 7667 8120
1115 5762 7804 7983
1115 5785 5834 9930
1115 5785 6730 9034
1115 5785 7044 8720
1115 5785 7470 8294
1115 5834 6995 8720
1115 5834 7451 8264
1115 5840 5859 9850
1115 5840 6869 8840
1115 5859 5976 9714
1115 5859 6390 9300
1115 5859 6522 9168
1115 5859 7200 8490
1115 5900 7480 8169
1115 5972 7708 7869
1115 6020 7360 8169
1115 6088 7167 8294
1115 6100 6849 8600
1115 6170 7044 8335
1115 6170 7479 7900
1115 6224 7061 8264
1115 6384 7480 7685
1115 6390 6869 8290
1115 6390 7451 7708
1115 6390 7479 7680
1115 6458 6745 8346
1115 6458 7331 7760
1115 6458 7424 7667
1115 6522 7044 7983
1115 6522 7360 7667
1115 6584 7451 7514
1115 6600 7470 7479
1115 6682 6730 8137
1115 6682 7200 7667
1115 6728 7061 7760
1115 6728 7370 7451
1115 6745 7000 7804
1115 6745 7044 7760
1115 6794 6995 7760
1115 6794 7331 7424
1115 6800 6849 7900
1115 6869 6956 7724
1115 6869 6995 7685
1115 6869 7000 7680
1115 6869 7200 7480
1115 6995 7040 7514
1115 6995 7184 7370
1149 1876 9649 9990
1149 2016 9649 9850
1149 2269 9256 9990
1149 2271 9596 9648
1149 2285 9290 9940
1149 2285 9300 9930
1149 2628 9395 9492
1149 2793 8872 9850
1149 2995 8840 9680
1149 2995 8872 9648
1149 3036 8765 9714
1149 3200 8375 9940
1149 3200 8920 9395
1149 3240 8335 9940
1149 3240 8346 9929
1149 3280 8840 9395
1149 3322 8264 9929
1149 3520 8346 9649
1149 3520 8600 9395
1149 3620 8583 9312
1149 3750 8169 9596
1149 3820 7983 9712
1149 3820 8300 9395
1149 3950 8375 9190
1149 3969 8290 9256
1149 4031 7804 9680
1149 4031 8294 9190
1149 4088 8137 9290
1149 4135 7451 9929
1149 4135 8346 9034
1149 4135 8470 8910
1149 4191 7384 9940
1149 4191 8290 9034
1149 4225 7360 9930
1149 4233 8294 8988
1149 4292 8583 8640
1149 4311 8294 8910
1149 4331 7470 9714
1149 4331 7724 9460
1149 4331 8264 8920
1149 4412 7708 9395
1149 4412 8490 8613
1149 4440 7479 9596
1149 4440 7680 9395
1149 4500 8375 8640
1149 4595 6980 9940
1149 4595 7932 8988
1149 4595 8430 8490
1149 4604 7061 9850
1149 4604 7451 9460
1149 4636 7167 9712
1149 4656 6869 9990
1149 4656 8276 8583
1149 4720 7667 9128
1149 4730 7105 9680
1149 4780 6745 9990
1149 4780 7479 9256
1149 4807 7200 9508
1149 4919 7000 9596
1149 4919 7724 8872
1149 4919 7983 8613
1149 4919 8166 8430
1149 4970 7932 8613
1149 5000 7120 9395
1149 5000 7932 8583
1149 5000 8169 8346
1149 5052 7869 8594
1149 5052 8169 8294
1149 5173 7424 8918
1149 5173 7470 8872
1149 5208 6995 9312
1149 5208 7667 8640
1149 5208 7724 8583
1149 5208 7932 8375
1149 5315 6740 9460
1149 5315 7360 8840
1149 5315 7480 8720
1149 5315 7900 8300
1149 5408 6458 9649
1149 5455 6120 9940
1149 5455 6600 9460
1149 5455 7685 8375
1149 5455 7760 8300
1149 5455 7796 8264
1149 5560 7331 8624
1149 5597 6458 9460
1149 5597 6608 9310
1149 5597 6728 9190
1149 5597 7000 8918
1149 5632 6849 9034
1149 5632 7900 7983
1149 5694 7331 8490
1149 5736 6384 9395
1149 5736 6745 9034
1149 5736 6869 8910
1149 5736 7479 8300
1149 5736 7796 7983
1149 5752 5834 9929
1149 5785 6980 8750
1149 5785 7384 8346
1149 5859 5976 9680
1149 5859 7724 7932
1149 5976 6956 8583
1149 5976 7370 8169
1149 6012 7520 7983
1149 6020 6100 9395
1149 6020 6730 8765
1149 6020 6745 8750
1149 6020 7120 8375
1149 6088 7667 7760
1149 6100 7040 8375
1149 6120 7105 8290
1149 6170 6745 8600
1149 6224 6956 8335
1149 6384 7451 7680
1149 6390 6849 8276
1149 6390 6956 8169
1149 6458 6682 8375
1149 6522 7061 7932
1149 6522 7479 7514
1149 6584 6794 8137
1149 6584 7451 7480
1149 6728 7120 7667
1149 6730 7061 7724
1149 6730 7105 7680
1149 6800 7331 7384
1149 6869 7167 7479
1149 6995 7000 7520
1149 6995 7040 7480
1149 7000 7184 7331
1149 7040 7105 7370
1180 1704 9850 9930
1180 1920 9714 9850
1180 2244 9300 9940
1180 2244 9310 9930
1180 2470 9300 9714
1180 2584 8910 9990
1180 2664 9312 9508
1180 2692 9300 9492
1180 2848 8988 9648
1180 2848 9128 9508
1180 2920 8624 9940
1180 2995 8840 9649
1180 3036 8988 9460
1180 3080 8474 9930
1180 3136 8840 9508
1180 3200 8294 9990
1180 3240 8988 9256
1180 3280 8264 9940
1180 3280 8490 9714
1180 3300 8470 9714
1180 3300 8872 9312
1180 3308 8920 9256
1180 3322 8872 9290
1180 3322 9034 9128
1180 3384 8640 9460
1180 3384 8910 9190
1180 3644 7900 9940
1180 3728 8264 9492
1180 3750 7804 9930
1180 3758 7796 9930
1180 3758 8470 9256
1180 3786 7708 9990
1180 3814 7680 9990
1180 3814 8750 8920
1180 3820 7724 9940
1180 3820 8474 9190
1180 3904 7900 9680
1180 3904 7932 9648
1180 3904 8120 9460
1180 3904 8290 9290
1180 3950 8624 8910
1180 3969 8120 9395
1180 3969 8750 8765
1180 4031 7804 9649
1180 4031 8613 8840
1180 4100 8474 8910
1180 4112 7724 9648
1180 4191 7983 9310
1180 4191 8375 8918
1180 4196 7796 9492
1180 4196 8120 9168
1180 4196 8300 8988
1180 4272 7900 9312
1180 4272 8294 8918
1180 4292 7480 9712
1180 4311 7983 9190
1180 4400 7370 9714
1180 4400 8166 8918
1180 4400 8490 8594
1180 4412 7360 9712
1180 4412 7424 9648
1180 4412 7760 9312
1180 4440 8294 8750
1180 4500 7044 9940
1180 4500 8264 8720
1180 4595 8169 8720
1180 4595 8276 8613
1180 4604 7200 9680
1180 4636 7200 9648
1180 4636 7680 9168
1180 4720 8290 8474
1180 4720 8294 8470
1180 4730 7040 9714
1180 4730 7105 9649
1180 4730 8264 8490
1180 4776 7200 9508
1180 4780 7514 9190
1180 4919 7105 9460
1180 4960 6584 9940
1180 4960 7804 8720
1180 4960 7900 8624
1180 4970 6584 9930
1180 4970 6800 9714
1180 4970 7480 9034
1180 5000 7184 9300
1180 5052 6502 9930
1180 5052 7120 9312
1180 5052 7514 8918
1180 5052 7667 8765
1180 5315 6869 9300
1180 5315 7869 8300
1180 5408 6584 9492
1180 5455 6100 9929
1180 5455 6995 9034
1180 5560 7804 8120
1180 5597 7167 8720
1180 5632 6980 8872
1180 5632 7869 7983
1180 5694 6490 9300
1180 5694 6600 9190
1180 5694 7040 8750
1180 5694 7360 8430
1180 5694 7514 8276
1180 5736 6100 9648
1180 5736 6458 9290
1180 5752 6020 9712
1180 5752 6224 9508
1180 5785 7105 8594
1180 5834 6522 9128
1180 5834 6730 8920
1180 5834 6740 8910
1180 5834 7360 8290
1180 5834 7667 7983
1180 5840 7044 8600
1180 5840 7061 8583
1180 5859 5976 9649
1180 5859 7331 8294
1180 5900 7110 8474
1180 5972 6020 9492
1180 5972 6384 9128
1180 5972 7708 7804
1180 6012 6600 8872
1180 6020 7200 8264
1180 6088 7061 8335
1180 6088 7120 8276
1180 6100 7120 8264
1180 6120 6740 8624
1180 6170 7331 7983
1180 6224 7360 7900
1180 6384 6800 8300
1180 6384 6980 8120
1180 6384 7200 7900
1180 6390 6794 8300
1180 6390 6800 8294
1180 6390 7370 7724
1180 6490 6730 8264
1180 6490 7480 7514
1180 6502 6682 8300
1180 6584 6600 8300
1180 6584 7000 7900
1180 6600 6608 8276
1180 6600 7370 7514
1180 6730 7370 7384
1180 6740 7360 7384
1180 6849 7184 7451
1180 6980 7120 7384
1180 6995 7105 7384
1200 1674 9850 9940
1200 1876 9648 9940
1200 2016 9508 9940
1200 2072 9680 9712
1200 2244 9290 9930
1200 2244 9508 9712
1200 2389 9395 9680
1200 2584 9168 9712
1200 2625 8910 9929
1200 2625 9190 9649
1200 2692 9312 9460
1200 2924 8600 9940
1200 3036 8920 9508
1200 3036 9128 9300
1200 3080 9128 9256
1200 3200 8335 9929
1200 3240 8294 9930
1200 3240 9034 9190
1200 3270 8264 9930
1200 3280 8470 9714
1200 3280 8872 9312
1200 3308 8166 9990
1200 3308 8988 9168
1200 3322 8430 9712
1200 3520 8264 9680
1200 3520 8910 9034
1200 3556 8920 8988
1200 3626 8346 9492
1200 3626 8918 8920
1200 3728 7796 9940
1200 3728 8276 9460
1200 3750 7724 9990
1200 3800 7724 9940
1200 3800 8474 9190
1200 3820 7932 9712
1200 3904 8640 8920
1200 3904 8720 8840
1200 3950 8346 9168
1200 3950 8594 8920
1200 4088 8120 9256
1200 4100 7424 9940
1200 4100 7514 9850
1200 4135 7479 9850
1200 4135 7680 9649
1200 4135 7869 9460
1200 4191 7983 9290
1200 4196 7760 9508
1200 4225 7983 9256
1200 4225 8474 8765
1200 4272 7480 9712
1200 4292 7680 9492
1200 4292 8300 8872
1200 4400 7384 9680
1200 4400 8470 8594
1200 4412 7796 9256
1200 4440 7724 9300
1200 4440 8430 8594
1200 4500 7708 9256
1200 4500 7796 9168
1200 4500 8474 8490
1200 4563 7983 8918
1200 4656 7680 9128
1200 4720 8120 8624
1200 4730 6794 9940
1200 4730 7424 9310
1200 4730 8264 8470
1200 4776 7040 9648
1200 4776 7520 9168
1200 4780 7384 9300
1200 4807 6728 9929
1200 4807 7061 9596
1200 4919 7932 8613
1200 4960 7044 9460
1200 4960 7470 9034
1200 4960 8169 8335
1200 4970 7184 9310
1200 4970 7900 8594
1200 5000 6956 9508
1200 5052 7424 8988
1200 5173 6579 9712
1200 5173 7451 8840
1200 5173 7667 8624
1200 5173 7708 8583
1200 5208 6608 9648
1200 5208 6956 9300
1200 5208 7000 9256
1200 5208 7384 8872
1200 5315 6849 9300
1200 5315 7384 8765
1200 5315 7983 8166
1200 5408 6800 9256
1200 5408 7184 8872
1200 5560 6224 9680
1200 5560 7184 8720
1200 5597 6995 8872
1200 5632 6120 9712
1200 5632 6522 9310
1200 5632 7900 7932
1200 5694 5840 9930
1200 5694 6458 9312
1200 5694 7424 8346
1200 5694 7470 8300
1200 5694 7480 8290
1200 5736 6600 9128
1200 5736 6740 8988
1200 5736 7796 7932
1200 5752 6522 9190
1200 5752 6584 9128
1200 5752 6794 8918
1200 5762 6390 9312
1200 5834 6170 9460
1200 5834 6502 9128
1200 5834 7200 8430
1200 5840 5976 9648
1200 5840 7000 8624
1200 5840 7360 8264
1200 5840 7724 7900
1200 5900 7760 7804
1200 5972 6458 9034
1200 6012 6869 8583
1200 6012 7520 7932
1200 6088 6120 9256
1200 6088 6458 8918
1200 6100 6740 8624
1200 6120 6579 8765
1200 6120 7044 8300
1200 6170 6384 8910
1200 6170 7000 8294
1200 6224 6490 8750
1200 6224 6600 8640
1200 6224 7120 8120
1200 6224 7480 7760
1200 6384 6745 8335
1200 6390 6584 8490
1200 6390 6600 8474
1200 6390 6728 8346
1200 6458 6730 8276
1200 6458 6869 8137
1200 6490 7105 7869
1200 6579 7200 7685
1200 6584 6980 7900
1200 6584 7120 7760
1200 6584 7200 7680
1200 6584 7360 7520
1200 6600 6995 7869
1200 6600 7184 7680
1200 6600 7384 7480
1200 6608 6956 7900
1200 6682 7331 7451
1200 6740 7000 7724
1200 6740 7044 7680
1200 6745 6995 7724
1200 6794 7200 7470
1200 6800 6956 7708
1200 6800 7184 7480
1200 7000 7040 7424
1203 2072 9460 9929
1203 2098 9649 9714
1203 2320 9492 9649
1203 2352 9395 9714
1203 2352 9460 9649
1203 2470 9395 9596
1203 2692 8840 9929
1203 2793 8988 9680
1203 3136 8335 9990
1203 3136 8613 9712
1203 3200 8613 9648
1203 3322 8490 9649
1203 3384 8137 9940
1203 3384 8765 9312
1203 3626 8375 9460
1203 3644 8137 9680
1203 3644 8169 9648
1203 3728 7804 9929
1203 3728 8137 9596
1203 3750 8583 9128
1203 3786 7685 9990
1203 3786 8375 9300
1203 3786 8765 8910
1203 3800 8169 9492
1203 3814 8335 9312
1203 3814 8613 9034
1203 4031 8120 9310
1203 4088 7724 9649
1203 4100 7869 9492
1203 4191 8430 8840
1203 4196 8137 9128
1203 4233 7514 9714
1203 4292 7520 9649
1203 4292 7869 9300
1203 4311 7470 9680
1203 4311 8430 8720
1203 4331 7200 9930
1203 4331 8290 8840
1203 4331 8490 8640
1203 4412 7120 9929
1203 4563 7184 9714
1203 4563 7708 9190
1203 4604 7667 9190
1203 4604 7869 8988
1203 4604 8137 8720
1203 4636 8335 8490
1203 4656 8335 8470
1203 4656 8375 8430
1203 4720 7061 9680
1203 4720 7451 9290
1203 4720 7869 8872
1203 4730 8137 8594
1203 4776 6745 9940
1203 4780 8335 8346
1203 4960 8166 8335
1203 5052 7796 8613
1203 5173 6608 9680
1203 5173 7120 9168
1203 5173 7370 8918
1203 5208 6745 9508
1203 5315 6956 9190
1203 5408 7470 8583
1203 5455 7869 8137
1203 5560 5972 9929
1203 5560 7061 8840
1203 5597 6608 9256
1203 5632 5900 9929
1203 5637 5834 9990
1203 5637 7184 8640
1203 5637 7200 8624
1203 5694 6849 8918
1203 5694 7167 8600
1203 5694 7184 8583
1203 5736 5785 9940
1203 5752 5859 9850
1203 5752 6869 8840
1203 5762 7105 8594
1203 5785 6956 8720
1203 5834 7044 8583
1203 5840 5972 9649
1203 5840 7331 8290
1203 5859 6682 8920
1203 5859 6730 8872
1203 5900 7424 8137
1203 5972 6579 8910
1203 5972 6849 8640
1203 5972 7685 7804
1203 5976 6995 8490
1203 5976 7110 8375
1203 6012 6849 8600
1203 6088 6608 8765
1203 6100 7061 8300
1203 6120 6728 8613
1203 6120 6995 8346
1203 6170 6956 8335
1203 6390 6458 8613
1203 6490 7167 7804
1203 6490 7451 7520
1203 6502 6584 8375
1203 6502 7479 7480
1203 6522 6956 7983
1203 6579 6745 8137
1203 6584 6740 8137
1203 6745 6956 7760
1203 6794 7000 7667
1203 7040 7061 7360
1203 7110 7167 7184
1205 1600 9929 9930
1205 2098 9649 9712
1205 2271 9508 9680
1205 2285 9460 9714
1205 2352 9395 9712
1205 2620 8910 9929
1205 2620 9190 9649
1205 2639 9312 9508
1205 2995 8474 9990
1205 2995 8750 9714
1205 3240 8290 9929
1205 3280 8583 9596
1205 3300 8169 9990
1205 3360 8169 9930
1205 3384 8583 9492
1205 3384 8765 9310
1205 3520 8290 9649
1205 3556 8613 9290
1205 3620 8583 9256
1205 3626 7983 9850
1205 3644 8166 9649
1205 3800 8264 9395
1205 3814 8137 9508
1205 3814 8335 9310
1205 3969 8300 9190
1205 4031 8300 9128
1205 4100 8169 9190
1205 4100 8594 8765
1205 4112 7667 9680
1205 4135 7384 9940
1205 4135 8290 9034
1205 4191 7760 9508
1205 4196 7667 9596
1205 4225 7384 9850
1205 4225 7520 9714
1205 4225 8594 8640
1205 4233 7514 9712
1205 4311 8276 8872
1205 4331 7479 9649
1205 4331 7480 9648
1205 4400 7869 9190
1205 4400 8294 8765
1205 4412 7451 9596
1205 4412 8137 8910
1205 4440 7370 9649
1205 4500 7451 9508
1205 4500 8335 8624
1205 4500 8346 8613
1205 4563 6956 9940
1205 4563 7184 9712
1205 4595 7184 9680
1205 4595 8264 8600
1205 4604 7983 8872
1205 4636 7331 9492
1205 4636 7983 8840
1205 4730 6800 9929
1205 4807 7932 8720
1205 4919 6600 9940
1205 4919 7900 8640
1205 4919 8264 8276
1205 4960 7331 9168
1205 4970 7724 8765
1205 5000 6745 9714
1205 5000 7331 9128
1205 5000 8169 8290
1205 5173 6794 9492
1205 5173 7796 8490
1205 5173 8120 8166
1205 5208 6995 9256
1205 5208 7061 9190
1205 5208 7331 8920
1205 5315 7110 9034
1205 5315 7424 8720
1205 5315 7520 8624
1205 5408 7331 8720
1205 5408 7451 8600
1205 5455 7514 8490
1205 5597 6012 9850
1205 5637 5972 9850
1205 5637 6522 9300
1205 5637 7685 8137
1205 5694 7000 8765
1205 5736 7110 8613
1205 5752 6579 9128
1205 5752 7724 7983
1205 5785 6384 9290
1205 5785 7061 8613
1205 5785 7184 8490
1205 5785 7200 8474
1205 5785 7384 8290
1205 5834 5976 9649
1205 5834 7331 8294
1205 5840 6224 9395
1205 5840 6869 8750
1205 5840 6995 8624
1205 5859 6682 8918
1205 5859 6728 8872
1205 5859 7000 8600
1205 5859 7110 8490
1205 5859 7480 8120
1205 5859 7796 7804
1205 5900 6794 8765
1205 5900 7184 8375
1205 5976 6088 9395
1205 6012 6682 8765
1205 6100 6869 8490
1205 6120 6745 8594
1205 6120 6849 8490
1205 6120 6869 8470
1205 6120 7470 7869
1205 6170 6995 8294
1205 6170 7120 8169
1205 6224 6745 8490
1205 6384 6740 8335
1205 6390 6579 8490
1205 6390 7200 7869
1205 6390 7384 7685
1205 6490 6800 8169
1205 6490 6849 8120
1205 6522 6800 8137
1205 6579 6980 7900
1205 6579 7120 7760
1205 6579 7200 7680
1205 6579 7360 7520
1205 6584 7167 7708
1205 6584 7424 7451
1205 6608 6682 8169
1205 6608 7184 7667
1205 6608 7331 7520
1205 6682 6794 7983
1205 6682 7110 7667
1205 6730 7044 7685
1205 6740 6995 7724
1205 6745 7200 7514
1205 6794 6869 7796
1205 6794 6980 7685
1205 6869 7110 7480
1205 6869 7120 7470
1205 6980 7000 7479
1205 6995 7040 7424
1236 2148 9290 9990
1236 2271 9508 9649
1236 2272 9508 9648
1236 2320 9168 9940
1236 2320 9460 9648
1236 2470 9310 9648
1236 2570 8918 9940
1236 2590 8988 9850
1236 2590 9190 9648
1236 2620 9128 9680
1236 2620 9300 9508
1236 2664 9168 9596
1236 2664 9256 9508
1236 2848 8640 9940
1236 2995 8583 9850
1236 3080 8840 9508
1236 3142 8346 9940
1236 3200 8720 9508
1236 3200 8918 9310
1236 3240 8474 9714
1236 3280 8640 9508
1236 3300 8872 9256
1236 3322 8166 9940
1236 3520 8920 8988
1236 3556 7932 9940
1236 3556 8276 9596
1236 3620 8300 9508
1236 3620 8640 9168
1236 3626 8294 9508
1236 3626 8490 9312
1236 3644 8276 9508
1236 3644 8474 9310
1236 3644 8594 9190
1236 3644 8750 9034
1236 3728 7760 9940
1236 3758 7680 9990
1236 3758 8750 8920
1236 3786 8474 9168
1236 3800 8120 9508
1236 3800 8594 9034
1236 3800 8640 8988
1236 3814 7685 9929
1236 3814 7900 9714
1236 3904 8490 9034
1236 3950 8166 9312
1236 3950 8490 8988
1236 3969 8169 9290
1236 4031 7685 9712
1236 4088 8430 8910
1236 4100 7680 9648
1236 4100 8294 9034
1236 4112 7667 9649
1236 4135 7983 9310
1236 4135 8375 8918
1236 4191 8613 8624
1236 4196 7520 9712
1236 4196 7724 9508
1236 4196 7932 9300
1236 4225 8169 9034
1236 4233 8430 8765
1236 4272 7900 9256
1236 4292 7424 9712
1236 4292 8264 8872
1236 4331 7167 9930
1236 4400 7520 9508
1236 4400 7900 9128
1236 4412 7760 9256
1236 4440 7480 9508
1236 4440 8375 8613
1236 4500 7760 9168
1236 4563 7470 9395
1236 4563 8375 8490
1236 4595 7184 9649
1236 4604 7110 9714
1236 4604 7514 9310
1236 4636 7480 9312
1236 4636 7804 8988
1236 4656 7900 8872
1236 4656 7932 8840
1236 4720 7200 9508
1236 4776 7932 8720
1236 4780 7000 9648
1236 4780 7480 9168
1236 4780 7520 9128
1236 4807 7331 9290
1236 4919 6579 9930
1236 4919 7869 8640
1236 4960 7480 8988
1236 4970 6608 9850
1236 4970 7424 9034
1236 4970 7470 8988
1236 4970 7708 8750
1236 5000 7708 8720
1236 5000 7804 8624
1236 5052 6728 9648
1236 5052 7120 9256
1236 5208 6728 9492
1236 5208 7470 8750
1236 5408 6170 9850
1236 5408 6730 9290
1236 5408 7110 8910
1236 5408 7685 8335
1236 5408 7900 8120
1236 5455 7360 8613
1236 5455 7804 8169
1236 5560 6740 9128
1236 5632 6956 8840
1236 5632 7520 8276
1236 5637 7167 8624
1236 5694 6020 9714
1236 5694 7110 8624
1236 5694 7470 8264
1236 5736 5752 9940
1236 5736 5762 9930
1236 5736 6012 9680
1236 5736 6502 9190
1236 5736 7760 7932
1236 5752 6956 8720
1236 5762 6794 8872
1236 5762 7331 8335
1236 5834 7000 8594
1236 5834 7120 8474
1236 5840 6600 8988
1236 5840 7451 8137
1236 5859 6849 8720
1236 5859 6956 8613
1236 5900 6020 9508
1236 5900 6608 8920
1236 5900 7724 7804
1236 5972 6584 8872
1236 5972 7110 8346
1236 5976 6869 8583
1236 5976 7520 7932
1236 6020 6490 8918
1236 6088 6740 8600
1236 6088 7040 8300
1236 6100 6608 8720
1236 6100 6728 8600
1236 6100 6745 8583
1236 6120 6390 8918
1236 6120 7044 8264
1236 6170 6224 9034
1236 6224 6730 8474
1236 6224 6869 8335
1236 6224 7480 7724
1236 6384 7061 7983
1236 6390 6608 8430
1236 6390 6869 8169
1236 6490 7424 7514
1236 6522 6740 8166
1236 6522 7110 7796
1236 6579 6980 7869
1236 6579 7370 7479
1236 6584 7040 7804
1236 6584 7120 7724
1236 6600 7120 7708
1236 6682 7061 7685
1236 6728 6800 7900
1236 6730 7184 7514
1236 6740 6980 7708
1236 6794 7120 7514
1236 7000 7044 7384
1236 7044 7184 7200
1236 7061 7167 7200
1286 1674 9714 9990
1286 1800 9648 9930
1286 1800 9649 9929
1286 1932 9596 9850
1286 2016 9648 9714
1286 2098 9290 9990
1286 2148 9290 9940
1286 2148 9300 9930
1286 2269 9395 9714
1286 2269 9460 9649
1286 2271 9395 9712
1286 2272 9256 9850
1286 2320 9128 9930
1286 2352 9312 9714
1286 2429 9300 9649
1286 2470 8918 9990
1286 2470 9312 9596
1286 2570 9128 9680
1286 2570 9300 9508
1286 2628 9290 9460
1286 2638 8750 9990
1286 2664 9034 9680
1286 2758 9128 9492
1286 2793 9190 9395
1286 2848 8600 9930
1286 2920 9168 9290
1286 2995 8988 9395
1286 3080 8988 9310
1286 3136 8594 9648
1286 3136 8750 9492
1286 3142 8640 9596
1286 3200 8988 9190
1286 3240 8490 9648
1286 3270 8600 9508
1286 3270 8918 9190
1286 3280 8169 9929
1286 3300 8430 9648
1286 3300 8910 9168
1286 3308 8474 9596
1286 3384 8346 9648
1286 3620 8840 8918
1286 3626 8624 9128
1286 3644 7804 9930
1286 3750 8120 9508
1286 3750 8594 9034
1286 3750 8640 8988
1286 3758 7680 9940
1286 3758 8430 9190
1286 3786 8720 8872
1286 3814 8169 9395
1286 3814 8264 9300
1286 3820 7708 9850
1286 3820 8430 9128
1286 3820 8640 8918
1286 3904 7760 9714
1286 3904 8346 9128
1286 3950 8300 9128
1286 3969 7479 9930
1286 3969 7480 9929
1286 3969 7760 9649
1286 3969 8375 9034
1286 4031 7667 9680
1286 4088 7360 9930
1286 4100 8290 8988
1286 4112 8346 8920
1286 4196 7470 9712
1286 4196 8264 8918
1286 4233 7685 9460
1286 4272 7796 9310
1286 4292 7796 9290
1286 4292 8166 8920
1286 4331 7451 9596
1286 4331 8137 8910
1286 4400 7470 9508
1286 4412 7370 9596
1286 4412 7932 9034
1286 4500 7370 9508
1286 4563 7167 9648
1286 4604 8300 8474
1286 4636 7708 9034
1286 4656 7804 8918
1286 4720 6728 9930
1286 4730 7000 9648
1286 4730 7480 9168
1286 4730 7520 9128
1286 4776 7110 9492
1286 4780 6608 9990
1286 4780 7470 9128
1286 4780 7680 8918
1286 4919 6745 9714
1286 4919 7331 9128
1286 4919 8169 8290
1286 4960 7384 9034
1286 4970 6728 9680
1286 5000 6730 9648
1286 5052 6730 9596
1286 5173 6745 9460
1286 5208 6458 9712
1286 5208 6490 9680
1286 5208 6522 9648
1286 5208 6980 9190
1286 5208 7680 8490
1286 5315 7480 8583
1286 5408 6120 9850
1286 5408 7370 8600
1286 5408 7480 8490
1286 5408 7680 8290
1286 5408 7804 8166
1286 5560 6170 9648
1286 5597 7061 8720
1286 5632 6490 9256
1286 5632 7470 8276
1286 5637 6869 8872
1286 5637 7451 8290
1286 5694 5834 9850
1286 5694 5972 9712
1286 5694 6088 9596
1286 5694 6224 9460
1286 5694 6384 9300
1286 5694 7044 8640
1286 5694 7384 8300
1286 5736 6608 9034
1286 5752 6458 9168
1286 5762 6020 9596
1286 5762 7479 8137
1286 5785 6980 8613
1286 5785 7424 8169
1286 5785 7724 7869
1286 5834 6794 8750
1286 5834 7424 8120
1286 5859 7184 8335
1286 5900 6490 8988
1286 5900 6728 8750
1286 5900 7184 8294
1286 5976 6682 8720
1286 5976 7470 7932
1286 6012 7200 8166
1286 6020 6608 8750
1286 6020 6745 8613
1286 6088 6100 9190
1286 6088 6800 8490
1286 6088 7000 8290
1286 6120 6224 9034
1286 6170 6458 8750
1286 6170 6584 8624
1286 6170 6608 8600
1286 6384 6730 8264
1286 6384 7480 7514
1286 6390 7184 7804
1286 6458 6490 8430
1286 6458 6800 8120
1286 6490 6956 7932
1286 6502 6600 8276
1286 6522 6956 7900
1286 6579 6995 7804
1286 6584 7370 7424
1286 6794 7105 7479
1286 6794 7200 7384
1286 6849 7105 7424
1286 6869 6995 7514
1312 1483 9929 9940
1312 1710 9712 9930
1312 1904 9508 9940
1312 1920 9492 9940
1312 2072 9290 9990
1312 2148 9492 9712
1312 2244 9168 9940
1312 2244 9460 9648
1312 2352 9492 9508
1312 2389 9034 9929
1312 2470 9168 9714
1312 2570 9290 9492
1312 2584 8918 9850
1312 2628 9128 9596
1312 2638 9034 9680
1312 2692 8720 9940
1312 2692 9168 9492
1312 2793 8910 9649
1312 2920 8720 9712
1312 2924 8920 9508
1312 2924 9128 9300
1312 3036 8720 9596
1312 3080 8624 9648
1312 3136 8276 9940
1312 3142 8750 9460
1312 3142 8910 9300
1312 3142 8920 9290
1312 3200 8840 9312
1312 3322 8720 9310
1312 3322 8840 9190
1312 3384 8840 9128
1312 3520 8120 9712
1312 3626 7796 9930
1312 3626 8470 9256
1312 3644 8720 8988
1312 3750 8290 9312
1312 3750 8346 9256
1312 3750 8474 9128
1312 3758 8294 9300
1312 3786 8276 9290
1312 3820 8137 9395
1312 3820 8276 9256
1312 4031 7331 9990
1312 4088 7804 9460
1312 4088 7869 9395
1312 4088 8276 8988
1312 4088 8346 8918
1312 4088 8624 8640
1312 4100 7760 9492
1312 4100 8264 8988
1312 4112 8490 8750
1312 4112 8600 8640
1312 4196 7900 9256
1312 4225 7479 9648
1312 4225 7667 9460
1312 4233 7470 9649
1312 4233 7724 9395
1312 4272 7685 9395
1312 4292 7120 9940
1312 4292 7760 9300
1312 4292 7804 9256
1312 4292 7932 9128
1312 4311 8169 8872
1312 4311 8276 8765
1312 4412 7000 9940
1312 4412 7480 9460
1312 4412 8300 8640
1312 4412 8346 8594
1312 4440 7200 9712
1312 4500 7360 9492
1312 4500 7724 9128
1312 4500 7932 8920
1312 4563 6849 9940
1312 4563 7479 9310
1312 4563 7869 8920
1312 4604 7760 8988
1312 4604 7983 8765
1312 4636 7120 9596
1312 4636 7796 8920
1312 4656 7384 9312
1312 4656 7708 8988
1312 4720 7760 8872
1312 4730 6682 9940
1312 4730 8276 8346
1312 4776 6980 9596
1312 4776 8276 8300
1312 4780 7932 8640
1312 4807 7932 8613
1312 4919 8169 8264
1312 4960 7520 8872
1312 5000 6502 9850
1312 5000 7040 9312
1312 5000 7184 9168
1312 5000 7480 8872
1312 5052 7000 9300
1312 5052 7044 9256
1312 5052 7110 9190
1312 5173 6869 9310
1312 5173 7804 8375
1312 5208 7110 9034
1312 5208 7424 8720
1312 5208 7520 8624
1312 5315 6869 9168
1312 5315 7424 8613
1312 5315 7900 8137
1312 5408 6956 8988
1312 5408 7331 8613
1312 5408 7470 8474
1312 5408 7514 8430
1312 5408 7680 8264
1312 5455 6502 9395
1312 5455 7760 8137
1312 5560 6502 9290
1312 5597 7479 8276
1312 5632 6800 8920
1312 5632 7000 8720
1312 5632 7120 8600
1312 5637 5785 9930
1312 5637 6995 8720
1312 5637 7451 8264
1312 5694 6490 9168
1312 5694 6740 8918
1312 5694 7184 8474
1312 5736 6020 9596
1312 5736 7479 8137
1312 5752 6682 8918
1312 5752 6728 8872
1312 5752 7000 8600
1312 5752 7110 8490
1312 5752 7480 8120
1312 5752 7796 7804
1312 5762 7120 8470
1312 5762 7424 8166
1312 5762 7470 8120
1312 5785 6579 8988
1312 5785 7667 7900
1312 5834 6390 9128
1312 5834 6600 8918
1312 5834 6608 8910
1312 5834 7044 8474
1312 5840 6020 9492
1312 5840 6384 9128
1312 5840 7708 7804
1312 5859 6728 8765
1312 5859 6869 8624
1312 5900 6869 8583
1312 5900 7520 7932
1312 5972 6740 8640
1312 5972 7480 7900
1312 5976 6120 9256
1312 5976 6458 8918
1312 6012 6740 8600
1312 6012 7040 8300
1312 6088 6794 8470
1312 6088 7000 8264
1312 6100 6502 8750
1312 6120 6608 8624
1312 6120 6956 8276
1312 6458 6600 8294
1312 6458 6728 8166
1312 6458 7424 7470
1312 6502 6730 8120
1312 6502 7370 7480
1312 6522 7360 7470
1312 6584 7044 7724
1312 6600 6956 7796
1312 6600 7044 7708
1312 6608 7360 7384
1312 6682 7200 7470
1312 6728 7110 7514
1312 6728 7200 7424
1312 6794 7044 7514
1334 1710 9680 9940
1334 1744 9596 9990
1334 1800 9680 9850
1334 1904 9712 9714
1334 2272 9128 9930
1334 2352 8988 9990
1334 2352 9128 9850
1334 2470 8920 9940
1334 2570 8910 9850
1334 2570 9300 9460
1334 2584 9034 9712
1334 2590 8750 9990
1334 2620 8720 9990
1334 2625 8765 9940
1334 2625 9310 9395
1334 2628 8988 9714
1334 2920 8470 9940
1334 2920 8918 9492
1334 3136 8264 9930
1334 3142 8474 9714
1334 3200 8840 9290
1334 3270 8120 9940
1334 3270 8346 9714
1334 3270 8600 9460
1334 3270 8750 9310
1334 3280 8120 9930
1334 3280 8750 9300
1334 3300 8720 9310
1334 3300 8840 9190
1334 3308 8988 9034
1334 3322 8294 9714
1334 3322 8613 9395
1334 3322 8840 9168
1334 3360 8120 9850
1334 3360 8290 9680
1334 3556 8474 9300
1334 3644 8430 9256
1334 3728 8290 9312
1334 3728 8346 9256
1334 3728 8474 9128
1334 3750 7900 9680
1334 3750 7932 9648
1334 3750 8120 9460
1334 3750 8290 9290
1334 3786 8624 8920
1334 3800 7680 9850
1334 3814 7804 9712
1334 3820 7520 9990
1334 3820 7796 9714
1334 3820 8600 8910
1334 3950 7451 9929
1334 3950 8346 9034
1334 3950 8470 8910
1334 3969 7869 9492
1334 4031 7370 9929
1334 4088 7932 9310
1334 4112 8300 8918
1334 4112 8346 8872
1334 4112 8594 8624
1334 4135 8430 8765
1334 4196 8294 8840
1334 4233 7167 9930
1334 4292 8120 8918
1334 4292 8166 8872
1334 4311 7370 9649
1334 4331 8375 8624
1334 4400 7000 9930
1334 4400 7470 9460
1334 4400 8290 8640
1334 4412 8294 8624
1334 4412 8335 8583
1334 4440 7040 9850
1334 4440 8290 8600
1334 4500 6980 9850
1334 4500 7370 9460
1334 4500 7520 9310
1334 4500 7796 9034
1334 4595 6745 9990
1334 4595 7479 9256
1334 4604 7331 9395
1334 4604 7470 9256
1334 4636 6980 9714
1334 4636 7384 9310
1334 4636 8264 8430
1334 4656 6745 9929
1334 4656 7384 9290
1334 4720 8120 8490
1334 4720 8264 8346
1334 4730 7680 8920
1334 4730 7760 8840
1334 4776 7520 9034
1334 4776 7804 8750
1334 4776 8264 8290
1334 4780 7360 9190
1334 4780 8120 8430
1334 4960 7900 8470
1334 4970 7520 8840
1334 4970 7760 8600
1334 5000 6390 9940
1334 5000 6682 9648
1334 5000 7040 9290
1334 5000 7900 8430
1334 5052 6682 9596
1334 5052 7110 9168
1334 5052 7360 8918
1334 5052 7804 8474
1334 5052 7932 8346
1334 5173 7667 8490
1334 5315 7105 8910
1334 5315 7680 8335
1334 5408 6794 9128
1334 5455 7110 8765
1334 5560 5840 9930
1334 5560 6458 9312
1334 5560 7424 8346
1334 5560 7470 8300
1334 5560 7480 8290
1334 5597 6745 8988
1334 5597 7120 8613
1334 5637 7110 8583
1334 5694 7360 8276
1334 5694 7470 8166
1334 5736 7000 8594
1334 5736 7120 8474
1334 5752 6995 8583
1334 5762 5972 9596
1334 5762 6728 8840
1334 5834 5900 9596
1334 5840 6502 8988
1334 5840 6740 8750
1334 5840 7000 8490
1334 5840 7200 8290
1334 5840 7370 8120
1334 5859 7667 7804
1334 5900 6120 9310
1334 5900 6956 8474
1334 5900 7000 8430
1334 5972 6608 8750
1334 5972 6745 8613
1334 5976 6730 8624
1334 6012 7514 7804
1334 6020 6120 9190
1334 6020 6390 8920
1334 6020 7514 7796
1334 6088 6522 8720
1334 6088 7105 8137
1334 6100 6390 8840
1334 6100 6740 8490
1334 6100 6800 8430
1334 6100 7061 8169
1334 6100 7110 8120
1334 6100 7470 7760
1334 6120 6490 8720
1334 6120 6740 8470
1334 6120 7044 8166
1334 6170 6730 8430
1334 6170 7040 8120
1334 6170 7480 7680
1334 6384 6600 8346
1334 6384 6682 8264
1334 6390 7040 7900
1334 6458 6608 8264
1334 6490 7044 7796
1334 6490 7360 7480
1334 6490 7370 7470
1334 6502 7120 7708
1334 6522 7384 7424
1334 6584 7061 7685
1334 6600 7360 7370
1334 6730 7120 7480
1334 6740 6794 7796
1334 6740 7110 7480
1334 6740 7120 7470
1334 6745 7105 7480
1334 6794 6869 7667
1435 1704 9596 9929
1435 1904 9395 9930
1435 1932 9648 9649
1435 2072 9508 9649
1435 2269 9312 9648
1435 2271 9310 9648
1435 2389 8910 9930
1435 2389 9128 9712
1435 2639 8600 9990
1435 2639 8910 9680
1435 2639 9290 9300
1435 2793 8840 9596
1435 2924 8375 9930
1435 2924 8910 9395
1435 2995 8294 9940
1435 3036 8264 9929
1435 3142 8375 9712
1435 3240 8594 9395
1435 3280 8300 9649
1435 3360 8474 9395
1435 3360 8613 9256
1435 3620 7680 9929
1435 3728 8583 8918
1435 3750 8169 9310
1435 3786 7514 9929
1435 3786 7983 9460
1435 3820 7479 9930
1435 3820 7480 9929
1435 3820 7760 9649
1435 3820 8375 9034
1435 3969 7331 9929
1435 4100 7200 9929
1435 4100 7480 9649
1435 4135 7804 9290
1435 4135 8470 8624
1435 4191 8120 8918
1435 4191 8166 8872
1435 4196 7384 9649
1435 4233 8276 8720
1435 4272 7667 9290
1435 4311 8294 8624
1435 4311 8335 8583
1435 4331 7184 9714
1435 4331 7708 9190
1435 4412 7105 9712
1435 4440 6849 9940
1435 4440 7479 9310
1435 4440 7869 8920
1435 4500 6800 9929
1435 4595 7724 8910
1435 4595 7869 8765
1435 4604 8290 8335
1435 4720 6579 9930
1435 4720 7869 8640
1435 4730 7331 9168
1435 4776 7983 8470
1435 4780 6800 9649
1435 4807 7110 9312
1435 4807 7932 8490
1435 4919 7000 9310
1435 4919 7120 9190
1435 4919 7470 8840
1435 4970 6579 9680
1435 4970 7983 8276
1435 5000 7061 9168
1435 5000 7479 8750
1435 5173 6800 9256
1435 5173 7184 8872
1435 5315 7331 8583
1435 5315 7424 8490
1435 5408 7331 8490
1435 5455 5834 9940
1435 5455 6584 9190
1435 5455 6740 9034
1435 5455 7480 8294
1435 5560 6020 9649
1435 5632 7167 8430
1435 5637 6100 9492
1435 5637 6682 8910
1435 5694 7061 8474
1435 5694 7105 8430
1435 5694 7200 8335
1435 5736 6728 8765
1435 5736 6869 8624
1435 5762 7167 8300
1435 5834 7105 8290
1435 5840 7520 7869
1435 5859 6730 8640
1435 5859 6995 8375
1435 5859 7470 7900
1435 5900 6579 8750
1435 5972 7120 8137
1435 5976 7384 7869
1435 6020 7040 8169
1435 6100 6794 8335
1435 6120 7424 7685
1435 6224 7105 7900
1435 6384 7331 7514
1435 6390 7360 7479
1435 6522 7040 7667
1435 6584 6745 7900
1435 6584 6849 7796
1435 6600 6869 7760
1435 6740 7105 7384
1435 6794 6956 7479
1435 6849 6956 7424
1435 6869 7000 7360
1480 1876 9596 9712
1480 1904 9290 9990
1480 1932 9312 9940
1480 2429 8765 9990
1480 2470 9034 9680
1480 2570 8624 9990
1480 2584 8750 9850
1480 2584 8920 9680
1480 2584 9290 9310
1480 2620 8624 9940
1480 2625 8910 9649
1480 2628 9256 9300
1480 2638 9256 9290
1480 2664 8840 9680
1480 2664 8872 9648
1480 2758 8918 9508
1480 2848 8346 9990
1480 2848 8624 9712
1480 2920 8335 9929
1480 3036 8640 9508
1480 3136 8920 9128
1480 3200 8335 9649
1480 3240 8264 9680
1480 3240 8910 9034
1480 3270 8624 9290
1480 3280 8594 9310
1480 3300 8594 9290
1480 3322 7932 9930
1480 3384 8120 9680
1480 3384 8490 9310
1480 3520 7724 9940
1480 3520 8474 9190
1480 3556 8120 9508
1480 3556 8594 9034
1480 3556 8640 8988
1480 3620 8169 9395
1480 3620 8264 9300
1480 3626 7708 9850
1480 3626 8430 9128
1480 3626 8640 8918
1480 3728 8166 9290
1480 3750 8594 8840
1480 3800 8474 8910
1480 3814 7520 9850
1480 3820 7424 9940
1480 3820 7514 9850
1480 3950 7384 9850
1480 3950 7520 9714
1480 3950 8594 8640
1480 3969 8375 8840
1480 4088 7167 9929
1480 4088 7384 9712
1480 4088 7796 9300
1480 4088 8346 8750
1480 4100 7370 9714
1480 4100 8166 8918
1480 4100 8490 8594
1480 4112 7360 9712
1480 4112 7424 9648
1480 4112 7760 9312
1480 4135 7120 9929
1480 4196 7480 9508
1480 4196 8375 8613
1480 4225 7451 9508
1480 4225 8335 8624
1480 4225 8346 8613
1480 4272 7200 9712
1480 4292 7384 9508
1480 4292 7724 9168
1480 4311 8290 8583
1480 4331 7685 9168
1480 4400 6794 9990
1480 4400 7796 8988
1480 4400 8294 8490
1480 4412 7900 8872
1480 4412 7932 8840
1480 4440 8120 8624
1480 4500 7384 9300
1480 4563 7331 9290
1480 4595 7869 8720
1480 4604 6730 9850
1480 4604 7120 9460
1480 4604 7708 8872
1480 4636 6608 9940
1480 4636 7040 9508
1480 4636 7514 9034
1480 4636 7708 8840
1480 4656 7360 9168
1480 4720 6956 9508
1480 4730 6740 9714
1480 4776 6728 9680
1480 4780 7370 9034
1480 4780 7804 8600
1480 4807 6728 9649
1480 4807 6869 9508
1480 4960 7384 8840
1480 4970 6224 9990
1480 4970 6502 9712
1480 4970 7724 8490
1480 5315 6579 9290
1480 5408 6608 9168
1480 5455 7105 8624
1480 5560 5694 9930
1480 5560 5976 9648
1480 5560 7000 8624
1480 5560 7360 8264
1480 5560 7724 7900
1480 5632 5840 9712
1480 5632 6384 9168
1480 5694 6502 8988
1480 5694 6740 8750
1480 5694 7000 8490
1480 5694 7200 8290
1480 5694 7370 8120
1480 5736 6608 8840
1480 5736 6728 8720
1480 5736 7184 8264
1480 5752 5972 9460
1480 5752 6120 9312
1480 5752 6522 8910
1480 5752 6682 8750
1480 5752 6849 8583
1480 5752 7708 7724
1480 5762 6502 8920
1480 5785 7105 8294
1480 5834 6600 8750
1480 5834 7184 8166
1480 5840 6088 9256
1480 5840 6579 8765
1480 5840 7044 8300
1480 5859 7061 8264
1480 5900 5972 9312
1480 5900 6794 8490
1480 5900 7384 7900
1480 5900 7480 7804
1480 5972 6224 8988
1480 5976 6458 8750
1480 5976 6584 8624
1480 5976 6608 8600
1480 6012 6682 8490
1480 6020 6995 8169
1480 6020 7044 8120
1480 6020 7360 7804
1480 6020 7479 7685
1480 6088 6224 8872
1480 6088 6502 8594
1480 6100 6490 8594
1480 6100 6794 8290
1480 6100 7184 7900
1480 6100 7360 7724
1480 6120 6224 8840
1480 6120 6800 8264
1480 6120 7384 7680
1480 6170 6390 8624
1480 6170 6584 8430
1480 6224 6490 8470
1480 6224 6794 8166
1480 6224 7200 7760
1480 6384 7040 7760
1480 6384 7120 7680
1480 6390 7370 7424
1480 6458 6794 7932
1480 6490 6794 7900
1480 6522 6730 7932
1480 6522 6995 7667
1480 6584 7120 7480
1480 6600 7105 7479
1480 6600 7200 7384
1480 6682 6794 7708
1480 6800 7000 7384
1480 6800 7184 7200
1480 6956 7044 7184
1480 6956 7061 7167
1483 1744 9508 9929
1483 2072 9395 9714
1483 2072 9460 9649
1483 2271 8920 9990
1483 2285 9300 9596
1483 2389 9300 9492
1483 2625 9256 9300
1483 2628 8613 9940
1483 2628 8624 9929
1483 2638 8613 9930
1483 2639 8613 9929
1483 2639 9034 9508
1483 2692 8840 9649
1483 2920 8613 9648
1483 2924 8765 9492
1483 2995 8474 9712
1483 3036 8750 9395
1483 3300 8169 9712
1483 3308 8583 9290
1483 3322 7869 9990
1483 3520 8169 9492
1483 3556 7685 9940
1483 3556 8335 9290
1483 3620 8166 9395
1483 3728 7804 9649
1483 3728 8613 8840
1483 3758 8583 8840
1483 3800 7451 9930
1483 3800 7667 9714
1483 3820 7869 9492
1483 3969 7900 9312
1483 3969 8294 8918
1483 4031 7470 9680
1483 4031 8430 8720
1483 4191 7000 9990
1483 4191 7061 9929
1483 4191 7680 9310
1483 4196 6995 9990
1483 4196 7685 9300
1483 4225 7360 9596
1483 4233 8335 8613
1483 4272 6980 9929
1483 4272 7514 9395
1483 4292 8169 8720
1483 4292 8276 8613
1483 4311 7680 9190
1483 4311 8120 8750
1483 4311 8276 8594
1483 4331 7000 9850
1483 4331 7932 8918
1483 4412 7120 9649
1483 4412 7479 9290
1483 4412 8169 8600
1483 4440 7061 9680
1483 4440 7451 9290
1483 4440 7869 8872
1483 4500 8335 8346
1483 4563 7110 9508
1483 4563 7708 8910
1483 4604 7667 8910
1483 4604 7983 8594
1483 4636 7932 8613
1483 4656 7685 8840
1483 4656 7760 8765
1483 4730 6522 9929
1483 4776 7105 9300
1483 4776 7685 8720
1483 4780 8137 8264
1483 4807 6384 9990
1483 4807 7184 9190
1483 4807 7900 8474
1483 5000 6869 9312
1483 5173 7384 8624
1483 5173 7708 8300
1483 5208 7360 8613
1483 5208 7804 8169
1483 5315 6956 8910
1483 5315 7520 8346
1483 5408 7479 8294
1483 5455 5736 9990
1483 5455 6012 9714
1483 5560 5972 9649
1483 5560 7331 8290
1483 5597 7110 8474
1483 5632 5900 9649
1483 5632 7680 7869
1483 5637 5694 9850
1483 5637 6794 8750
1483 5637 7424 8120
1483 5736 7110 8335
1483 5736 7685 7760
1483 5762 6579 8840
1483 5762 7044 8375
1483 5785 7061 8335
1483 5785 7120 8276
1483 5834 7667 7680
1483 5840 6728 8613
1483 5840 6995 8346
1483 5859 6012 9310
1483 5859 6682 8640
1483 5859 6728 8594
1483 5972 7040 8169
1483 5976 7520 7685
1483 6012 6794 8375
1483 6012 6869 8300
1483 6012 7000 8169
1483 6020 6995 8166
1483 6088 6956 8137
1483 6088 7110 7983
1483 6170 7331 7680
1483 6390 6995 7796
1483 6458 6740 7983
1483 6490 6522 8169
1483 6490 7331 7360
1483 6502 7200 7479
1483 6584 6728 7869
1483 6600 7061 7520
1483 6608 6849 7724
1483 6728 6745 7708
1483 6730 7000 7451
1483 6730 7120 7331
1483 6740 7110 7331
1483 6745 6956 7480
1483 6745 7105 7331
1483 6956 7105 7120
1483 7000 7061 7120
1488 1744 9492 9940
1488 1876 9310 9990
1488 1932 9596 9648
1488 2016 9310 9850
1488 2072 9508 9596
1488 2271 9256 9649
1488 2272 9190 9714
1488 2272 9256 9648
1488 2590 8872 9714
1488 2620 9256 9300
1488 2664 8583 9929
1488 2758 8910 9508
1488 2758 9128 9290
1488 2793 8988 9395
1488 3036 8290 9850
1488 3036 8840 9300
1488 3080 8166 9930
1488 3080 8840 9256
1488 3136 8750 9290
1488 3136 8872 9168
1488 3200 8264 9712
1488 3200 8720 9256
1488 3240 8624 9312
1488 3270 8594 9312
1488 3270 8872 9034
1488 3270 8918 8988
1488 3280 8300 9596
1488 3280 8640 9256
1488 3322 8346 9508
1488 3384 8300 9492
1488 3384 8624 9168
1488 3384 8872 8920
1488 3520 8346 9310
1488 3556 7680 9940
1488 3556 8430 9190
1488 3620 8300 9256
1488 3626 8294 9256
1488 3626 8640 8910
1488 3644 8137 9395
1488 3644 8276 9256
1488 3758 8290 9128
1488 3758 8430 8988
1488 3786 8470 8920
1488 3786 8640 8750
1488 3800 8120 9256
1488 3814 8490 8872
1488 3820 7708 9648
1488 3820 7760 9596
1488 3820 8166 9190
1488 3950 7514 9712
1488 3969 8335 8872
1488 3969 8583 8624
1488 3969 8594 8613
1488 4031 7685 9460
1488 4100 7480 9596
1488 4100 8166 8910
1488 4112 7384 9680
1488 4112 8470 8594
1488 4135 8169 8872
1488 4135 8276 8765
1488 4191 6995 9990
1488 4191 7685 9300
1488 4196 7040 9940
1488 4196 7331 9649
1488 4196 7384 9596
1488 4196 7520 9460
1488 4196 7680 9300
1488 4196 7724 9256
1488 4233 7451 9492
1488 4272 8264 8640
1488 4272 8430 8474
1488 4292 7424 9460
1488 4292 8290 8594
1488 4311 7470 9395
1488 4311 8375 8490
1488 4331 6995 9850
1488 4331 8375 8470
1488 4400 7520 9256
1488 4400 8346 8430
1488 4412 8290 8474
1488 4412 8294 8470
1488 4440 7424 9312
1488 4440 7480 9256
1488 4500 7184 9492
1488 4500 7804 8872
1488 4563 7105 9508
1488 4595 6869 9712
1488 4604 7932 8640
1488 4636 6600 9940
1488 4636 7900 8640
1488 4636 8264 8276
1488 4656 7680 8840
1488 4720 7061 9395
1488 4720 7200 9256
1488 4720 8166 8290
1488 4776 7110 9290
1488 4776 7480 8920
1488 4776 7680 8720
1488 4776 7760 8640
1488 4780 6682 9714
1488 4780 6800 9596
1488 4780 7796 8600
1488 4780 8120 8276
1488 4807 7451 8918
1488 4919 6608 9649
1488 4919 8120 8137
1488 4960 6502 9714
1488 4960 7451 8765
1488 5000 7900 8276
1488 5052 6956 9168
1488 5173 6608 9395
1488 5208 6800 9168
1488 5208 6980 8988
1488 5315 7724 8137
1488 5408 6088 9680
1488 5408 6120 9648
1488 5408 6458 9310
1488 5408 6600 9168
1488 5455 6849 8872
1488 5455 6956 8765
1488 5560 6020 9596
1488 5560 7479 8137
1488 5597 7105 8474
1488 5632 5694 9850
1488 5632 6794 8750
1488 5632 7424 8120
1488 5637 5859 9680
1488 5637 6956 8583
1488 5637 7370 8169
1488 5694 5834 9648
1488 5694 6170 9312
1488 5694 6869 8613
1488 5736 6522 8918
1488 5736 6600 8840
1488 5736 6800 8640
1488 5736 7105 8335
1488 5736 7680 7760
1488 5752 6390 9034
1488 5752 6584 8840
1488 5752 6800 8624
1488 5762 6224 9190
1488 5762 7120 8294
1488 5762 7514 7900
1488 5785 7667 7724
1488 5834 6502 8840
1488 5840 7167 8169
1488 5900 5976 9300
1488 5900 6020 9256
1488 5900 6682 8594
1488 5900 7000 8276
1488 5900 7110 8166
1488 5900 7480 7796
1488 5972 6170 9034
1488 5972 6730 8474
1488 5972 6869 8335
1488 5972 7480 7724
1488 5976 6600 8600
1488 5976 6730 8470
1488 5976 7331 7869
1488 5976 7520 7680
1488 6012 6995 8169
1488 6012 7044 8120
1488 6012 7360 7804
1488 6012 7479 7685
1488 6020 6682 8474
1488 6020 7360 7796
1488 6088 6100 8988
1488 6088 6170 8918
1488 6088 6794 8294
1488 6088 7105 7983
1488 6100 6730 8346
1488 6100 6800 8276
1488 6100 6956 8120
1488 6170 6730 8276
1488 6170 6869 8137
1488 6224 6522 8430
1488 6384 6502 8290
1488 6390 6522 8264
1488 6458 6849 7869
1488 6522 7184 7470
1488 6579 6728 7869
1488 6608 7184 7384
1488 6682 6980 7514
1488 6682 7110 7384
1488 6728 6740 7708
1488 6730 6995 7451
1488 6740 6956 7480
1488 6740 7105 7331
1488 6745 6980 7451
1488 6745 7061 7370
1488 6995 7061 7120
1520 1580 9714 9850
1520 1706 9508 9930
1520 1744 9460 9940
1520 1904 9300 9940
1520 1904 9310 9930
1520 2244 8910 9990
1520 2352 9300 9492
1520 2389 8765 9990
1520 2590 8624 9930
1520 2590 8840 9714
1520 2620 8594 9930
1520 2628 8920 9596
1520 2638 8910 9596
1520 2664 8490 9990
1520 2664 8988 9492
1520 2664 9168 9312
1520 2664 9190 9290
1520 2848 9128 9168
1520 2920 8294 9930
1520 2920 9034 9190
1520 2924 8290 9930
1520 2924 8624 9596
1520 2924 8910 9310
1520 2924 8920 9300
1520 3036 8600 9508
1520 3036 8918 9190
1520 3136 8294 9714
1520 3136 8613 9395
1520 3136 8840 9168
1520 3142 8290 9712
1520 3200 8264 9680
1520 3200 8910 9034
1520 3240 8594 9310
1520 3270 8840 9034
1520 3360 8276 9508
1520 3360 8474 9310
1520 3360 8594 9190
1520 3360 8750 9034
1520 3384 8300 9460
1520 3384 8470 9290
1520 3384 8840 8920
1520 3556 8276 9312
1520 3556 8600 8988
1520 3620 8490 9034
1520 3626 7804 9714
1520 3626 7869 9649
1520 3626 8600 8918
1520 3750 7680 9714
1520 3750 8474 8920
1520 3800 8594 8750
1520 3800 8624 8720
1520 3814 7480 9850
1520 3814 8490 8840
1520 3820 7384 9940
1520 3820 8290 9034
1520 3904 8490 8750
1520 3904 8600 8640
1520 3950 7480 9714
1520 3950 7514 9680
1520 3950 8276 8918
1520 3950 8474 8720
1520 3950 8594 8600
1520 3969 7667 9508
1520 3969 8335 8840
1520 4031 7184 9929
1520 4100 8294 8750
1520 4112 7384 9648
1520 4135 7360 9649
1520 4135 8137 8872
1520 4135 8169 8840
1520 4196 8335 8613
1520 4225 8169 8750
1520 4233 7061 9850
1520 4233 7451 9460
1520 4292 7360 9492
1520 4292 7724 9128
1520 4292 7932 8920
1520 4311 7184 9649
1520 4331 7685 9128
1520 4400 8120 8624
1520 4440 7514 9190
1520 4500 6794 9850
1520 4500 6995 9649
1520 4500 7184 9460
1520 4500 7724 8920
1520 4500 7804 8840
1520 4563 6869 9712
1520 4595 6869 9680
1520 4604 6600 9940
1520 4604 7900 8640
1520 4604 8264 8276
1520 4636 6579 9929
1520 4636 6794 9714
1520 4636 7000 9508
1520 4636 7520 8988
1520 4656 6980 9508
1520 4656 7360 9128
1520 4720 7514 8910
1520 4730 8120 8294
1520 4776 7200 9168
1520 4780 7724 8640
1520 4807 7724 8613
1520 4970 6682 9492
1520 4970 7424 8750
1520 5000 7110 9034
1520 5000 7424 8720
1520 5000 7520 8624
1520 5052 6584 9508
1520 5052 6600 9492
1520 5052 7479 8613
1520 5173 7061 8910
1520 5173 7331 8640
1520 5208 6224 9712
1520 5315 5900 9929
1520 5408 6088 9648
1520 5408 6608 9128
1520 5408 7804 7932
1520 5455 6849 8840
1520 5455 7520 8169
1520 5560 7110 8474
1520 5632 6020 9492
1520 5632 6384 9128
1520 5632 7708 7804
1520 5637 5859 9648
1520 5637 7370 8137
1520 5694 5736 9714
1520 5694 6730 8720
1520 5694 6980 8470
1520 5736 5900 9508
1520 5736 6490 8918
1520 5752 5900 9492
1520 5752 6224 9168
1520 5785 6869 8490
1520 5834 6020 9290
1520 5834 6120 9190
1520 5834 6390 8920
1520 5834 7514 7796
1520 5840 6384 8920
1520 5840 6584 8720
1520 5840 7040 8264
1520 5840 7167 8137
1520 5840 7184 8120
1520 5859 6995 8290
1520 5900 6869 8375
1520 5900 6980 8264
1520 5900 7520 7724
1520 5972 6682 8490
1520 6012 6995 8137
1520 6012 7200 7932
1520 6012 7424 7708
1520 6100 7061 7983
1520 6120 6384 8640
1520 6120 6730 8294
1520 6170 6224 8750
1520 6170 7105 7869
1520 6224 6490 8430
1520 6224 6800 8120
1520 6384 6956 7804
1520 6384 7000 7760
1520 6390 6490 8264
1520 6390 7370 7384
1520 6490 7184 7470
1520 6502 6522 8120
1520 6584 6800 7760
1520 6584 7040 7520
1520 6584 7200 7360
1520 6600 6740 7804
1520 6600 7120 7424
1520 6600 7184 7360
1520 6608 6740 7796
1520 6608 6869 7667
1520 6730 7044 7370
1520 6740 6980 7424
1520 6740 7044 7360
1520 6794 6980 7370
1520 6980 7044 7120
1520 6995 7044 7105
1580 1904 9190 9990
1580 1910 9460 9714
1580 2016 9128 9940
1580 2072 9300 9712
1580 2148 9256 9680
1580 2244 8910 9930
1580 2244 9128 9712
1580 2272 8872 9940
1580 2320 9168 9596
1580 2320 9256 9508
1580 2389 8765 9930
1580 2389 9300 9395
1580 2470 8624 9990
1580 2570 8918 9596
1580 2584 9190 9310
1580 2590 9034 9460
1580 2620 8474 9990
1580 2620 8750 9714
1580 2638 9190 9256
1580 2639 8765 9680
1580 2664 8430 9990
1580 2664 8490 9930
1580 2848 8640 9596
1580 2924 8765 9395
1580 2995 8375 9714
1580 3036 8920 9128
1580 3080 8290 9714
1580 3136 8300 9648
1580 3142 8294 9648
1580 3142 8346 9596
1580 3200 8594 9290
1580 3270 8166 9648
1580 3270 8624 9190
1580 3300 8276 9508
1580 3300 8474 9310
1580 3300 8594 9190
1580 3300 8750 9034
1580 3322 8166 9596
1580 3322 8594 9168
1580 3360 8264 9460
1580 3384 7760 9940
1580 3520 8169 9395
1580 3520 8264 9300
1580 3556 7932 9596
1580 3620 8430 9034
1580 3620 8624 8840
1580 3626 8290 9168
1580 3626 8470 8988
1580 3644 7760 9680
1580 3644 7932 9508
1580 3644 8600 8840
1580 3728 7708 9648
1580 3728 7760 9596
1580 3728 8166 9190
1580 3750 7685 9649
1580 3750 8166 9168
1580 3750 8300 9034
1580 3750 8346 8988
1580 3786 8264 9034
1580 3814 8430 8840
1580 3820 7804 9460
1580 3820 7869 9395
1580 3820 8276 8988
1580 3820 8346 8918
1580 3820 8624 8640
1580 3904 8430 8750
1580 3950 8294 8840
1580 4031 8470 8583
1580 4088 8276 8720
1580 4100 7044 9940
1580 4100 8264 8720
1580 4112 7480 9492
1580 4112 7804 9168
1580 4191 7983 8910
1580 4196 7760 9128
1580 4196 7900 8988
1580 4196 8264 8624
1580 4196 8294 8594
1580 4225 6869 9990
1580 4225 8276 8583
1580 4292 7480 9312
1580 4292 7804 8988
1580 4311 7061 9712
1580 4331 7105 9648
1580 4400 7384 9300
1580 4412 6682 9990
1580 4412 7360 9312
1580 4440 6794 9850
1580 4440 6995 9649
1580 4440 7184 9460
1580 4440 7724 8920
1580 4440 7804 8840
1580 4500 8290 8294
1580 4563 7061 9460
1580 4563 7331 9190
1580 4595 7724 8765
1580 4604 6490 9990
1580 4604 6800 9680
1580 4604 7760 8720
1580 4636 6458 9990
1580 4636 6800 9648
1580 4636 6956 9492
1580 4656 7708 8720
1580 4656 7804 8624
1580 4720 7724 8640
1580 4730 7044 9310
1580 4730 7514 8840
1580 4730 7760 8594
1580 4776 6458 9850
1580 4776 6800 9508
1580 4776 7708 8600
1580 4780 7384 8920
1580 4780 7680 8624
1580 4807 7983 8294
1580 4960 6956 9168
1580 4970 7514 8600
1580 4970 7520 8594
1580 5000 6794 9290
1580 5000 6956 9128
1580 5052 6384 9648
1580 5052 7044 8988
1580 5208 6384 9492
1580 5208 6956 8920
1580 5315 5840 9929
1580 5315 6120 9649
1580 5315 6579 9190
1580 5315 6849 8920
1580 5315 7479 8290
1580 5315 7869 7900
1580 5408 5736 9940
1580 5408 6956 8720
1580 5455 7760 7869
1580 5560 6224 9300
1580 5560 6490 9034
1580 5597 5637 9850
1580 5632 6869 8583
1580 5632 7520 7932
1580 5637 6682 8765
1580 5694 6100 9290
1580 5694 7044 8346
1580 5736 5752 9596
1580 5736 5840 9508
1580 5736 7479 7869
1580 5752 5840 9492
1580 5752 6020 9312
1580 5762 6012 9310
1580 5762 6682 8640
1580 5762 6728 8594
1580 5785 6579 8720
1580 5785 6869 8430
1580 5834 6956 8294
1580 5840 6869 8375
1580 5840 6980 8264
1580 5840 7520 7724
1580 5859 7105 8120
1580 5900 6584 8600
1580 5900 6849 8335
1580 5900 7424 7760
1580 5972 6682 8430
1580 5976 6120 8988
1580 5976 7384 7724
1580 6020 6224 8840
1580 6020 6800 8264
1580 6020 7384 7680
1580 6088 6522 8474
1580 6088 7200 7796
1580 6100 6384 8600
1580 6100 6390 8594
1580 6100 7470 7514
1580 6120 6490 8474
1580 6170 6579 8335
1580 6170 6745 8169
1580 6170 6794 8120
1580 6170 7110 7804
1580 6224 6390 8470
1580 6224 6584 8276
1580 6224 6740 8120
1580 6384 6800 7900
1580 6390 6794 7900
1580 6502 6682 7900
1580 6522 6579 7983
1580 6579 6745 7760
1580 6584 6600 7900
1580 6584 6740 7760
1580 6584 6980 7520
1580 6608 6956 7520
1580 6745 6869 7470
1580 6869 7105 7110
1580 7000 7040 7044
1600 1674 9460 9930
1600 1704 9648 9712
1600 1706 9508 9850
1600 1876 9508 9680
1600 1904 9310 9850
1600 2072 9312 9680
1600 2244 9312 9508
1600 2272 9300 9492
1600 2432 8918 9714
1600 2432 8920 9712
1600 2570 9034 9460
1600 2584 8490 9990
1600 2584 8988 9492
1600 2584 9168 9312
1600 2584 9190 9290
1600 2590 8624 9850
1600 2620 8594 9850
1600 2628 8840 9596
1600 2638 8918 9508
1600 2664 8470 9930
1600 2664 8720 9680
1600 2758 8594 9712
1600 2848 8276 9940
1600 2920 8294 9850
1600 2920 8430 9714
1600 2924 8290 9850
1600 2924 8840 9300
1600 3080 8335 9649
1600 3142 7932 9990
1600 3142 8430 9492
1600 3270 7804 9990
1600 3280 8276 9508
1600 3280 8474 9310
1600 3280 8594 9190
1600 3280 8750 9034
1600 3300 8474 9290
1600 3308 8264 9492
1600 3322 8430 9312
1600 3384 8490 9190
1600 3520 8624 8920
1600 3556 7796 9712
1600 3556 8474 9034
1600 3620 7514 9930
1600 3620 7796 9648
1600 3620 8276 9168
1600 3626 7724 9714
1600 3644 7480 9940
1600 3644 7708 9712
1600 3644 8120 9300
1600 3750 7384 9930
1600 3750 8474 8840
1600 3750 8594 8720
1600 3786 8290 8988
1600 3800 7804 9460
1600 3800 7869 9395
1600 3800 8276 8988
1600 3800 8346 8918
1600 3800 8624 8640
1600 3820 7932 9312
1600 3904 7480 9680
1600 3950 7184 9930
1600 3950 7804 9310
1600 3950 8474 8640
1600 3950 8490 8624
1600 3969 7105 9990
1600 3969 8375 8720
1600 4031 7384 9649
1600 4100 7708 9256
1600 4100 7796 9168
1600 4100 8474 8490
1600 4135 7000 9929
1600 4135 8335 8594
1600 4135 8346 8583
1600 4191 8290 8583
1600 4196 7360 9508
1600 4225 6849 9990
1600 4225 7331 9508
1600 4272 7480 9312
1600 4272 7804 8988
1600 4292 7900 8872
1600 4292 7932 8840
1600 4311 7105 9648
1600 4331 7983 8750
1600 4331 8120 8613
1600 4412 7932 8720
1600 4500 7724 8840
1600 4500 8264 8300
1600 4563 8166 8335
1600 4595 7869 8600
1600 4595 8169 8300
1600 4604 7000 9460
1600 4604 8166 8294
1600 4636 7708 8720
1600 4636 7804 8624
1600 4656 6728 9680
1600 4720 7044 9300
1600 4720 7424 8920
1600 4730 7044 9290
1600 4730 7424 8910
1600 4776 6608 9680
1600 4776 7120 9168
1600 4776 7370 8918
1600 4807 6608 9649
1600 4807 8120 8137
1600 4919 7869 8276
1600 4960 6390 9714
1600 4960 6794 9310
1600 4960 7184 8920
1600 4960 7384 8720
1600 4960 7480 8624
1600 4960 7804 8300
1600 4970 6794 9300
1600 4970 7184 8910
1600 4970 7470 8624
1600 4970 7804 8290
1600 5000 6384 9680
1600 5000 7424 8640
1600 5000 7451 8613
1600 5000 7470 8594
1600 5173 6579 9312
1600 5208 6600 9256
1600 5208 6728 9128
1600 5315 6100 9649
1600 5408 5976 9680
1600 5408 7724 7932
1600 5560 6012 9492
1600 5560 6584 8920
1600 5560 7384 8120
1600 5560 7708 7796
1600 5597 7167 8300
1600 5632 5752 9680
1600 5632 5972 9460
1600 5632 6120 9312
1600 5632 6522 8910
1600 5632 6682 8750
1600 5632 6849 8583
1600 5632 7708 7724
1600 5637 7667 7760
1600 5694 6730 8640
1600 5694 6995 8375
1600 5694 7470 7900
1600 5736 6608 8720
1600 5736 6728 8600
1600 5736 6745 8583
1600 5752 6012 9300
1600 5762 6012 9290
1600 5762 6384 8918
1600 5762 6956 8346
1600 5762 7370 7932
1600 5785 6849 8430
1600 5785 7110 8169
1600 5834 6390 8840
1600 5834 6740 8490
1600 5834 6800 8430
1600 5834 7061 8169
1600 5834 7110 8120
1600 5834 7470 7760
1600 5840 6384 8840
1600 5840 6584 8640
1600 5840 6600 8624
1600 5840 6794 8430
1600 5840 6849 8375
1600 5859 7520 7685
1600 5900 6995 8169
1600 5900 7044 8120
1600 5900 7360 7804
1600 5900 7479 7685
1600 5972 7384 7708
1600 5976 6100 8988
1600 5976 6170 8918
1600 5976 6794 8294
1600 5976 7105 7983
1600 6012 6458 8594
1600 6012 7120 7932
1600 6020 7061 7983
1600 6088 6502 8474
1600 6088 6682 8294
1600 6088 7044 7932
1600 6100 6490 8474
1600 6120 6224 8720
1600 6120 7044 7900
1600 6120 7184 7760
1600 6120 7424 7520
1600 6170 6600 8294
1600 6170 6728 8166
1600 6170 7424 7470
1600 6224 7044 7796
1600 6224 7360 7480
1600 6224 7370 7470
1600 6384 6390 8290
1600 6384 6956 7724
1600 6384 6995 7685
1600 6384 7000 7680
1600 6384 7200 7480
1600 6502 6579 7983
1600 6579 6800 7685
1600 6579 7061 7424
1600 6584 6800 7680
1600 6584 7000 7480
1600 6584 7110 7370
1600 6584 7120 7360
1600 6600 6740 7724
1600 6600 7040 7424
1600 6745 6849 7470
1600 6794 6800 7470
1600 6849 7105 7110
1600 6869 6995 7200
1600 6980 7040 7044
1674 1710 9290 9990
1674 1744 9256 9990
1674 1932 9128 9930
1674 2016 9034 9940
1674 2072 8988 9930
1674 2148 9128 9714
1674 2244 9034 9712
1674 2285 8765 9940
1674 2285 9310 9395
1674 2432 8910 9648
1674 2470 8840 9680
1674 2470 8872 9648
1674 2570 8430 9990
1674 2570 8490 9930
1674 2590 8470 9930
1674 2590 8720 9680
1674 2620 8430 9940
1674 2620 8910 9460
1674 2625 8375 9990
1674 2638 8640 9712
1674 2692 8988 9310
1674 2758 8583 9649
1674 2758 8920 9312
1674 2848 8430 9712
1674 2920 8474 9596
1674 2924 8137 9929
1674 2924 8470 9596
1674 2995 8346 9649
1674 2995 8600 9395
1674 3036 8920 9034
1674 3080 8600 9310
1674 3080 8720 9190
1674 3136 8346 9508
1674 3142 8720 9128
1674 3200 8490 9300
1674 3200 8600 9190
1674 3200 8872 8918
1674 3240 7760 9990
1674 3240 7900 9850
1674 3240 8290 9460
1674 3240 8840 8910
1674 3270 8430 9290
1674 3300 7760 9930
1674 3322 8750 8918
1674 3360 8720 8910
1674 3384 8294 9312
1674 3520 7480 9990
1674 3520 8720 8750
1674 3556 8594 8840
1674 3620 7520 9850
1674 3626 7424 9940
1674 3626 7514 9850
1674 3644 8474 8872
1674 3750 8490 8750
1674 3750 8600 8640
1674 3758 7520 9712
1674 3758 7724 9508
1674 3758 7932 9300
1674 3786 8294 8910
1674 3800 7200 9990
1674 3800 7900 9290
1674 3800 8470 8720
1674 3904 7796 9290
1674 3904 8166 8920
1674 3950 7110 9930
1674 3950 7360 9680
1674 3950 8120 8920
1674 3950 8290 8750
1674 4031 7451 9508
1674 4031 8335 8624
1674 4031 8346 8613
1674 4088 8137 8765
1674 4100 7040 9850
1674 4100 8290 8600
1674 4112 7370 9508
1674 4135 7983 8872
1674 4191 6869 9930
1674 4196 7760 9034
1674 4225 7370 9395
1674 4225 8335 8430
1674 4272 6728 9990
1674 4331 6730 9929
1674 4331 7167 9492
1674 4331 8169 8490
1674 4400 6600 9990
1674 4400 6740 9850
1674 4400 7680 8910
1674 4400 8120 8470
1674 4400 8290 8300
1674 4412 6728 9850
1674 4440 7360 9190
1674 4440 8120 8430
1674 4500 7200 9290
1674 4563 8137 8290
1674 4595 7000 9395
1674 4595 7105 9290
1674 4604 7514 8872
1674 4636 7044 9310
1674 4636 7514 8840
1674 4636 7760 8594
1674 4656 7044 9290
1674 4656 7424 8910
1674 4720 6980 9290
1674 4720 7360 8910
1674 4720 7520 8750
1674 4720 7796 8474
1674 4730 6800 9460
1674 4776 6224 9990
1674 4776 6502 9712
1674 4776 7724 8490
1674 4780 7370 8840
1674 4919 6579 9492
1674 4960 6100 9930
1674 4960 6522 9508
1674 4960 6730 9300
1674 4960 6740 9290
1674 4960 7110 8920
1674 4960 7120 8910
1674 4970 6170 9850
1674 4970 6730 9290
1674 4970 7110 8910
1674 4970 7685 8335
1674 4970 7900 8120
1674 5000 6800 9190
1674 5000 6956 9034
1674 5000 7520 8470
1674 5052 6088 9850
1674 5052 6224 9714
1674 5052 6682 9256
1674 5173 7680 8137
1674 5208 6794 8988
1674 5455 7061 8474
1674 5455 7105 8430
1674 5455 7200 8335
1674 5560 5834 9596
1674 5560 6120 9310
1674 5560 6956 8474
1674 5560 7000 8430
1674 5597 7685 7708
1674 5632 5762 9596
1674 5632 6608 8750
1674 5632 6745 8613
1674 5637 6740 8613
1674 5637 7184 8169
1674 5637 7370 7983
1674 5736 5762 9492
1674 5736 5859 9395
1674 5752 7514 7724
1674 5762 5972 9256
1674 5762 6100 9128
1674 5762 7424 7804
1674 5762 7520 7708
1674 5785 7520 7685
1674 5834 5900 9256
1674 5834 6682 8474
1674 5834 7360 7796
1674 5840 7167 7983
1674 5840 7470 7680
1674 5859 7451 7680
1674 5900 6170 8920
1674 5900 6490 8600
1674 5900 6600 8490
1674 5900 6800 8290
1674 5972 6100 8918
1674 5972 6728 8290
1674 5972 6849 8169
1674 5976 6390 8624
1674 5976 6584 8430
1674 6012 6384 8594
1674 6012 6995 7983
1674 6088 6608 8294
1674 6100 6170 8720
1674 6100 6600 8290
1674 6100 7370 7520
1674 6120 7110 7760
1674 6170 6390 8430
1674 6224 6490 8276
1674 6224 6502 8264
1674 6224 6600 8166
1674 6390 7120 7480
1674 6458 6600 7932
1674 6458 6728 7804
1674 6490 6600 7900
1674 6490 6740 7760
1674 6490 6980 7520
1674 6502 6728 7760
1674 6522 7044 7424
1674 6584 6682 7724
1674 6600 6682 7708
1674 6682 6794 7514
1674 6730 6740 7520
1674 6745 6794 7451
1674 6745 7061 7184
1704 1710 9310 9940
1704 1800 9310 9850
1704 1904 9460 9596
1704 1920 9190 9850
1704 2098 8872 9990
1704 2148 8872 9940
1704 2244 9256 9460
1704 2470 8640 9850
1704 2470 9190 9300
1704 2590 8430 9940
1704 2590 8910 9460
1704 2620 8490 9850
1704 2628 8840 9492
1704 2628 8872 9460
1704 2664 9128 9168
1704 2758 8490 9712
1704 2758 9034 9168
1704 2920 8750 9290
1704 2920 8872 9168
1704 3036 8276 9648
1704 3036 8624 9300
1704 3080 8166 9714
1704 3080 8624 9256
1704 3142 8169 9649
1704 3200 8300 9460
1704 3200 8470 9290
1704 3200 8840 8920
1704 3240 8430 9290
1704 3270 7760 9930
1704 3280 8490 9190
1704 3300 8470 9190
1704 3300 8750 8910
1704 3322 7708 9930
1704 3322 8470 9168
1704 3322 8720 8918
1704 3360 8290 9310
1704 3360 8300 9300
1704 3384 8264 9312
1704 3384 8276 9300
1704 3520 7760 9680
1704 3520 7932 9508
1704 3520 8600 8840
1704 3556 7724 9680
1704 3556 8276 9128
1704 3620 8430 8910
1704 3626 7685 9649
1704 3626 8166 9168
1704 3626 8300 9034
1704 3626 8346 8988
1704 3644 7667 9649
1704 3728 7520 9712
1704 3728 7724 9508
1704 3728 7932 9300
1704 3750 7360 9850
1704 3750 7900 9310
1704 3750 8290 8920
1704 3750 8300 8910
1704 3750 8490 8720
1704 3786 7184 9990
1704 3786 8264 8910
1704 3800 7480 9680
1704 3820 7200 9940
1704 3820 7680 9460
1704 3820 8300 8840
1704 3820 8375 8765
1704 3950 8290 8720
1704 3969 7061 9930
1704 4031 7000 9929
1704 4031 8335 8594
1704 4031 8346 8583
1704 4112 7200 9648
1704 4112 7680 9168
1704 4135 8335 8490
1704 4191 7120 9649
1704 4191 7479 9290
1704 4191 8169 8600
1704 4196 8290 8474
1704 4196 8294 8470
1704 4225 6745 9990
1704 4225 7479 9256
1704 4272 7040 9648
1704 4272 7520 9168
1704 4292 6728 9940
1704 4292 6956 9712
1704 4292 7680 8988
1704 4292 7796 8872
1704 4311 7000 9649
1704 4331 6980 9649
1704 4331 8294 8335
1704 4400 7370 9190
1704 4412 6608 9940
1704 4412 7040 9508
1704 4412 7514 9034
1704 4412 7708 8840
1704 4440 7680 8840
1704 4500 7000 9460
1704 4500 8166 8294
1704 4563 7479 8918
1704 4595 7331 9034
1704 4604 7044 9312
1704 4636 6384 9940
1704 4636 6728 9596
1704 4636 7724 8600
1704 4656 7384 8920
1704 4656 7680 8624
1704 4720 6390 9850
1704 4720 7520 8720
1704 4730 7040 9190
1704 4730 7480 8750
1704 4730 7760 8470
1704 4780 6584 9596
1704 4807 6224 9929
1704 4960 7360 8640
1704 4960 7724 8276
1704 4970 6800 9190
1704 4970 6956 9034
1704 4970 7520 8470
1704 5000 6020 9940
1704 5000 7040 8920
1704 5000 7120 8840
1704 5000 7360 8600
1704 5000 7470 8490
1704 5052 6608 9300
1704 5052 6740 9168
1704 5173 6869 8918
1704 5173 7667 8120
1704 5173 7804 7983
1704 5208 5762 9990
1704 5208 6584 9168
1704 5315 7479 8166
1704 5408 5840 9712
1704 5408 6384 9168
1704 5455 6740 8765
1704 5560 5752 9648
1704 5560 6088 9312
1704 5560 6100 9300
1704 5560 6490 8910
1704 5560 6800 8600
1704 5560 7110 8290
1704 5632 6608 8720
1704 5632 6728 8600
1704 5632 6745 8583
1704 5637 6740 8583
1704 5637 6849 8474
1704 5694 5976 9290
1704 5694 7470 7796
1704 5736 6384 8840
1704 5736 6584 8640
1704 5736 6600 8624
1704 5736 6794 8430
1704 5736 6849 8375
1704 5752 6458 8750
1704 5752 6584 8624
1704 5752 6608 8600
1704 5762 6728 8470
1704 5762 7061 8137
1704 5785 6745 8430
1704 5785 6800 8375
1704 5785 7451 7724
1704 5834 6502 8624
1704 5840 6745 8375
1704 5840 7000 8120
1704 5840 7360 7760
1704 5972 7184 7804
1704 5976 6384 8600
1704 5976 6390 8594
1704 5976 7470 7514
1704 6012 6458 8490
1704 6020 6100 8840
1704 6020 7040 7900
1704 6088 6608 8264
1704 6100 6390 8470
1704 6100 6584 8276
1704 6100 6740 8120
1704 6120 7044 7796
1704 6120 7360 7480
1704 6120 7370 7470
1704 6170 6490 8300
1704 6170 7105 7685
1704 6170 7110 7680
1704 6224 6390 8346
1704 6390 7200 7370
1704 6458 6794 7708
1704 6490 6956 7514
1704 6490 7000 7470
1704 6490 7110 7360
1704 6522 6730 7708
1704 6600 7000 7360
1704 6730 7110 7120
1704 6745 7105 7110
1704 6794 7061 7105
1704 6800 7040 7120
1706 1800 9168 9990
1706 1932 9312 9714
1706 2048 8920 9990
1706 2072 9290 9596
1706 2098 8920 9940
1706 2244 9034 9680
1706 2389 8640 9929
1706 2389 8920 9649
1706 2429 8600 9929
1706 2432 9034 9492
1706 2470 8840 9648
1706 2590 8720 9648
1706 2620 8624 9714
1706 2638 8470 9850
1706 2638 8640 9680
1706 2692 8276 9990
1706 2758 8910 9290
1706 2848 8120 9990
1706 2848 8430 9680
1706 2848 8920 9190
1706 2920 8910 9128
1706 3036 7932 9990
1706 3036 8430 9492
1706 3080 8166 9712
1706 3080 8750 9128
1706 3200 8840 8918
1706 3300 8166 9492
1706 3300 8346 9312
1706 3300 8490 9168
1706 3300 8624 9034
1706 3322 8346 9290
1706 3360 8430 9168
1706 3360 8470 9128
1706 3384 7724 9850
1706 3384 8264 9310
1706 3520 7724 9714
1706 3644 7384 9930
1706 3644 8474 8840
1706 3644 8594 8720
1706 3750 8290 8918
1706 3758 7520 9680
1706 3758 7708 9492
1706 3758 7900 9300
1706 3758 8166 9034
1706 3758 8290 8910
1706 3786 7680 9492
1706 3786 8300 8872
1706 3820 7424 9714
1706 3904 8430 8624
1706 3950 7360 9648
1706 3950 7708 9300
1706 4031 7331 9596
1706 4088 7680 9190
1706 4088 8120 8750
1706 4088 8276 8594
1706 4100 8264 8594
1706 4112 7451 9395
1706 4135 7331 9492
1706 4135 7983 8840
1706 4225 7983 8750
1706 4225 8120 8613
1706 4311 7479 9168
1706 4331 7167 9460
1706 4331 8137 8490
1706 4400 8264 8294
1706 4412 7796 8750
1706 4440 6869 9649
1706 4500 6608 9850
1706 4500 7424 9034
1706 4500 7470 8988
1706 4500 7708 8750
1706 4563 7000 9395
1706 4563 7105 9290
1706 4604 7044 9310
1706 4604 7514 8840
1706 4604 7760 8594
1706 4636 6608 9714
1706 4656 6794 9508
1706 4656 7384 8918
1706 4656 7708 8594
1706 4720 6730 9508
1706 4720 7110 9128
1706 4730 6579 9649
1706 4776 6502 9680
1706 4776 7708 8474
1706 4780 7708 8470
1706 4807 6502 9649
1706 4919 6390 9649
1706 4919 6579 9460
1706 4919 6849 9190
1706 4919 7167 8872
1706 4960 6490 9508
1706 4960 7708 8290
1706 4970 7000 8988
1706 4970 7514 8474
1706 4970 7724 8264
1706 5000 7040 8918
1706 5052 5976 9930
1706 5173 6390 9395
1706 5208 5900 9850
1706 5208 7000 8750
1706 5208 7110 8640
1706 5208 7167 8583
1706 5408 5560 9990
1706 5408 6800 8750
1706 5408 6956 8594
1706 5408 7120 8430
1706 5408 7384 8166
1706 5455 7520 7983
1706 5560 6088 9310
1706 5597 7061 8300
1706 5632 5834 9492
1706 5632 6980 8346
1706 5637 7184 8137
1706 5694 6794 8470
1706 5694 7000 8264
1706 5736 5762 9460
1706 5736 6502 8720
1706 5736 7514 7708
1706 5752 7040 8166
1706 5785 6579 8594
1706 5840 7451 7667
1706 5859 7167 7932
1706 5900 6458 8600
1706 5900 6584 8474
1706 5900 6794 8264
1706 5972 6849 8137
1706 5976 6682 8300
1706 6012 6600 8346
1706 6012 6682 8264
1706 6020 7424 7514
1706 6088 6120 8750
1706 6088 7110 7760
1706 6100 6384 8474
1706 6224 6458 8276
1706 6390 7184 7384
1706 6458 6600 7900
1706 6458 6740 7760
1706 6458 6980 7520
1706 6490 7044 7424
1706 6522 6728 7708
1706 6522 6956 7480
1706 6522 7105 7331
1706 6579 6995 7384
1706 6608 6980 7370
1706 6728 7110 7120
1706 6730 7044 7184
1706 6730 7061 7167
1706 6740 6794 7424
1706 6794 6980 7184
1706 6794 7044 7120
1710 1910 9395 9649
1710 1932 9310 9712
1710 2016 9290 9648
1710 2048 9310 9596
1710 2072 9168 9714
1710 2244 8720 9990
1710 2269 9290 9395
1710 2271 9034 9649
1710 2272 9034 9648
1710 2272 9190 9492
1710 2320 8920 9714
1710 2352 9290 9312
1710 2570 9128 9256
1710 2584 8430 9940
1710 2584 8910 9460
1710 2590 8872 9492
1710 2620 9034 9300
1710 2638 8720 9596
1710 2639 8375 9940
1710 2639 8920 9395
1710 2664 8300 9990
1710 2664 9034 9256
1710 2692 8613 9649
1710 2758 8346 9850
1710 2758 8600 9596
1710 2848 8166 9940
1710 2924 8720 9310
1710 2924 8840 9190
1710 3036 8750 9168
1710 3080 8840 9034
1710 3136 8169 9649
1710 3200 8294 9460
1710 3200 8720 9034
1710 3240 7724 9990
1710 3280 8166 9508
1710 3280 8640 9034
1710 3300 7724 9930
1710 3300 7804 9850
1710 3308 7796 9850
1710 3308 7932 9714
1710 3308 8346 9300
1710 3322 7983 9649
1710 3360 8294 9300
1710 3520 8594 8840
1710 3620 7685 9649
1710 3620 8166 9168
1710 3620 8300 9034
1710 3620 8346 8988
1710 3626 7680 9648
1710 3626 8294 9034
1710 3644 7370 9940
1710 3644 8120 9190
1710 3644 8276 9034
1710 3644 8470 8840
1710 3728 7514 9712
1710 3750 8294 8910
1710 3758 8276 8920
1710 3758 8583 8613
1710 3786 7520 9648
1710 3786 7708 9460
1710 3800 8120 9034
1710 3800 8166 8988
1710 3814 7200 9940
1710 3814 7680 9460
1710 3814 8300 8840
1710 3814 8375 8765
1710 3820 8294 8840
1710 3904 7110 9940
1710 3904 7120 9930
1710 3904 7200 9850
1710 3904 7370 9680
1710 3904 7760 9290
1710 3904 8300 8750
1710 3969 6995 9990
1710 3969 7685 9300
1710 4031 7667 9256
1710 4112 7932 8910
1710 4135 7105 9714
1710 4135 7424 9395
1710 4191 7167 9596
1710 4191 7451 9312
1710 4191 8169 8594
1710 4196 7044 9714
1710 4196 7110 9648
1710 4196 7724 9034
1710 4225 6800 9929
1710 4233 8346 8375
1710 4272 7370 9312
1710 4272 7514 9168
1710 4272 7932 8750
1710 4311 6995 9648
1710 4311 7331 9312
1710 4311 8169 8474
1710 4331 7983 8640
1710 4400 7520 9034
1710 4400 7804 8750
1710 4400 8264 8290
1710 4440 6584 9930
1710 4440 6800 9714
1710 4440 7480 9034
1710 4500 6740 9714
1710 4595 7869 8490
1710 4604 7040 9310
1710 4636 7724 8594
1710 4636 7983 8335
1710 4656 6584 9714
1710 4656 7685 8613
1710 4720 6384 9850
1710 4720 6522 9712
1710 4720 7044 9190
1710 4720 7200 9034
1710 4720 7514 8720
1710 4720 7760 8474
1710 4720 7804 8430
1710 4730 7384 8840
1710 4776 7708 8470
1710 4780 6682 9492
1710 4780 7424 8750
1710 4919 6745 9290
1710 4919 7869 8166
1710 4960 6502 9492
1710 4960 6682 9312
1710 4960 7370 8624
1710 4960 7520 8474
1710 4970 6728 9256
1710 4970 6794 9190
1710 4970 7360 8624
1710 4970 7384 8600
1710 4970 7514 8470
1710 4970 7708 8276
1710 5000 7044 8910
1710 5000 7360 8594
1710 5000 7480 8474
1710 5052 5972 9930
1710 5173 7061 8720
1710 5208 6490 9256
1710 5208 7470 8276
1710 5315 7470 8169
1710 5408 5834 9712
1710 5408 7200 8346
1710 5455 5785 9714
1710 5455 6579 8920
1710 5560 6522 8872
1710 5560 6794 8600
1710 5560 6800 8594
1710 5632 6012 9310
1710 5632 6682 8640
1710 5632 6728 8594
1710 5694 5752 9508
1710 5694 7360 7900
1710 5736 6728 8490
1710 5752 6012 9190
1710 5752 6608 8594
1710 5752 6728 8474
1710 5762 6579 8613
1710 5785 5859 9310
1710 5785 6794 8375
1710 5785 6869 8300
1710 5785 7000 8169
1710 5834 6745 8375
1710 5834 7000 8120
1710 5834 7360 7760
1710 5840 6490 8624
1710 5900 6020 9034
1710 5900 6584 8470
1710 5972 6682 8300
1710 5976 6384 8594
1710 5976 6995 7983
1710 6100 6384 8470
1710 6100 7384 7470
1710 6120 7110 7724
1710 6120 7167 7667
1710 6170 6490 8294
1710 6170 6980 7804
1710 6170 7360 7424
1710 6224 6384 8346
1710 6224 7360 7370
1710 6384 7200 7370
1710 6390 7044 7520
1710 6490 6740 7724
1710 6490 7040 7424
1710 6502 6728 7724
1710 6579 7044 7331
1710 6584 7000 7370
1710 6682 7105 7167
1710 6730 6745 7479
1710 6730 6800 7424
1710 6730 7040 7184
1710 6745 6849 7360
1710 6794 6800 7360
1710 6794 7040 7120
1710 6800 7044 7110
1710 6849 6995 7110
1710 6849 7000 7105
1710 6849 7044 7061
1710 6869 6980 7105
1744 1800 9190 9930
1744 1876 9395 9649
1744 1920 9492 9508
1744 2016 9190 9714
1744 2016 9256 9648
1744 2072 8918 9930
1744 2072 9168 9680
1744 2148 9312 9460
1744 2244 9168 9508
1744 2269 9256 9395
1744 2271 8720 9929
1744 2320 8750 9850
1744 2320 8920 9680
1744 2320 9290 9310
1744 2352 8920 9648
1744 2352 9256 9312
1744 2432 8840 9648
1744 2470 8600 9850
1744 2584 8346 9990
1744 2584 8624 9712
1744 2620 8840 9460
1744 2620 8988 9312
1744 2625 8583 9712
1744 2692 8720 9508
1744 2692 8918 9310
1744 2758 8872 9290
1744 2758 9034 9128
1744 2793 8137 9990
1744 2920 8872 9128
1744 2995 8276 9649
1744 2995 8613 9312
1744 3036 8594 9290
1744 3080 7900 9940
1744 3136 8276 9508
1744 3136 8474 9310
1744 3136 8594 9190
1744 3136 8750 9034
1744 3200 8430 9290
1744 3240 8490 9190
1744 3280 8720 8920
1744 3300 7680 9940
1744 3300 8430 9190
1744 3308 7900 9712
1744 3308 7932 9680
1744 3308 8120 9492
1744 3308 8300 9312
1744 3308 8624 8988
1744 3322 8430 9168
1744 3322 8470 9128
1744 3360 8640 8920
1744 3360 8720 8840
1744 3384 8346 9190
1744 3520 7470 9930
1744 3520 7804 9596
1744 3520 8490 8910
1744 3556 7424 9940
1744 3556 7514 9850
1744 3620 7360 9940
1744 3620 7370 9930
1744 3626 8166 9128
1744 3644 7680 9596
1744 3728 7480 9712
1744 3758 7514 9648
1744 3758 8290 8872
1744 3786 8294 8840
1744 3814 7796 9310
1744 3820 7110 9990
1744 3820 7451 9649
1744 3820 7932 9168
1744 3820 8335 8765
1744 3904 7760 9256
1744 3950 6980 9990
1744 3950 7040 9930
1744 3950 7120 9850
1744 3950 7680 9290
1744 3950 8346 8624
1744 4031 8169 8720
1744 4031 8276 8613
1744 4088 7120 9712
1744 4088 7184 9648
1744 4088 7520 9312
1744 4100 7360 9460
1744 4100 7520 9300
1744 4100 7900 8920
1744 4100 8346 8474
1744 4112 7680 9128
1744 4135 7105 9680
1744 4191 6800 9929
1744 4196 6794 9930
1744 4196 7044 9680
1744 4196 7424 9300
1744 4196 7804 8920
1744 4196 8294 8430
1744 4272 7000 9648
1744 4272 7480 9168
1744 4272 7520 9128
1744 4292 6980 9648
1744 4292 7120 9508
1744 4292 7708 8920
1744 4331 7869 8720
1744 4400 7680 8840
1744 4412 6579 9929
1744 4412 6794 9714
1744 4412 7000 9508
1744 4412 7520 8988
1744 4440 6490 9990
1744 4440 6800 9680
1744 4440 7760 8720
1744 4500 6490 9930
1744 4500 6740 9680
1744 4500 7110 9310
1744 4500 7120 9300
1744 4500 7796 8624
1744 4500 8120 8300
1744 4563 6849 9508
1744 4563 7167 9190
1744 4595 7685 8640
1744 4656 6584 9680
1744 4656 6869 9395
1744 4656 7424 8840
1744 4656 7514 8750
1744 4720 6740 9460
1744 4720 7360 8840
1744 4720 7480 8720
1744 4720 7900 8300
1744 4730 6682 9508
1744 4730 6730 9460
1744 4730 7000 9190
1744 4730 7470 8720
1744 4730 7760 8430
1744 4730 7900 8290
1744 4776 7110 9034
1744 4776 7424 8720
1744 4776 7520 8624
1744 4780 6745 9395
1744 4919 6745 9256
1744 4960 6020 9940
1744 4960 7040 8920
1744 4960 7120 8840
1744 4960 7360 8600
1744 4960 7470 8490
1744 4970 6020 9930
1744 4970 6100 9850
1744 4970 6458 9492
1744 4970 6490 9460
1744 4970 7040 8910
1744 4970 7110 8840
1744 4970 7200 8750
1744 4970 7480 8470
1744 4970 7520 8430
1744 5000 6608 9312
1744 5000 6730 9190
1744 5000 7000 8920
1744 5000 7200 8720
1744 5052 6740 9128
1744 5173 6579 9168
1744 5208 6522 9190
1744 5208 6584 9128
1744 5208 6794 8918
1744 5408 6020 9492
1744 5408 6384 9128
1744 5408 7708 7804
1744 5455 5785 9680
1744 5455 6745 8720
1744 5455 6995 8470
1744 5560 5900 9460
1744 5560 6170 9190
1744 5597 6740 8583
1744 5597 6849 8474
1744 5632 5976 9312
1744 5632 6120 9168
1744 5637 7479 7804
1744 5736 6584 8600
1744 5736 6849 8335
1744 5736 7424 7760
1744 5762 6170 8988
1744 5762 6728 8430
1744 5785 6522 8613
1744 5785 6800 8335
1744 5785 7331 7804
1744 5834 6740 8346
1744 5840 6170 8910
1744 5840 6745 8335
1744 5900 6100 8920
1744 5900 6730 8290
1744 5900 7120 7900
1744 5972 6458 8490
1744 5976 6224 8720
1744 5976 7044 7900
1744 5976 7184 7760
1744 5976 7424 7520
1744 6012 6608 8300
1744 6012 7184 7724
1744 6012 7200 7708
1744 6020 6600 8300
1744 6020 7000 7900
1744 6088 6849 7983
1744 6100 6390 8430
1744 6120 7040 7760
1744 6120 7120 7680
1744 6170 6584 8166
1744 6384 6740 7796
1744 6384 6869 7667
1744 6490 6745 7685
1744 6600 6800 7520
1744 6600 6869 7451
1744 6600 7120 7200
1744 6740 6849 7331
1744 6740 6980 7200
1744 6800 7000 7120
1800 1904 9312 9648
1800 2016 8918 9930
1800 2016 9168 9680
1800 2048 9168 9648
1800 2072 9300 9492
1800 2148 9256 9460
1800 2244 9128 9492
1800 2352 8583 9929
1800 2432 8720 9712
1800 2584 8290 9990
1800 2584 8430 9850
1800 2584 8600 9680
1800 2590 8594 9680
1800 2620 8988 9256
1800 2628 8640 9596
1800 2639 8375 9850
1800 2639 8765 9460
1800 2664 8910 9290
1800 2692 8872 9300
1800 2758 8166 9940
1800 2848 8166 9850
1800 2920 8264 9680
1800 2920 8910 9034
1800 2924 8640 9300
1800 2924 8750 9190
1800 2995 8474 9395
1800 2995 8613 9256
1800 3036 8840 8988
1800 3036 8910 8918
1800 3080 8276 9508
1800 3080 8474 9310
1800 3080 8594 9190
1800 3080 8750 9034
1800 3136 8600 9128
1800 3142 8594 9128
1800 3200 7724 9940
1800 3200 8474 9190
1800 3270 8294 9300
1800 3280 8294 9290
1800 3300 8169 9395
1800 3300 8264 9300
1800 3308 8300 9256
1800 3322 8624 8918
1800 3360 7514 9990
1800 3360 8470 9034
1800 3360 8594 8910
1800 3384 8290 9190
1800 3384 8640 8840
1800 3520 8594 8750
1800 3520 8624 8720
1800 3620 7932 9312
1800 3644 7370 9850
1800 3644 7760 9460
1800 3644 8300 8920
1800 3644 8470 8750
1800 3728 7424 9712
1800 3728 8264 8872
1800 3750 7184 9930
1800 3750 7804 9310
1800 3750 8474 8640
1800 3750 8490 8624
1800 3758 7796 9310
1800 3800 7384 9680
1800 3800 8470 8594
1800 3814 7110 9940
1800 3814 7120 9930
1800 3814 7200 9850
1800 3814 7370 9680
1800 3814 7760 9290
1800 3814 8300 8750
1800 3820 8294 8750
1800 3904 7110 9850
1800 3904 8120 8840
1800 3904 8470 8490
1800 3950 7200 9714
1800 3950 7724 9190
1800 3950 8290 8624
1800 4031 7184 9649
1800 4088 7520 9256
1800 4088 8346 8430
1800 4100 8290 8474
1800 4100 8294 8470
1800 4112 7040 9712
1800 4112 8169 8583
1800 4135 6800 9929
1800 4191 7685 8988
1800 4196 6728 9940
1800 4196 6956 9712
1800 4196 7680 8988
1800 4196 7796 8872
1800 4225 8169 8470
1800 4225 8264 8375
1800 4233 7331 9300
1800 4272 7424 9168
1800 4292 7932 8640
1800 4311 7061 9492
1800 4400 6956 9508
1800 4412 6522 9930
1800 4412 6740 9712
1800 4412 7869 8583
1800 4440 7514 8910
1800 4500 7724 8640
1800 4604 6800 9460
1800 4636 6579 9649
1800 4656 7040 9168
1800 4656 7932 8276
1800 4720 7110 9034
1800 4720 7424 8720
1800 4720 7520 8624
1800 4730 7384 8750
1800 4780 6794 9290
1800 4780 6956 9128
1800 4807 6745 9312
1800 4919 7105 8840
1800 4960 6224 9680
1800 4960 7184 8720
1800 4970 6584 9310
1800 4970 7424 8470
1800 5000 6608 9256
1800 5052 6100 9712
1800 5052 6502 9310
1800 5052 6522 9290
1800 5173 5762 9929
1800 5173 7708 7983
1800 5208 5976 9680
1800 5208 7724 7932
1800 5315 5900 9649
1800 5315 7680 7869
1800 5408 6584 8872
1800 5408 7110 8346
1800 5455 7685 7724
1800 5560 6384 8920
1800 5560 6584 8720
1800 5560 7040 8264
1800 5560 7167 8137
1800 5560 7184 8120
1800 5597 6502 8765
1800 5632 5976 9256
1800 5632 6608 8624
1800 5632 6956 8276
1800 5637 7061 8166
1800 5694 6740 8430
1800 5752 6682 8430
1800 5762 6502 8600
1800 5834 5840 9190
1800 5834 6120 8910
1800 5834 6390 8640
1800 5834 6600 8430
1800 5834 6730 8300
1800 5834 6740 8290
1800 5840 6384 8640
1800 5840 6730 8294
1800 5859 7105 7900
1800 5900 5976 8988
1800 5900 6490 8474
1800 5972 6020 8872
1800 5972 7184 7708
1800 5976 6458 8430
1800 5976 6956 7932
1800 6012 6869 7983
1800 6012 7167 7685
1800 6020 7040 7804
1800 6020 7120 7724
1800 6088 6980 7796
1800 6100 6170 8594
1800 6100 7040 7724
1800 6120 7360 7384
1800 6170 6224 8470
1800 6170 6794 7900
1800 6224 6740 7900
1800 6224 7120 7520
1800 6384 6800 7680
1800 6384 7000 7480
1800 6384 7110 7370
1800 6384 7120 7360
1800 6390 6794 7680
1800 6390 6995 7479
1800 6458 6682 7724
1800 6502 6682 7680
1800 6579 6600 7685
1800 6584 6600 7680
1800 6584 6800 7480
1800 6600 6794 7470
1800 6869 6995 7000
1876 1904 9034 9850
1876 2016 9312 9460
1876 2048 8750 9990
1876 2072 9256 9460
1876 2098 8750 9940
1876 2098 8840 9850
1876 2272 8920 9596
1876 2320 8872 9596
1876 2320 9168 9300
1876 2352 8840 9596
1876 2389 8470 9929
1876 2389 8750 9649
1876 2429 8430 9929
1876 2470 9128 9190
1876 2570 8918 9300
1876 2584 8264 9940
1876 2584 8490 9714
1876 2628 8765 9395
1876 2638 8300 9850
1876 2638 8470 9680
1876 2638 8840 9310
1876 2692 8166 9930
1876 2692 8840 9256
1876 2758 8720 9310
1876 2758 8840 9190
1876 2793 8346 9649
1876 2793 8600 9395
1876 2848 8640 9300
1876 2848 8750 9190
1876 3036 8624 9128
1876 3080 8720 8988
1876 3142 7796 9850
1876 3142 7932 9714
1876 3142 8346 9300
1876 3200 8276 9312
1876 3200 8600 8988
1876 3240 7900 9648
1876 3270 7804 9714
1876 3270 7869 9649
1876 3270 8600 8918
1876 3280 7796 9712
1876 3280 8474 9034
1876 3308 8290 9190
1876 3308 8640 8840
1876 3322 8166 9300
1876 3322 8276 9190
1876 3322 8594 8872
1876 3360 8300 9128
1876 3384 7724 9680
1876 3384 8276 9128
1876 3520 7760 9508
1876 3556 7520 9712
1876 3556 7724 9508
1876 3556 7932 9300
1876 3620 7520 9648
1876 3620 7708 9460
1876 3626 7514 9648
1876 3626 8290 8872
1876 3728 7120 9940
1876 3728 7760 9300
1876 3728 7804 9256
1876 3728 7932 9128
1876 3750 8120 8918
1876 3750 8166 8872
1876 3758 7040 9990
1876 3758 8120 8910
1876 3758 8430 8600
1876 3800 7480 9508
1876 3800 8375 8613
1876 3814 7044 9930
1876 3814 7514 9460
1876 3904 7424 9460
1876 3904 8290 8594
1876 3950 7804 9034
1876 3969 7105 9714
1876 3969 7424 9395
1876 4100 7040 9648
1876 4100 7520 9168
1876 4112 7184 9492
1876 4112 7804 8872
1876 4191 7105 9492
1876 4196 7424 9168
1876 4225 6849 9714
1876 4272 7796 8720
1876 4292 7184 9312
1876 4311 7167 9310
1876 4331 6745 9712
1876 4331 7167 9290
1876 4331 7983 8474
1876 4400 6458 9930
1876 4400 6740 9648
1876 4400 7470 8918
1876 4412 6728 9648
1876 4412 7120 9256
1876 4440 7360 8988
1876 4440 7708 8640
1876 4440 7724 8624
1876 4500 6608 9680
1876 4500 7120 9168
1876 4500 7370 8918
1876 4636 7983 8169
1876 4720 6608 9460
1876 4720 7804 8264
1876 4780 7384 8624
1876 4780 7708 8300
1876 4807 7061 8920
1876 4919 6579 9290
1876 4960 6794 9034
1876 4960 6956 8872
1876 4960 7708 8120
1876 4970 6170 9648
1876 5000 5859 9929
1876 5000 6800 8988
1876 5052 6088 9648
1876 5052 6608 9128
1876 5052 7804 7932
1876 5208 5900 9680
1876 5208 6088 9492
1876 5208 6120 9460
1876 5208 6390 9190
1876 5208 6740 8840
1876 5208 6956 8624
1876 5208 6980 8600
1876 5208 7110 8470
1876 5208 7680 7900
1876 5315 6849 8624
1876 5408 6740 8640
1876 5408 7480 7900
1876 5455 7167 8166
1876 5560 5632 9596
1876 5560 5736 9492
1876 5560 5972 9256
1876 5560 6100 9128
1876 5560 7424 7804
1876 5560 7520 7708
1876 5597 6608 8583
1876 5632 5900 9256
1876 5632 6682 8474
1876 5632 7360 7796
1876 5694 6794 8300
1876 5694 6800 8294
1876 5694 7370 7724
1876 5736 5752 9300
1876 5736 5762 9290
1876 5736 6458 8594
1876 5736 7120 7932
1876 5752 7167 7869
1876 5785 6390 8613
1876 5834 6579 8375
1876 5834 6608 8346
1876 5840 6458 8490
1876 5900 6458 8430
1876 5900 6956 7932
1876 5972 5976 8840
1876 5972 6522 8294
1876 5976 6522 8290
1876 6012 6980 7796
1876 6020 7044 7724
1876 6088 6100 8600
1876 6088 6800 7900
1876 6100 6522 8166
1876 6100 6980 7708
1876 6120 6502 8166
1876 6170 7167 7451
1876 6224 7044 7520
1876 6384 6600 7804
1876 6384 6608 7796
1876 6384 6980 7424
1876 6384 7044 7360
1876 6490 6502 7796
1876 6579 6730 7479
1876 6579 6849 7360
1876 6608 6849 7331
1876 6608 6980 7200
1904 1910 8910 9940
1904 1910 8920 9930
1904 1920 8910 9930
1904 1920 9128 9712
1904 2148 9300 9312
1904 2244 8920 9596
1904 2271 8840 9649
1904 2272 8840 9648
1904 2320 9128 9312
1904 2470 8300 9990
1904 2470 9034 9256
1904 2570 8594 9596
1904 2584 8920 9256
1904 2590 8490 9680
1904 2620 8290 9850
1904 2620 8840 9300
1904 2628 8624 9508
1904 2628 8640 9492
1904 2638 8474 9648
1904 2639 8613 9508
1904 2664 8166 9930
1904 2664 8840 9256
1904 2758 8290 9712
1904 2848 7983 9929
1904 2848 8264 9648
1904 2848 8600 9312
1904 2920 7900 9940
1904 2995 8169 9596
1904 3036 8264 9460
1904 3080 8490 9190
1904 3142 8490 9128
1904 3200 8640 8920
1904 3200 8720 8840
1904 3240 8264 9256
1904 3240 8600 8920
1904 3270 8300 9190
1904 3280 8290 9190
1904 3280 8640 8840
1904 3300 7470 9990
1904 3300 7520 9940
1904 3308 7804 9648
1904 3322 7724 9714
1904 3360 7470 9930
1904 3360 7804 9596
1904 3360 8490 8910
1904 3384 8120 9256
1904 3520 8490 8750
1904 3520 8600 8640
1904 3556 8294 8910
1904 3620 7200 9940
1904 3620 7680 9460
1904 3620 8300 8840
1904 3620 8375 8765
1904 3626 8294 8840
1904 3644 7520 9596
1904 3644 7804 9312
1904 3644 8276 8840
1904 3728 7384 9648
1904 3750 8290 8720
1904 3786 7044 9930
1904 3786 7514 9460
1904 3800 7110 9850
1904 3800 8120 8840
1904 3800 8470 8490
1904 3814 6956 9990
1904 3814 8346 8600
1904 3820 7000 9940
1904 3820 7480 9460
1904 3820 8300 8640
1904 3820 8346 8594
1904 3950 7520 9290
1904 3950 7900 8910
1904 3969 7331 9460
1904 3969 7479 9312
1904 4031 6800 9929
1904 4088 6682 9990
1904 4088 7360 9312
1904 4100 6730 9930
1904 4100 6980 9680
1904 4100 7200 9460
1904 4100 7360 9300
1904 4100 7370 9290
1904 4100 7470 9190
1904 4112 7000 9648
1904 4112 7480 9168
1904 4112 7520 9128
1904 4135 8290 8335
1904 4191 6579 9990
1904 4191 7061 9508
1904 4191 7804 8765
1904 4196 7724 8840
1904 4196 8264 8300
1904 4272 6980 9508
1904 4272 7360 9128
1904 4292 7480 8988
1904 4311 6800 9649
1904 4331 6579 9850
1904 4400 7520 8840
1904 4400 7760 8600
1904 4412 7360 8988
1904 4412 7708 8640
1904 4412 7724 8624
1904 4440 6390 9930
1904 4440 6608 9712
1904 4440 7480 8840
1904 4440 7680 8640
1904 4500 6800 9460
1904 4636 6956 9168
1904 4656 6390 9714
1904 4656 6794 9310
1904 4656 7184 8920
1904 4656 7384 8720
1904 4656 7480 8624
1904 4656 7804 8300
1904 4720 6100 9940
1904 4720 6728 9312
1904 4720 6730 9310
1904 4720 6740 9300
1904 4720 7120 8920
1904 4720 7200 8840
1904 4730 6100 9930
1904 4730 6522 9508
1904 4730 6730 9300
1904 4730 6740 9290
1904 4730 7110 8920
1904 4730 7120 8910
1904 4776 6728 9256
1904 4776 6794 9190
1904 4776 7360 8624
1904 4776 7384 8600
1904 4776 7514 8470
1904 4776 7708 8276
1904 4780 6384 9596
1904 4780 7680 8300
1904 4807 7370 8583
1904 4807 7479 8474
1904 4960 6088 9712
1904 4960 6120 9680
1904 4960 6490 9310
1904 4960 7200 8600
1904 4960 7370 8430
1904 4960 7680 8120
1904 4970 6490 9300
1904 4970 6600 9190
1904 4970 7040 8750
1904 4970 7360 8430
1904 4970 7514 8276
1904 5000 6995 8765
1904 5000 7040 8720
1904 5000 7120 8640
1904 5000 7470 8290
1904 5173 5597 9990
1904 5208 5840 9712
1904 5208 6384 9168
1904 5315 5455 9990
1904 5315 7110 8335
1904 5315 7685 7760
1904 5408 6224 9128
1904 5408 6728 8624
1904 5408 7667 7685
1904 5560 5900 9300
1904 5560 6600 8600
1904 5560 6730 8470
1904 5560 7331 7869
1904 5560 7520 7680
1904 5597 6869 8294
1904 5736 5834 9190
1904 5736 6384 8640
1904 5736 6730 8294
1904 5752 5840 9168
1904 5752 6020 8988
1904 5752 6088 8920
1904 5752 6384 8624
1904 5762 6088 8910
1904 5762 7331 7667
1904 5785 6600 8375
1904 5840 6170 8750
1904 5840 6490 8430
1904 5840 6800 8120
1904 5859 7105 7796
1904 5900 6020 8840
1904 5900 6390 8470
1904 5900 6584 8276
1904 5900 6740 8120
1904 5976 6490 8294
1904 5976 6980 7804
1904 5976 7360 7424
1904 6012 6458 8290
1904 6012 6579 8169
1904 6012 7040 7708
1904 6020 6100 8640
1904 6020 6980 7760
1904 6088 6740 7932
1904 6100 6170 8490
1904 6100 6384 8276
1904 6100 6728 7932
1904 6100 6980 7680
1904 6120 6170 8470
1904 6120 6740 7900
1904 6120 7120 7520
1904 6170 6794 7796
1904 6170 7110 7480
1904 6170 7120 7470
1904 6224 6740 7796
1904 6224 6869 7667
1904 6390 7000 7370
1904 6490 6800 7470
1904 6579 6730 7451
1904 6579 7061 7120
1904 6600 6800 7360
1904 6600 7040 7120
1904 6608 6682 7470
1904 6608 6728 7424
1904 6740 6980 7040
1910 2072 9034 9648
1910 2072 9190 9492
1910 2320 8720 9714
1910 2352 8910 9492
1910 2389 8375 9990
1910 2429 8335 9990
1910 2429 8613 9712
1910 2470 8294 9990
1910 2570 8470 9714
1910 2570 8872 9312
1910 2584 8490 9680
1910 2628 8276 9850
1910 2638 8624 9492
1910 2638 8988 9128
1910 2639 8720 9395
1910 2692 8750 9312
1910 2692 8872 9190
1910 2848 8594 9312
1910 2848 8872 9034
1910 2848 8918 8988
1910 2920 8120 9714
1910 2924 7900 9930
1910 2924 8640 9190
1910 2924 8910 8920
1910 3080 8166 9508
1910 3080 8640 9034
1910 3136 8490 9128
1910 3142 7900 9712
1910 3142 7932 9680
1910 3142 8120 9492
1910 3142 8300 9312
1910 3142 8624 8988
1910 3200 8264 9290
1910 3240 8346 9168
1910 3240 8594 8920
1910 3270 7804 9680
1910 3270 8294 9190
1910 3280 7760 9714
1910 3280 8346 9128
1910 3300 7514 9940
1910 3300 8264 9190
1910 3322 8120 9312
1910 3322 8264 9168
1910 3360 7680 9714
1910 3360 8474 8920
1910 3384 7520 9850
1910 3520 7384 9850
1910 3520 7520 9714
1910 3520 8594 8640
1910 3620 8294 8840
1910 3626 7479 9649
1910 3626 7480 9648
1910 3644 7120 9990
1910 3644 7514 9596
1910 3644 8470 8640
1910 3728 8276 8750
1910 3758 8276 8720
1910 3814 7000 9940
1910 3814 7480 9460
1910 3814 8300 8640
1910 3814 8346 8594
1910 3820 7900 9034
1910 3820 8169 8765
1910 3820 8294 8640
1910 3904 7000 9850
1910 3904 7932 8918
1910 3950 7514 9290
1910 3950 7932 8872
1910 3969 7105 9680
1910 4031 6794 9929
1910 4112 7514 9128
1910 4112 7724 8918
1910 4135 7451 9168
1910 4135 7869 8750
1910 4191 6849 9714
1910 4196 8264 8294
1910 4225 6600 9929
1910 4225 6849 9680
1910 4233 7061 9460
1910 4233 7331 9190
1910 4272 7869 8613
1910 4292 6522 9940
1910 4311 6794 9649
1910 4331 7167 9256
1910 4400 7044 9310
1910 4400 7514 8840
1910 4400 7760 8594
1910 4412 7424 8918
1910 4412 7470 8872
1910 4440 6384 9930
1910 4440 6600 9714
1910 4500 6794 9460
1910 4595 6849 9310
1910 4595 6869 9290
1910 4595 7685 8474
1910 4595 7869 8290
1910 4604 6502 9648
1910 4604 7680 8470
1910 4604 7804 8346
1910 4636 6522 9596
1910 4636 7200 8918
1910 4656 6384 9714
1910 4656 6502 9596
1910 4656 7110 8988
1910 4656 7804 8294
1910 4656 7932 8166
1910 4720 7000 9034
1910 4720 7451 8583
1910 4730 7184 8840
1910 4730 7384 8640
1910 4730 7424 8600
1910 4730 7724 8300
1910 4730 7760 8264
1910 4776 7384 8594
1910 4780 6579 9395
1910 4780 7680 8294
1910 4919 6579 9256
1910 4919 6995 8840
1910 4960 7044 8750
1910 4960 7200 8594
1910 4970 7184 8600
1910 4970 7520 8264
1910 5052 5762 9940
1910 5052 6390 9312
1910 5208 5834 9712
1910 5208 7200 8346
1910 5408 5632 9714
1910 5408 7000 8346
1910 5455 6579 8720
1910 5455 6869 8430
1910 5560 6600 8594
1910 5560 7470 7724
1910 5560 7514 7680
1910 5597 5762 9395
1910 5632 6088 9034
1910 5632 6522 8600
1910 5632 6956 8166
1910 5637 6980 8137
1910 5736 5762 9256
1910 5736 6100 8918
1910 5736 6728 8290
1910 5736 6849 8169
1910 5752 5834 9168
1910 5762 6120 8872
1910 5762 6502 8490
1910 5762 6522 8470
1910 5762 6728 8264
1910 5785 6800 8169
1910 5785 6849 8120
1910 5834 6170 8750
1910 5834 6490 8430
1910 5834 6800 8120
1910 5840 6579 8335
1910 5840 6745 8169
1910 5840 6794 8120
1910 5840 7110 7804
1910 5859 6995 7900
1910 5900 6384 8470
1910 5900 7384 7470
1910 5972 7331 7451
1910 5976 6502 8276
1910 6020 6458 8276
1910 6088 6390 8276
1910 6100 6224 8430
1910 6100 6390 8264
1910 6100 7184 7470
1910 6120 7120 7514
1910 6170 7105 7479
1910 6170 7200 7384
1910 6384 7000 7370
1910 6390 6980 7384
1910 6490 6579 7685
1910 6490 6584 7680
1910 6490 6794 7470
1910 6584 6800 7370
1910 6600 6730 7424
1910 6600 6794 7360
1910 6600 7044 7110
1910 6730 6980 7044
1910 6800 6849 7105
1920 1932 8872 9940
1920 2244 9190 9310
1920 2320 9168 9256
1920 2429 8375 9940
1920 2429 8920 9395
1920 2432 8600 9712
1920 2470 8594 9680
1920 2570 8918 9256
1920 2584 8765 9395
1920 2590 8474 9680
1920 2625 8470 9649
1920 2628 8624 9492
1920 2628 8988 9128
1920 2638 8166 9940
1920 2639 8613 9492
1920 2848 8300 9596
1920 2848 8640 9256
1920 3036 8720 8988
1920 3080 7724 9940
1920 3080 8474 9190
1920 3142 8290 9312
1920 3142 8346 9256
1920 3142 8474 9128
1920 3200 8624 8920
1920 3240 7514 9990
1920 3240 8470 9034
1920 3240 8594 8910
1920 3270 7760 9714
1920 3270 8346 9128
1920 3280 8430 9034
1920 3280 8624 8840
1920 3300 7514 9930
1920 3300 7796 9648
1920 3300 8276 9168
1920 3308 7724 9712
1920 3322 7708 9714
1920 3322 8166 9256
1920 3322 8294 9128
1920 3360 8474 8910
1920 3384 7370 9990
1920 3384 7680 9680
1920 3384 7900 9460
1920 3384 8640 8720
1920 3520 8474 8750
1920 3520 8600 8624
1920 3556 7680 9508
1920 3556 7932 9256
1920 3620 7184 9940
1920 3626 7470 9648
1920 3644 7110 9990
1920 3644 7451 9649
1920 3644 7932 9168
1920 3644 8335 8765
1920 3728 7760 9256
1920 3750 7804 9190
1920 3758 7796 9190
1920 3758 8346 8640
1920 3786 8375 8583
1920 3800 8470 8474
1920 3814 7000 9930
1920 3814 7470 9460
1920 3814 8290 8640
1920 3820 6995 9929
1920 3820 7796 9128
1920 3820 8300 8624
1920 3904 8120 8720
1920 3950 7760 9034
1920 3969 7061 9714
1920 4088 8166 8490
1920 4100 6794 9850
1920 4100 6995 9649
1920 4100 7184 9460
1920 4100 7724 8920
1920 4100 7804 8840
1920 4112 7760 8872
1920 4191 7061 9492
1920 4196 6608 9940
1920 4196 7040 9508
1920 4196 7514 9034
1920 4196 7708 8840
1920 4225 6579 9940
1920 4272 6980 9492
1920 4272 8137 8335
1920 4292 6522 9930
1920 4292 6740 9712
1920 4292 7869 8583
1920 4311 8169 8264
1920 4331 7983 8430
1920 4331 8137 8276
1920 4400 7044 9300
1920 4400 7424 8920
1920 4412 7708 8624
1920 4440 7384 8920
1920 4440 7680 8624
1920 4500 6849 9395
1920 4500 7479 8765
1920 4500 7869 8375
1920 4563 6869 9312
1920 4595 6849 9300
1920 4595 7384 8765
1920 4595 7983 8166
1920 4604 6745 9395
1920 4636 6600 9508
1920 4636 6980 9128
1920 4636 7120 8988
1920 4636 7514 8594
1920 4720 7184 8840
1920 4720 7384 8640
1920 4720 7424 8600
1920 4720 7724 8300
1920 4720 7760 8264
1920 4730 6522 9492
1920 4730 6980 9034
1920 4730 7724 8290
1920 4776 6800 9168
1920 4776 6980 8988
1920 4780 7044 8920
1920 4780 7370 8594
1920 4919 7105 8720
1920 4919 7479 8346
1920 4960 7184 8600
1920 4960 7520 8264
1920 4970 5834 9940
1920 4970 6584 9190
1920 4970 6740 9034
1920 4970 7480 8294
1920 5000 7120 8624
1920 5000 7480 8264
1920 5052 5752 9940
1920 5052 5762 9930
1920 5052 6012 9680
1920 5052 6502 9190
1920 5052 7760 7932
1920 5173 5859 9712
1920 5173 7451 8120
1920 5208 6224 9312
1920 5208 6502 9034
1920 5208 7370 8166
1920 5208 7667 7869
1920 5408 7167 8169
1920 5455 6995 8294
1920 5455 7120 8169
1920 5560 6584 8600
1920 5560 6849 8335
1920 5560 7424 7760
1920 5597 5752 9395
1920 5597 7480 7667
1920 5632 6682 8430
1920 5694 7370 7680
1920 5736 5752 9256
1920 5736 5840 9168
1920 5736 6020 8988
1920 5736 6088 8920
1920 5736 6384 8624
1920 5752 6120 8872
1920 5752 6502 8490
1920 5752 6522 8470
1920 5752 6728 8264
1920 5762 6682 8300
1920 5785 6584 8375
1920 5785 7479 7480
1920 5840 7384 7520
1920 5840 7424 7480
1920 5859 6120 8765
1920 5859 7200 7685
1920 5900 5972 8872
1920 5900 7040 7804
1920 5900 7120 7724
1920 5972 7105 7667
1920 5976 7044 7724
1920 6012 6800 7932
1920 6020 6100 8624
1920 6020 7000 7724
1920 6020 7044 7680
1920 6088 6490 8166
1920 6100 6170 8474
1920 6120 6458 8166
1920 6120 7110 7514
1920 6120 7200 7424
1920 6224 7000 7520
1920 6224 7040 7480
1920 6384 6600 7760
1920 6384 7000 7360
1920 6458 6490 7796
1920 6490 6740 7514
1920 6502 6728 7514
1920 6584 6800 7360
1920 6584 7040 7120
1920 6728 6849 7167
1932 2016 9256 9460
1932 2072 8720 9940
1932 2072 9168 9492
1932 2098 8920 9714
1932 2148 8594 9990
1932 2148 8872 9712
1932 2148 8988 9596
1932 2244 8840 9648
1932 2269 8613 9850
1932 2272 8470 9990
1932 2320 8920 9492
1932 2352 8872 9508
1932 2352 8920 9460
1932 2432 8840 9460
1932 2432 8988 9312
1932 2470 8613 9649
1932 2570 8872 9290
1932 2570 9034 9128
1932 2584 8640 9508
1932 2590 8430 9712
1932 2692 8750 9290
1932 2692 8872 9168
1932 2758 8294 9680
1932 2793 8290 9649
1932 2848 8594 9290
1932 2924 8300 9508
1932 2924 8640 9168
1932 3136 7667 9929
1932 3142 8290 9300
1932 3142 8300 9290
1932 3142 8750 8840
1932 3200 8137 9395
1932 3200 8276 9256
1932 3270 8294 9168
1932 3270 8474 8988
1932 3280 7804 9648
1932 3300 8120 9312
1932 3300 8264 9168
1932 3308 7932 9492
1932 3322 7470 9940
1932 3322 7480 9930
1932 3322 8120 9290
1932 3322 8490 8920
1932 3360 7724 9648
1932 3384 8430 8918
1932 3384 8583 8765
1932 3520 7900 9312
1932 3520 8294 8918
1932 3626 7796 9310
1932 3758 7044 9930
1932 3758 7514 9460
1932 3786 6956 9990
1932 3786 8346 8600
1932 3800 7424 9508
1932 3800 7804 9128
1932 3814 8294 8624
1932 3814 8335 8583
1932 3820 7200 9712
1932 3950 7470 9312
1932 3950 8169 8613
1932 3969 7167 9596
1932 3969 7451 9312
1932 3969 8169 8594
1932 4031 7105 9596
1932 4031 7667 9034
1932 4088 6794 9850
1932 4088 6995 9649
1932 4088 7184 9460
1932 4088 7724 8920
1932 4088 7804 8840
1932 4100 7760 8872
1932 4112 7900 8720
1932 4135 7105 9492
1932 4191 8166 8375
1932 4196 7044 9492
1932 4225 7667 8840
1932 4233 7331 9168
1932 4272 7000 9460
1932 4272 8166 8294
1932 4292 6728 9712
1932 4292 6980 9460
1932 4292 7184 9256
1932 4292 7520 8920
1932 4331 8137 8264
1932 4400 7708 8624
1932 4412 6390 9930
1932 4412 6608 9712
1932 4412 7480 8840
1932 4412 7680 8640
1932 4440 6800 9492
1932 4440 6980 9312
1932 4500 6584 9648
1932 4500 6740 9492
1932 4500 7360 8872
1932 4500 7932 8300
1932 4563 6869 9300
1932 4563 7869 8300
1932 4595 7667 8470
1932 4604 7000 9128
1932 4636 6384 9712
1932 4636 7331 8765
1932 4636 7796 8300
1932 4656 6584 9492
1932 4730 6012 9990
1932 4730 7667 8335
1932 4730 7708 8294
1932 4776 7680 8276
1932 4780 6012 9940
1932 4807 7331 8594
1932 4807 7451 8474
1932 4919 7200 8613
1932 4970 6728 9034
1932 5000 6020 9712
1932 5000 6224 9508
1932 5052 6390 9290
1932 5052 6490 9190
1932 5052 7040 8640
1932 5052 7514 8166
1932 5173 6794 8765
1932 5173 7184 8375
1932 5208 6224 9300
1932 5208 6490 9034
1932 5408 6012 9312
1932 5408 6730 8594
1932 5408 7424 7900
1932 5408 7520 7804
1932 5455 5597 9680
1932 5455 5785 9492
1932 5560 6682 8490
1932 5597 6522 8613
1932 5597 6800 8335
1932 5597 7331 7804
1932 5632 5972 9128
1932 5632 6800 8300
1932 5632 6980 8120
1932 5632 7200 7900
1932 5637 5785 9310
1932 5694 6120 8918
1932 5694 6608 8430
1932 5694 6869 8169
1932 5736 6522 8474
1932 5736 7200 7796
1932 5752 6490 8490
1932 5752 7184 7796
1932 5834 6608 8290
1932 5834 7384 7514
1932 5840 5972 8920
1932 5840 6020 8872
1932 5840 7184 7708
1932 5859 6579 8294
1932 5900 6849 7983
1932 5972 6120 8640
1932 5972 6956 7804
1932 5972 7000 7760
1932 6012 6120 8600
1932 6012 6600 8120
1932 6012 7040 7680
1932 6012 7200 7520
1932 6020 6088 8624
1932 6088 6170 8474
1932 6170 6579 7983
1932 6224 6608 7900
1932 6224 6800 7708
1932 6384 6869 7479
1932 6458 6794 7480
1932 6490 6728 7514
1932 6502 6522 7708
1932 6502 7110 7120
1932 6522 6730 7480
1932 6522 6740 7470
1932 6608 6740 7384
2016 2048 8750 9850
2016 2048 8920 9680
2016 2048 9290 9310
2016 2148 9190 9310
2016 2244 8474 9930
2016 2352 9128 9168
2016 2429 8290 9929
2016 2432 8276 9940
2016 2470 8988 9190
2016 2570 8430 9648
2016 2570 8910 9168
2016 2590 8346 9712
2016 2625 8375 9648
2016 2628 8720 9300
2016 2638 8720 9290
2016 2664 8335 9649
2016 2692 8276 9680
2016 2758 7900 9990
2016 2758 8294 9596
2016 2758 8430 9460
2016 2758 8600 9290
2016 2848 8120 9680
2016 2848 8490 9310
2016 2920 8600 9128
2016 2924 8264 9460
2016 2995 7724 9929
2016 3036 7900 9712
2016 3036 7932 9680
2016 3036 8120 9492
2016 3036 8300 9312
2016 3036 8624 8988
2016 3136 8594 8918
2016 3136 8640 8872
2016 3240 7479 9929
2016 3240 7760 9648
2016 3240 7900 9508
2016 3240 8490 8918
2016 3270 7983 9395
2016 3270 8613 8765
2016 3300 8430 8918
2016 3300 8583 8765
2016 3308 8430 8910
2016 3360 7796 9492
2016 3360 8120 9168
2016 3360 8300 8988
2016 3384 7804 9460
2016 3384 7869 9395
2016 3384 8276 8988
2016 3384 8346 8918
2016 3384 8624 8640
2016 3520 7479 9649
2016 3520 7480 9648
2016 3620 7520 9508
2016 3620 7900 9128
2016 3626 7514 9508
2016 3728 6980 9940
2016 3728 7932 8988
2016 3728 8430 8490
2016 3750 7184 9714
2016 3750 7708 9190
2016 3758 7040 9850
2016 3758 8290 8600
2016 3786 7370 9492
2016 3800 7200 9648
2016 3800 7680 9168
2016 3814 7120 9714
2016 3904 8120 8624
2016 4088 7370 9190
2016 4100 6608 9940
2016 4100 7040 9508
2016 4100 7514 9034
2016 4100 7708 8840
2016 4112 7044 9492
2016 4135 6584 9929
2016 4135 7479 9034
2016 4135 7900 8613
2016 4191 6745 9712
2016 4191 7167 9290
2016 4191 7983 8474
2016 4196 6522 9930
2016 4196 6740 9712
2016 4196 7869 8583
2016 4225 7167 9256
2016 4233 7105 9310
2016 4272 6728 9648
2016 4272 7120 9256
2016 4292 7044 9312
2016 4311 7724 8613
2016 4331 7061 9256
2016 4400 6600 9648
2016 4400 6740 9508
2016 4400 7120 9128
2016 4412 6522 9714
2016 4412 6728 9508
2016 4412 6980 9256
2016 4440 7040 9168
2016 4440 7932 8276
2016 4500 6980 9168
2016 4563 7167 8918
2016 4595 7470 8583
2016 4604 6584 9460
2016 4656 6682 9310
2016 4656 7120 8872
2016 4720 6800 9128
2016 4730 6458 9460
2016 4730 6608 9310
2016 4730 6728 9190
2016 4730 7000 8918
2016 4776 6224 9648
2016 4776 6682 9190
2016 4776 7000 8872
2016 4780 6740 9128
2016 4919 7105 8624
2016 4960 5976 9712
2016 4960 7105 8583
2016 4960 7424 8264
2016 4970 6170 9508
2016 4970 7384 8294
2016 5000 6458 9190
2016 5000 6728 8920
2016 5000 6730 8918
2016 5000 7384 8264
2016 5000 7479 8169
2016 5052 6088 9508
2016 5052 6608 8988
2016 5052 6956 8640
2016 5208 6522 8918
2016 5208 6600 8840
2016 5208 6800 8640
2016 5208 7105 8335
2016 5208 7680 7760
2016 5315 7167 8166
2016 5408 5560 9680
2016 5408 6490 8750
2016 5408 6600 8640
2016 5408 7120 8120
2016 5408 7480 7760
2016 5455 5597 9596
2016 5560 6100 8988
2016 5560 6170 8918
2016 5560 6794 8294
2016 5560 7105 7983
2016 5597 7384 7667
2016 5632 6740 8276
2016 5632 7331 7685
2016 5637 7331 7680
2016 5694 6579 8375
2016 5694 6608 8346
2016 5736 6980 7932
2016 5752 5976 8920
2016 5752 6730 8166
2016 5762 5976 8910
2016 5785 7384 7479
2016 5834 6384 8430
2016 5840 6088 8720
2016 5840 7384 7424
2016 5900 6458 8290
2016 5900 6579 8169
2016 5900 7040 7708
2016 5976 6740 7932
2016 6012 6956 7680
2016 6020 6728 7900
2016 6088 6800 7760
2016 6088 7040 7520
2016 6088 7200 7360
2016 6170 6682 7796
2016 6224 7000 7424
2016 6224 7040 7384
2016 6384 6579 7685
2016 6384 6584 7680
2016 6384 6794 7470
2016 6579 6869 7200
2016 6608 7000 7040
2016 6728 6800 7120
2048 2148 8872 9596
2048 2148 9168 9300
2048 2272 9034 9310
2048 2320 9128 9168
2048 2352 8335 9929
2048 2432 8470 9714
2048 2432 8872 9312
2048 2570 8918 9128
2048 2584 8720 9312
2048 2590 8346 9680
2048 2590 8430 9596
2048 2628 8276 9712
2048 2638 8264 9714
2048 2638 8470 9508
2048 2638 8583 9395
2048 2664 8640 9312
2048 2664 8918 9034
2048 2692 8276 9648
2048 2692 8624 9300
2048 2848 8120 9648
2048 2848 8276 9492
2048 2848 8600 9168
2048 2848 8640 9128
2048 3036 7900 9680
2048 3036 7932 9648
2048 3036 8120 9460
2048 3036 8290 9290
2048 3080 8346 9190
2048 3136 8290 9190
2048 3136 8640 8840
2048 3142 7760 9714
2048 3142 8346 9128
2048 3240 8120 9256
2048 3270 8474 8872
2048 3300 7667 9649
2048 3322 8166 9128
2048 3360 7796 9460
2048 3360 8346 8910
2048 3384 7520 9712
2048 3384 7724 9508
2048 3384 7932 9300
2048 3520 7167 9929
2048 3520 7384 9712
2048 3520 7796 9300
2048 3520 8346 8750
2048 3556 7120 9940
2048 3556 7760 9300
2048 3556 7804 9256
2048 3556 7932 9128
2048 3620 8276 8720
2048 3626 7000 9990
2048 3626 7061 9929
2048 3626 7680 9310
2048 3644 7480 9492
2048 3644 7804 9168
2048 3728 7760 9128
2048 3728 7900 8988
2048 3728 8264 8624
2048 3728 8294 8594
2048 3758 8264 8594
2048 3786 6980 9850
2048 3786 7370 9460
2048 3786 7520 9310
2048 3786 7796 9034
2048 3800 7167 9649
2048 3800 8346 8470
2048 3820 7200 9596
2048 3904 7000 9712
2048 3904 7724 8988
2048 3969 7479 9168
2048 4031 7667 8918
2048 4088 7360 9168
2048 4100 7796 8720
2048 4112 7044 9460
2048 4112 7470 9034
2048 4112 8169 8335
2048 4191 6745 9680
2048 4196 6490 9930
2048 4196 6740 9680
2048 4196 7110 9310
2048 4196 7120 9300
2048 4196 7796 8624
2048 4196 8120 8300
2048 4272 7044 9300
2048 4272 7424 8920
2048 4292 6384 9940
2048 4292 6728 9596
2048 4292 7724 8600
2048 4311 6995 9310
2048 4331 6995 9290
2048 4331 7520 8765
2048 4331 7685 8600
2048 4400 6502 9714
2048 4400 7451 8765
2048 4412 6490 9714
2048 4412 6608 9596
2048 4412 7869 8335
2048 4440 7900 8276
2048 4500 6608 9508
2048 4563 7470 8583
2048 4636 6384 9596
2048 4636 7680 8300
2048 4656 6020 9940
2048 4656 7040 8920
2048 4656 7120 8840
2048 4656 7360 8600
2048 4656 7470 8490
2048 4720 6584 9312
2048 4720 6728 9168
2048 4776 5900 9940
2048 4776 6584 9256
2048 4776 7000 8840
2048 4776 7120 8720
2048 4776 7200 8640
2048 4776 7370 8470
2048 4780 7667 8169
2048 4807 7044 8765
2048 4960 5976 9680
2048 4960 7724 7932
2048 4970 6390 9256
2048 4970 6728 8918
2048 4970 7370 8276
2048 4970 7480 8166
2048 5000 6020 9596
2048 5000 7479 8137
2048 5052 7760 7804
2048 5173 6849 8594
2048 5173 7167 8276
2048 5208 5694 9714
2048 5208 5900 9508
2048 5208 6490 8918
2048 5408 5560 9648
2048 5408 6458 8750
2048 5408 6584 8624
2048 5408 6608 8600
2048 5455 6995 8166
2048 5632 5694 9290
2048 5632 6384 8600
2048 5632 6390 8594
2048 5632 7470 7514
2048 5637 7110 7869
2048 5694 6012 8910
2048 5736 5752 9128
2048 5736 6390 8490
2048 5736 6980 7900
2048 5736 7120 7760
2048 5736 7200 7680
2048 5736 7360 7520
2048 5752 6224 8640
2048 5752 6390 8474
2048 5752 6600 8264
2048 5752 6995 7869
2048 5752 7184 7680
2048 5752 7384 7480
2048 5762 6384 8470
2048 5762 7384 7470
2048 5834 7331 7451
2048 5840 6980 7796
2048 5900 6579 8137
2048 5900 6956 7760
2048 5972 6020 8624
2048 5972 6170 8474
2048 5976 6170 8470
2048 5976 6740 7900
2048 5976 7120 7520
2048 6012 6800 7804
2048 6020 6800 7796
2048 6100 6170 8346
2048 6100 6584 7932
2048 6100 6849 7667
2048 6170 6995 7451
2048 6224 7061 7331
2048 6390 6502 7724
2048 6502 6600 7514
2048 6502 6730 7384
2048 6584 6608 7424
2048 6600 6849 7167
2072 2098 9034 9460
2072 2148 8594 9850
2072 2244 8840 9508
2072 2272 8470 9850
2072 2272 8640 9680
2072 2320 8624 9648
2072 2352 8300 9940
2072 2432 8765 9395
2072 2470 8474 9648
2072 2570 8988 9034
2072 2584 8294 9714
2072 2584 8613 9395
2072 2584 8840 9168
2072 2590 8290 9712
2072 2638 8920 9034
2072 2692 8600 9300
2072 2758 8120 9714
2072 2793 7869 9930
2072 2793 8765 9034
2072 2848 7804 9940
2072 2924 8750 8918
2072 2995 7667 9930
2072 2995 8137 9460
2072 3036 8300 9256
2072 3080 8594 8918
2072 3080 8640 8872
2072 3136 8166 9290
2072 3142 7520 9930
2072 3200 7680 9712
2072 3200 7796 9596
2072 3200 7900 9492
2072 3200 7932 9460
2072 3200 8264 9128
2072 3200 8474 8918
2072 3280 7804 9508
2072 3322 8430 8840
2072 3360 7520 9712
2072 3360 7724 9508
2072 3360 7932 9300
2072 3384 8290 8918
2072 3520 7360 9712
2072 3520 7424 9648
2072 3520 7760 9312
2072 3556 7724 9312
2072 3620 7480 9492
2072 3620 7804 9168
2072 3626 7370 9596
2072 3626 7932 9034
2072 3644 8335 8613
2072 3728 7184 9680
2072 3728 8264 8600
2072 3750 7932 8910
2072 3758 7120 9714
2072 3786 6956 9850
2072 3786 8166 8640
2072 3800 7480 9312
2072 3800 7804 8988
2072 3814 6849 9929
2072 3820 7900 8872
2072 3820 7932 8840
2072 3904 7040 9648
2072 3904 7520 9168
2072 3950 7514 9128
2072 3950 7724 8918
2072 3969 7983 8640
2072 4031 6849 9712
2072 4031 7796 8765
2072 4088 7044 9460
2072 4088 7470 9034
2072 4088 8169 8335
2072 4100 6502 9990
2072 4100 7000 9492
2072 4112 6490 9990
2072 4112 6800 9680
2072 4112 7760 8720
2072 4135 6745 9712
2072 4135 7167 9290
2072 4135 7983 8474
2072 4191 8137 8264
2072 4196 6682 9714
2072 4196 6800 9596
2072 4196 7796 8600
2072 4196 8120 8276
2072 4233 7869 8490
2072 4272 6390 9930
2072 4272 6608 9712
2072 4272 7480 8840
2072 4272 7680 8640
2072 4292 7000 9300
2072 4292 7044 9256
2072 4292 7110 9190
2072 4331 7667 8594
2072 4412 6584 9596
2072 4440 7983 8169
2072 4500 6584 9508
2072 4500 6600 9492
2072 4500 7479 8613
2072 4563 6100 9929
2072 4563 6995 9034
2072 4595 6869 9128
2072 4595 7384 8613
2072 4604 7000 8988
2072 4604 7514 8474
2072 4604 7724 8264
2072 4636 7680 8276
2072 4656 6224 9712
2072 4720 6224 9648
2072 4720 6682 9190
2072 4720 7000 8872
2072 4730 6012 9850
2072 4776 7470 8346
2072 4780 6100 9712
2072 4780 6502 9310
2072 4780 6522 9290
2072 4807 6390 9395
2072 4919 7804 7869
2072 4970 5632 9990
2072 5000 6100 9492
2072 5000 6682 8910
2072 5052 7110 8430
2072 5173 6579 8840
2072 5173 7044 8375
2072 5208 5455 9929
2072 5208 5736 9648
2072 5208 7120 8264
2072 5315 5597 9680
2072 5315 5785 9492
2072 5408 6584 8600
2072 5408 6849 8335
2072 5408 7424 7760
2072 5455 7000 8137
2072 5455 7470 7667
2072 5560 5637 9395
2072 5632 5972 8988
2072 5632 6088 8872
2072 5632 6120 8840
2072 5632 6490 8470
2072 5632 6794 8166
2072 5632 7200 7760
2072 5694 6608 8290
2072 5694 7384 7514
2072 5736 6956 7900
2072 5752 6120 8720
2072 5752 7044 7796
2072 5752 7360 7480
2072 5752 7370 7470
2072 5762 7360 7470
2072 5785 6224 8583
2072 5834 5840 8918
2072 5834 6458 8300
2072 5840 6458 8294
2072 5840 6956 7796
2072 5840 7044 7708
2072 5859 6120 8613
2072 5900 5972 8720
2072 5972 6020 8600
2072 6012 7110 7470
2072 6088 6384 8120
2072 6088 7120 7384
2072 6170 6490 7932
2072 6170 6522 7900
2072 6224 6608 7760
2072 6384 6728 7480
2072 6390 6522 7680
2072 6390 6682 7520
2072 6502 6730 7360
2072 6502 6980 7110
2072 6522 6600 7470
2072 6579 6682 7331
2072 6600 6608 7384
2072 6608 6800 7184
2072 6682 6800 7110
2072 6682 6849 7061
2072 6728 6869 6995
2098 2148 8910 9508
2098 2148 9128 9290
2098 2269 8583 9714
2098 2271 8583 9712
2098 2470 8166 9930
2098 2470 8840 9256
2098 2584 8474 9508
2098 2584 8490 9492
2098 2590 8264 9712
2098 2590 8720 9256
2098 2628 8290 9648
2098 2628 8430 9508
2098 2692 8840 9034
2098 2758 8300 9508
2098 2758 8640 9168
2098 2793 8583 9190
2098 2920 7796 9850
2098 2920 7932 9714
2098 2920 8346 9300
2098 2924 8474 9168
2098 2995 8583 8988
2098 3036 7680 9850
2098 3136 8120 9310
2098 3142 7932 9492
2098 3270 7804 9492
2098 3300 8346 8920
2098 3322 7932 9312
2098 3384 7470 9712
2098 3384 8264 8918
2098 3556 8290 8720
2098 3620 6956 9990
2098 3620 8346 8600
2098 3626 7000 9940
2098 3626 7480 9460
2098 3626 8300 8640
2098 3626 8346 8594
2098 3728 7804 9034
2098 3750 7167 9649
2098 3750 8346 8470
2098 3758 7680 9128
2098 3786 7184 9596
2098 3786 7470 9310
2098 3786 7480 9300
2098 3786 8290 8490
2098 3800 8166 8600
2098 3800 8276 8490
2098 3814 7040 9712
2098 3814 8169 8583
2098 3820 8276 8470
2098 3950 7360 9256
2098 3969 7105 9492
2098 4100 8120 8346
2098 4100 8166 8300
2098 4112 6740 9714
2098 4135 6502 9929
2098 4135 8137 8294
2098 4191 6980 9395
2098 4196 7900 8470
2098 4225 6745 9596
2098 4225 6849 9492
2098 4272 7384 8910
2098 4272 7804 8490
2098 4292 7680 8594
2098 4292 7804 8470
2098 4331 7470 8765
2098 4331 7900 8335
2098 4412 6224 9930
2098 4412 7120 9034
2098 4412 7514 8640
2098 4412 7680 8474
2098 4412 7724 8430
2098 4500 7900 8166
2098 4563 6608 9395
2098 4595 7061 8910
2098 4595 7331 8640
2098 4604 5972 9990
2098 4604 6502 9460
2098 4604 6794 9168
2098 4604 7044 8918
2098 4604 7796 8166
2098 4636 6740 9190
2098 4656 6600 9310
2098 4656 7000 8910
2098 4656 7480 8430
2098 4720 7680 8166
2098 4730 7667 8169
2098 4776 6490 9300
2098 4776 6600 9190
2098 4776 7040 8750
2098 4776 7360 8430
2098 4776 7514 8276
2098 4780 7451 8335
2098 4807 6849 8910
2098 4807 7384 8375
2098 4807 7424 8335
2098 4970 6088 9508
2098 4970 6608 8988
2098 4970 6956 8640
2098 5000 5637 9929
2098 5052 5834 9680
2098 5052 6224 9290
2098 5052 6794 8720
2098 5052 7040 8474
2098 5052 7044 8470
2098 5173 7685 7708
2098 5208 5762 9596
2098 5208 6608 8750
2098 5208 6745 8613
2098 5408 6170 8988
2098 5408 6728 8430
2098 5560 5694 9312
2098 5560 5972 9034
2098 5560 6088 8918
2098 5560 6730 8276
2098 5560 6869 8137
2098 5597 6800 8169
2098 5597 6849 8120
2098 5632 5900 9034
2098 5694 6608 8264
2098 5736 7360 7470
2098 5752 6384 8430
2098 5762 6458 8346
2098 5762 7000 7804
2098 5762 7044 7760
2098 5785 6849 7932
2098 5834 6012 8720
2098 5834 6800 7932
2098 5840 5976 8750
2098 5840 6794 7932
2098 5859 7040 7667
2098 5900 6390 8276
2098 5972 6120 8474
2098 5976 6100 8490
2098 5976 6120 8470
2098 5976 6794 7796
2098 5976 7110 7480
2098 5976 7120 7470
2098 6012 6794 7760
2098 6012 6869 7685
2098 6012 7040 7514
2098 6012 7184 7370
2098 6088 6682 7796
2098 6100 6120 8346
2098 6120 6170 8276
2098 6120 6995 7451
2098 6170 6600 7796
2098 6384 6458 7724
2098 6384 6502 7680
2098 6490 6745 7331
2098 6490 6956 7120
2098 6502 6584 7480
2098 6522 7000 7044
2098 6728 6794 7044
2148 2244 8624 9648
2148 2272 8988 9256
2148 2285 8583 9648
2148 2320 8346 9850
2148 2320 8600 9596
2148 2389 8137 9990
2148 2429 8375 9712
2148 2432 8624 9460
2148 2470 8918 9128
2148 2620 8300 9596
2148 2620 8640 9256
2148 2628 8720 9168
2148 2638 8166 9712
2148 2638 8750 9128
2148 2758 8840 8918
2148 2848 8750 8918
2148 2920 7667 9929
2148 2924 8720 8872
2148 3036 8290 9190
2148 3036 8640 8840
2148 3080 7724 9712
2148 3136 7451 9929
2148 3136 8346 9034
2148 3136 8470 8910
2148 3142 7384 9990
2148 3142 8624 8750
2148 3200 7667 9649
2148 3240 7680 9596
2148 3300 7708 9508
2148 3300 7724 9492
2148 3308 8290 8918
2148 3322 7480 9714
2148 3322 7514 9680
2148 3322 8276 8918
2148 3322 8474 8720
2148 3322 8594 8600
2148 3360 7900 9256
2148 3520 8276 8720
2148 3556 7110 9850
2148 3556 8120 8840
2148 3556 8470 8490
2148 3620 6956 9940
2148 3620 7184 9712
2148 3626 7040 9850
2148 3626 8290 8600
2148 3750 8166 8600
2148 3750 8276 8490
2148 3758 7044 9714
2148 3758 7110 9648
2148 3758 7724 9034
2148 3786 6740 9990
2148 3786 6800 9930
2148 3786 8300 8430
2148 3800 7120 9596
2148 3800 7796 8920
2148 3820 7384 9312
2148 3820 7708 8988
2148 3904 6682 9930
2148 3904 7120 9492
2148 3950 7983 8583
2148 3950 8276 8290
2148 4031 7451 9034
2148 4088 7708 8720
2148 4088 7804 8624
2148 4100 6956 9460
2148 4112 7370 9034
2148 4112 7804 8600
2148 4191 7685 8640
2148 4196 6390 9930
2148 4196 6608 9712
2148 4196 7480 8840
2148 4196 7680 8640
2148 4225 6579 9712
2148 4225 7451 8840
2148 4225 7667 8624
2148 4225 7708 8583
2148 4233 7983 8300
2148 4272 6849 9395
2148 4272 7479 8765
2148 4272 7869 8375
2148 4292 7384 8840
2148 4311 6745 9460
2148 4331 6995 9190
2148 4400 6608 9508
2148 4412 6390 9714
2148 4412 6794 9310
2148 4412 7184 8920
2148 4412 7384 8720
2148 4412 7480 8624
2148 4412 7804 8300
2148 4440 6584 9492
2148 4563 7370 8583
2148 4563 7479 8474
2148 4595 7451 8470
2148 4604 5972 9940
2148 4604 6600 9312
2148 4604 7040 8872
2148 4636 7040 8840
2148 4636 7760 8120
2148 4656 7110 8750
2148 4656 7370 8490
2148 4656 7514 8346
2148 4720 6956 8840
2148 4720 7520 8276
2148 4730 7451 8335
2148 4780 6088 9648
2148 4780 6608 9128
2148 4780 7804 7932
2148 4807 5859 9850
2148 4807 6869 8840
2148 4919 7167 8430
2148 4960 6522 9034
2148 4960 6956 8600
2148 4960 7760 7796
2148 4970 5834 9712
2148 4970 7200 8346
2148 5052 5752 9712
2148 5052 5972 9492
2148 5052 7200 8264
2148 5173 5694 9649
2148 5173 6730 8613
2148 5173 6869 8474
2148 5173 7360 7983
2148 5208 6390 8918
2148 5208 7044 8264
2148 5408 6120 8988
2148 5408 7384 7724
2148 5597 6584 8335
2148 5632 5694 9190
2148 5632 6012 8872
2148 5632 6584 8300
2148 5632 6608 8276
2148 5632 7370 7514
2148 5637 6579 8300
2148 5694 5834 8988
2148 5694 6522 8300
2148 5736 6490 8290
2148 5752 6170 8594
2148 5752 7040 7724
2148 5762 5834 8920
2148 5762 6490 8264
2148 5762 7370 7384
2148 5785 5859 8872
2148 5834 6088 8594
2148 5900 5976 8640
2148 5972 6740 7804
2148 5972 7120 7424
2148 5972 7184 7360
2148 5976 6608 7932
2148 5976 7061 7479
2148 6012 6384 8120
2148 6012 7120 7384
2148 6088 7044 7384
2148 6120 6600 7796
2148 6224 6584 7708
2148 6458 6579 7479
2148 6522 6794 7200
2148 6682 6794 7040
2244 2272 8640 9508
2244 2320 8640 9460
2244 2320 8910 9190
2244 2432 8276 9712
2244 2470 8490 9460
2244 2470 8640 9310
2244 2570 8594 9256
2244 2590 7900 9930
2244 2590 8640 9190
2244 2590 8910 8920
2244 2620 8120 9680
2244 2620 8490 9310
2244 2625 8335 9460
2244 2628 8300 9492
2244 2628 8624 9168
2244 2628 8872 8920
2244 2638 7932 9850
2244 2638 8290 9492
2244 2638 8470 9312
2244 2638 8872 8910
2244 2639 8613 9168
2244 2664 8264 9492
2244 2692 8600 9128
2244 2924 7900 9596
2244 2924 8624 8872
2244 2995 8169 9256
2244 3036 8474 8910
2244 3080 8430 8910
2244 3142 8290 8988
2244 3200 7370 9850
2244 3200 7760 9460
2244 3200 8300 8920
2244 3200 8470 8750
2244 3240 8430 8750
2244 3270 7470 9680
2244 3270 8430 8720
2244 3280 7200 9940
2244 3280 7680 9460
2244 3280 8300 8840
2244 3280 8375 8765
2244 3322 7384 9714
2244 3322 8474 8624
2244 3360 7120 9940
2244 3360 7760 9300
2244 3360 7804 9256
2244 3360 7932 9128
2244 3384 7724 9312
2244 3520 8276 8624
2244 3520 8300 8600
2244 3520 8430 8470
2244 3556 7184 9680
2244 3556 8264 8600
2244 3620 7120 9680
2244 3626 7760 9034
2244 3644 7520 9256
2244 3644 8346 8430
2244 3728 6980 9712
2244 3728 7044 9648
2244 3728 7184 9508
2244 3728 7200 9492
2244 3750 6730 9940
2244 3750 6740 9930
2244 3750 6956 9714
2244 3750 7360 9310
2244 3750 7370 9300
2244 3750 7480 9190
2244 3750 7760 8910
2244 3786 7724 8910
2244 3786 7869 8765
2244 3800 7900 8720
2244 3820 7680 8920
2244 3820 7760 8840
2244 3904 7796 8720
2244 3969 6522 9929
2244 4031 6740 9649
2244 4031 7479 8910
2244 4088 7708 8624
2244 4100 6390 9930
2244 4100 6608 9712
2244 4100 7480 8840
2244 4100 7680 8640
2244 4112 6458 9850
2244 4112 6800 9508
2244 4112 7708 8600
2244 4135 6995 9290
2244 4135 7520 8765
2244 4135 7685 8600
2244 4191 7061 9168
2244 4191 7479 8750
2244 4196 7384 8840
2244 4225 6800 9395
2244 4272 6980 9168
2244 4292 7000 9128
2244 4400 6170 9850
2244 4400 6730 9290
2244 4400 7110 8910
2244 4400 7685 8335
2244 4400 7900 8120
2244 4412 7384 8624
2244 4412 7708 8300
2244 4440 6384 9596
2244 4440 7680 8300
2244 4500 6608 9312
2244 4500 6730 9190
2244 4500 7000 8920
2244 4500 7200 8720
2244 4563 6869 8988
2244 4595 7105 8720
2244 4595 7479 8346
2244 4604 7470 8346
2244 4636 7184 8600
2244 4636 7520 8264
2244 4656 5834 9930
2244 4656 6730 9034
2244 4656 7044 8720
2244 4656 7470 8294
2244 4720 6020 9680
2244 4720 6390 9310
2244 4720 6980 8720
2244 4720 7424 8276
2244 4730 5840 9850
2244 4730 5976 9714
2244 4730 6390 9300
2244 4730 6522 9168
2244 4730 7200 8490
2244 4776 7044 8600
2244 4776 7061 8583
2244 4780 6384 9256
2244 4780 6730 8910
2244 4780 6800 8840
2244 4780 7000 8640
2244 4780 7040 8600
2244 4780 7520 8120
2244 4780 7708 7932
2244 4807 6579 9034
2244 4807 7000 8613
2244 4960 6170 9290
2244 4960 6740 8720
2244 4960 7184 8276
2244 4970 5736 9714
2244 4970 6730 8720
2244 4970 6980 8470
2244 5000 6120 9300
2244 5000 6502 8918
2244 5000 7120 8300
2244 5000 7520 7900
2244 5052 6458 8910
2244 5052 6728 8640
2244 5173 7110 8137
2244 5173 7451 7796
2244 5208 5752 9460
2244 5208 5900 9312
2244 5208 6224 8988
2244 5315 5597 9508
2244 5315 6522 8583
2244 5315 6730 8375
2244 5408 6522 8490
2244 5455 7451 7514
2244 5560 6020 8840
2244 5560 6390 8470
2244 5560 6584 8276
2244 5560 6740 8120
2244 5637 6170 8613
2244 5637 6800 7983
2244 5694 5976 8750
2244 5694 6794 7932
2244 5736 6384 8300
2244 5736 6390 8294
2244 5752 6502 8166
2244 5785 7184 7451
2244 5840 7110 7470
2244 5859 7110 7451
2244 5900 7000 7520
2244 5900 7040 7480
2244 5972 6579 7869
2244 5972 6740 7708
2244 6012 6728 7680
2244 6020 6100 8300
2244 6020 7040 7360
2244 6088 6608 7724
2244 6100 6800 7520
2244 6100 6869 7451
2244 6100 7120 7200
2244 6120 6849 7451
2244 6170 6490 7760
2244 6170 6730 7520
2244 6224 6682 7514
2244 6224 6745 7451
2244 6384 6522 7514
2244 6384 6869 7167
2244 6390 6579 7451
2244 6490 6730 7200
2244 6490 6869 7061
2269 2272 8474 9649
2269 2285 8120 9990
2269 2285 8430 9680
2269 2285 8920 9190
2269 2320 8583 9492
2269 2320 8765 9310
2269 2352 8583 9460
2269 2389 8294 9712
2269 2389 8750 9256
2269 2429 8474 9492
2269 2470 8276 9649
2269 2470 8613 9312
2269 2570 8430 9395
2269 2625 8375 9395
2269 2625 8470 9300
2269 2639 8264 9492
2269 2758 7708 9929
2269 2758 8765 8872
2269 2793 8290 9312
2269 2793 8346 9256
2269 2793 8474 9128
2269 2920 7983 9492
2269 2995 7470 9930
2269 2995 7804 9596
2269 2995 8490 8910
2269 3036 8169 9190
2269 3036 8594 8765
2269 3080 7667 9648
2269 3142 8335 8918
2269 3142 8613 8640
2269 3200 8430 8765
2269 3240 7760 9395
2269 3270 7869 9256
2269 3270 8137 8988
2269 3270 8375 8750
2269 3300 7105 9990
2269 3300 8375 8720
2269 3308 8169 8918
2269 3308 8474 8613
2269 3322 7424 9649
2269 3322 8490 8583
2269 3360 7105 9930
2269 3384 7331 9680
2269 3520 7480 9395
2269 3520 7685 9190
2269 3556 6849 9990
2269 3556 7331 9508
2269 3620 7061 9714
2269 3626 7120 9649
2269 3626 7479 9290
2269 3626 8169 8600
2269 3644 7451 9300
2269 3800 6745 9850
2269 3800 7200 9395
2269 3800 7685 8910
2269 3814 6869 9712
2269 3950 6849 9596
2269 3950 7680 8765
2269 3950 8169 8276
2269 4031 7724 8640
2269 4088 6995 9312
2269 4088 7667 8640
2269 4088 7724 8583
2269 4088 7932 8375
2269 4100 6995 9300
2269 4100 7105 9190
2269 4100 7167 9128
2269 4112 7983 8300
2269 4135 6800 9460
2269 4191 6490 9714
2269 4191 6608 9596
2269 4191 7869 8335
2269 4196 7479 8720
2269 4225 6458 9712
2269 4225 6490 9680
2269 4225 6522 9648
2269 4225 6980 9190
2269 4225 7680 8490
2269 4272 6728 9395
2269 4272 6995 9128
2269 4292 7479 8624
2269 4292 7520 8583
2269 4292 7983 8120
2269 4311 6794 9290
2269 4311 6956 9128
2269 4331 6384 9680
2269 4331 7424 8640
2269 4331 7451 8613
2269 4331 7470 8594
2269 4400 6600 9395
2269 4412 6995 8988
2269 4412 7370 8613
2269 4440 7331 8624
2269 4500 7520 8375
2269 4563 6120 9712
2269 4563 6522 9310
2269 4563 7900 7932
2269 4595 6088 9712
2269 4595 6120 9680
2269 4595 6490 9310
2269 4595 7200 8600
2269 4595 7370 8430
2269 4595 7680 8120
2269 4604 7167 8624
2269 4636 6849 8910
2269 4636 7384 8375
2269 4636 7424 8335
2269 4730 5736 9929
2269 4730 6745 8920
2269 4730 7796 7869
2269 4776 6224 9395
2269 4776 6869 8750
2269 4776 6995 8624
2269 4807 6600 8988
2269 4807 7451 8137
2269 4919 5762 9714
2269 4919 7200 8276
2269 4919 7680 7796
2269 4970 6995 8430
2269 5000 5455 9940
2269 5000 7105 8290
2269 5052 5694 9649
2269 5052 6730 8613
2269 5052 6869 8474
2269 5052 7360 7983
2269 5173 5762 9460
2269 5173 6502 8720
2269 5173 7514 7708
2269 5208 7479 7708
2269 5208 7520 7667
2269 5315 6170 8910
2269 5315 6745 8335
2269 5408 5859 9128
2269 5455 6020 8920
2269 5455 6100 8840
2269 5455 7040 7900
2269 5560 7384 7451
2269 5597 6522 8276
2269 5637 5840 8918
2269 5637 6458 8300
2269 5694 6088 8613
2269 5694 7331 7370
2269 5736 6490 8169
2269 5736 6522 8137
2269 5762 6020 8613
2269 5785 6120 8490
2269 5785 6490 8120
2269 5834 7110 7451
2269 5840 5972 8583
2269 5859 6740 7796
2269 5859 6869 7667
2269 5900 6120 8375
2269 5900 7044 7451
2269 5972 6088 8335
2269 5976 6995 7424
2269 6012 6579 7804
2269 6012 6869 7514
2269 6020 6579 7796
2269 6020 7044 7331
2269 6088 6170 8137
2269 6120 6608 7667
2269 6170 6745 7480
2269 6170 7105 7120
2269 6224 7061 7110
2269 6490 6800 7105
2269 6502 6849 7044
2269 6600 6800 6995
2269 6608 6682 7105
2271 2272 8613 9508
2271 2285 8600 9508
2271 2285 8918 9190
2271 2320 8613 9460
2271 2389 8290 9714
2271 2470 7983 9940
2271 2470 8613 9310
2271 2584 7869 9940
2271 2590 8613 9190
2271 2620 8583 9190
2271 2625 8120 9648
2271 2625 8276 9492
2271 2625 8600 9168
2271 2625 8640 9128
2271 2628 8169 9596
2271 2639 8294 9460
2271 2639 8720 9034
2271 2758 8335 9300
2271 2793 8290 9310
2271 2793 8300 9300
2271 2924 7479 9990
2271 2924 8169 9300
2271 3036 7708 9649
2271 3080 7384 9929
2271 3200 7479 9714
2271 3200 7685 9508
2271 3280 7184 9929
2271 3308 8335 8750
2271 3360 7384 9649
2271 3384 7360 9649
2271 3384 8137 8872
2271 3384 8169 8840
2271 3520 8290 8583
2271 3620 7061 9712
2271 3644 8166 8583
2271 3728 7900 8765
2271 3728 8290 8375
2271 3750 6995 9648
2271 3750 7331 9312
2271 3750 8169 8474
2271 3758 8300 8335
2271 3786 7479 9128
2271 3786 7983 8624
2271 3786 8137 8470
2271 3814 7184 9395
2271 3814 7451 9128
2271 3904 7724 8765
2271 3950 6794 9649
2271 3969 7514 8910
2271 4031 6682 9680
2271 4031 7932 8430
2271 4088 6995 9310
2271 4100 6579 9714
2271 4100 7680 8613
2271 4191 6490 9712
2271 4191 6522 9680
2271 4225 7000 9168
2271 4225 7040 9128
2271 4233 6170 9990
2271 4233 7520 8640
2271 4292 7932 8169
2271 4331 7479 8583
2271 4412 7061 8920
2271 4440 7370 8583
2271 4440 7479 8474
2271 4500 7724 8169
2271 4563 5840 9990
2271 4563 5900 9930
2271 4563 7110 8720
2271 4563 7360 8470
2271 4595 6608 9190
2271 4604 5859 9930
2271 4604 6869 8920
2271 4656 6088 9649
2271 4720 7804 7869
2271 4730 6745 8918
2271 4730 7680 7983
2271 4776 6745 8872
2271 4776 7451 8166
2271 4776 7480 8137
2271 4776 7685 7932
2271 4780 6579 9034
2271 4780 7000 8613
2271 4807 5736 9850
2271 4807 6458 9128
2271 4919 5762 9712
2271 4919 7000 8474
2271 4919 7044 8430
2271 4919 7184 8290
2271 4960 5785 9648
2271 5000 7685 7708
2271 5052 6728 8613
2271 5052 6995 8346
2271 5173 6730 8490
2271 5173 6956 8264
2271 5173 7424 7796
2271 5315 6608 8470
2271 5315 7370 7708
2271 5455 6020 8918
2271 5455 7424 7514
2271 5560 6458 8375
2271 5597 5762 9034
2271 5597 6502 8294
2271 5597 7000 7796
2271 5694 5859 8840
2271 5694 6579 8120
2271 5736 5785 8872
2271 5752 6956 7685
2271 5785 7184 7424
2271 5834 5976 8583
2271 5834 6224 8335
2271 5834 6390 8169
2271 5840 6384 8169
2271 5859 6730 7804
2271 5859 6849 7685
2271 5859 7110 7424
2271 5972 7061 7360
2271 6020 6390 7983
2271 6088 7105 7200
2271 6100 6608 7685
2271 6100 6869 7424
2271 6120 6794 7479
2271 6120 6849 7424
2271 6224 6502 7667
2271 6224 6745 7424
2271 6390 6579 7424
2271 6608 6745 7040
2271 6730 6794 6869
2272 2352 8750 9290
2272 2352 8872 9168
2272 2470 7932 9990
2272 2470 8430 9492
2272 2584 8300 9508
2272 2584 8640 9168
2272 2590 8294 9508
2272 2590 8490 9312
2272 2620 8264 9508
2272 2628 8474 9290
2272 2638 8294 9460
2272 2638 8720 9034
2272 2639 8765 8988
2272 2664 8600 9128
2272 2692 7760 9940
2272 2758 8600 9034
2272 2848 8624 8920
2272 2920 7760 9712
2272 2920 8600 8872
2272 2924 8300 9168
2272 2995 7685 9712
2272 3036 7708 9648
2272 3036 7760 9596
2272 3036 8166 9190
2272 3080 7804 9508
2272 3136 7796 9460
2272 3136 8346 8910
2272 3200 7480 9712
2272 3270 7932 9190
2272 3308 7370 9714
2272 3308 8166 8918
2272 3308 8490 8594
2272 3322 7760 9310
2272 3322 8430 8640
2272 3322 8470 8600
2272 3360 7384 9648
2272 3384 7360 9648
2272 3384 7708 9300
2272 3556 7708 9128
2272 3556 8346 8490
2272 3620 7900 8872
2272 3620 7932 8840
2272 3626 8166 8600
2272 3626 8276 8490
2272 3644 7760 8988
2272 3644 7983 8765
2272 3750 7514 9128
2272 3750 7724 8918
2272 3758 7724 8910
2272 3758 7869 8765
2272 3800 7424 9168
2272 3814 6728 9850
2272 3820 7932 8640
2272 3904 6980 9508
2272 3904 7360 9128
2272 3950 6502 9940
2272 3950 6728 9714
2272 3950 6730 9712
2272 3950 6794 9648
2272 3950 8166 8276
2272 3969 7167 9256
2272 4031 6869 9492
2272 4031 7061 9300
2272 4031 7105 9256
2272 4031 7451 8910
2272 4088 7384 8920
2272 4088 7680 8624
2272 4100 6800 9492
2272 4100 6980 9312
2272 4112 6600 9680
2272 4112 6980 9300
2272 4112 7360 8920
2272 4112 7370 8910
2272 4112 7667 8613
2272 4112 7680 8600
2272 4135 6608 9649
2272 4135 8120 8137
2272 4191 7167 9034
2272 4191 7451 8750
2272 4196 6600 9596
2272 4196 7932 8264
2272 4233 6849 9310
2272 4233 6869 9290
2272 4233 7685 8474
2272 4233 7869 8290
2272 4272 7200 8920
2272 4272 7370 8750
2272 4272 7480 8640
2272 4272 7520 8600
2272 4272 7983 8137
2272 4292 6170 9930
2272 4292 6608 9492
2272 4292 6800 9300
2272 4311 7331 8750
2272 4400 6682 9310
2272 4400 7120 8872
2272 4412 6384 9596
2272 4412 7680 8300
2272 4440 6012 9940
2272 4500 6384 9508
2272 4563 5900 9929
2272 4595 7184 8613
2272 4595 7451 8346
2272 4604 5859 9929
2272 4604 6800 8988
2272 4636 7480 8276
2272 4656 6088 9648
2272 4656 6608 9128
2272 4656 7804 7932
2272 4720 6800 8872
2272 4730 6170 9492
2272 4776 6020 9596
2272 4776 7479 8137
2272 4780 5762 9850
2272 4780 5900 9712
2272 4780 6120 9492
2272 4780 6740 8872
2272 4780 7680 7932
2272 4807 6745 8840
2272 4807 7685 7900
2272 4919 6849 8624
2272 4960 5752 9680
2272 4960 5972 9460
2272 4960 6120 9312
2272 4960 6522 8910
2272 4960 6682 8750
2272 4960 6849 8583
2272 4960 7708 7724
2272 4970 6502 8920
2272 5000 5900 9492
2272 5000 6224 9168
2272 5052 6740 8600
2272 5052 7040 8300
2272 5173 6579 8640
2272 5173 6745 8474
2272 5208 6584 8600
2272 5208 6849 8335
2272 5208 7424 7760
2272 5408 5694 9290
2272 5408 6384 8600
2272 5408 6390 8594
2272 5408 7470 7514
2272 5455 5637 9300
2272 5455 6800 8137
2272 5560 6849 7983
2272 5597 7110 7685
2272 5632 5840 8920
2272 5632 6120 8640
2272 5632 6956 7804
2272 5632 7000 7760
2272 5637 6995 7760
2272 5637 7331 7424
2272 5694 6224 8474
2272 5694 7184 7514
2272 5736 6490 8166
2272 5752 6170 8470
2272 5752 6740 7900
2272 5752 7120 7520
2272 5762 6730 7900
2272 5762 7110 7520
2272 5834 6088 8470
2272 5834 7044 7514
2272 5972 6120 8300
2272 5972 6740 7680
2272 6012 6584 7796
2272 6012 6956 7424
2272 6088 7120 7184
2272 6100 6584 7708
2272 6120 7105 7167
2272 6384 6584 7424
2272 6390 6522 7480
2272 6584 6608 7200
2272 6600 6608 7184
2272 6600 6682 7110
2272 6608 6740 7044
2272 6682 6730 6980
2285 2389 8276 9714
2285 2429 8490 9460
2285 2429 8640 9310
2285 2570 7869 9940
2285 2584 8335 9460
2285 2625 8294 9460
2285 2625 8720 9034
2285 2628 8583 9168
2285 2638 8346 9395
2285 2638 8613 9128
2285 2639 8430 9310
2285 2692 8375 9312
2285 2793 8276 9310
2285 2848 8613 8918
2285 2920 8169 9290
2285 2924 8583 8872
2285 2995 8474 8910
2285 3080 7370 9929
2285 3142 8613 8624
2285 3200 7869 9310
2285 3280 7451 9648
2285 3300 8169 8910
2285 3322 8137 8920
2285 3322 8474 8583
2285 3360 7370 9649
2285 3384 7685 9310
2285 3520 6869 9990
2285 3520 8276 8583
2285 3556 7331 9492
2285 3556 7983 8840
2285 3620 7110 9649
2285 3626 7105 9648
2285 3644 6745 9990
2285 3644 7479 9256
2285 3728 8276 8375
2285 3750 6980 9649
2285 3750 8294 8335
2285 3758 7331 9290
2285 3800 7184 9395
2285 3800 7451 9128
2285 3814 7105 9460
2285 3950 6579 9850
2285 3969 6730 9680
2285 3969 7110 9300
2285 3969 7120 9290
2285 3969 8120 8290
2285 4031 7360 8988
2285 4031 7708 8640
2285 4031 7724 8624
2285 4088 6579 9712
2285 4088 7451 8840
2285 4088 7667 8624
2285 4088 7708 8583
2285 4100 7514 8765
2285 4100 7685 8594
2285 4112 7667 8600
2285 4112 7932 8335
2285 4135 6849 9395
2285 4135 7479 8765
2285 4135 7869 8375
2285 4191 6728 9460
2285 4191 7200 8988
2285 4225 6224 9930
2285 4225 7120 9034
2285 4225 7514 8640
2285 4225 7680 8474
2285 4225 7724 8430
2285 4233 6956 9190
2285 4272 6458 9649
2285 4292 6579 9508
2285 4292 7167 8920
2285 4311 6608 9460
2285 4311 7804 8264
2285 4331 7424 8624
2285 4400 6584 9395
2285 4400 7061 8918
2285 4400 7685 8294
2285 4412 7384 8583
2285 4412 7667 8300
2285 4500 6579 9300
2285 4563 7470 8346
2285 4595 7184 8600
2285 4595 7520 8264
2285 4604 5785 9990
2285 4636 7479 8264
2285 4636 7760 7983
2285 4656 7110 8613
2285 4730 7480 8169
2285 4780 6849 8750
2285 4780 7479 8120
2285 4780 7667 7932
2285 4807 5632 9940
2285 4807 5976 9596
2285 4807 6584 8988
2285 4919 6170 9290
2285 4919 6740 8720
2285 4919 7184 8276
2285 4960 6579 8840
2285 4960 7044 8375
2285 4970 7685 7724
2285 5000 7044 8335
2285 5000 7479 7900
2285 5173 7040 8166
2285 5208 5859 9312
2285 5315 5752 9312
2285 5315 6224 8840
2285 5315 6800 8264
2285 5315 7384 7680
2285 5408 7167 7804
2285 5408 7451 7520
2285 5455 7120 7804
2285 5455 7200 7724
2285 5560 5785 9034
2285 5560 6682 8137
2285 5597 7331 7451
2285 5694 7000 7685
2285 5752 6458 8169
2285 5752 6490 8137
2285 5785 6120 8474
2285 5834 6170 8375
2285 5859 7000 7520
2285 5859 7040 7480
2285 5900 6579 7900
2285 5900 6794 7685
2285 5900 7000 7479
2285 5972 6740 7667
2285 5972 6956 7451
2285 6012 6384 7983
2285 6012 6682 7685
2285 6012 7167 7200
2285 6020 6490 7869
2285 6100 6800 7479
2285 6120 6390 7869
2285 6120 6579 7680
2285 6120 6745 7514
2285 6170 6730 7479
2285 6170 6849 7360
2285 6384 6995 7000
2285 6390 6869 7120
2285 6490 6849 7040
2285 6579 6600 7200
2285 6579 6800 7000
2285 6584 6800 6995
2285 6730 6800 6849
2320 2389 8765 9190
2320 2432 7983 9929
2320 2432 8264 9648
2320 2432 8600 9312
2320 2470 8840 9034
2320 2570 8474 9300
2320 2584 8300 9460
2320 2584 8470 9290
2320 2584 8840 8920
2320 2590 8294 9460
2320 2590 8720 9034
2320 2620 8264 9460
2320 2625 7869 9850
2320 2628 8120 9596
2320 2664 8490 9190
2320 2758 8276 9310
2320 2848 7900 9596
2320 2848 8624 8872
2320 2920 7932 9492
2320 2924 7480 9940
2320 2924 7708 9712
2320 2924 8120 9300
2320 3080 7804 9460
2320 3080 7869 9395
2320 3080 8276 8988
2320 3080 8346 8918
2320 3080 8624 8640
2320 3136 8290 8918
2320 3240 7424 9680
2320 3240 7804 9300
2320 3240 8264 8840
2320 3270 7360 9714
2320 3270 8474 8600
2320 3280 7384 9680
2320 3280 8470 8594
2320 3300 8294 8750
2320 3308 7724 9312
2320 3322 7514 9508
2320 3360 7044 9940
2320 3360 8264 8720
2320 3384 7110 9850
2320 3384 8120 8840
2320 3384 8470 8490
2320 3520 7110 9714
2320 3520 7514 9310
2320 3620 6794 9930
2320 3620 7044 9680
2320 3620 7424 9300
2320 3620 7804 8920
2320 3620 8294 8430
2320 3626 6728 9990
2320 3728 7360 9256
2320 3750 8120 8474
2320 3750 8294 8300
2320 3786 8264 8294
2320 3800 8169 8375
2320 3814 6600 9930
2320 3820 6584 9940
2320 3820 7804 8720
2320 3820 7900 8624
2320 3904 6728 9712
2320 3904 6980 9460
2320 3904 7184 9256
2320 3904 7520 8920
2320 3950 6682 9712
2320 3950 6745 9649
2320 3950 7360 9034
2320 3969 6980 9395
2320 4031 6384 9929
2320 4088 6608 9648
2320 4088 6956 9300
2320 4088 7000 9256
2320 4088 7384 8872
2320 4100 6849 9395
2320 4100 7479 8765
2320 4100 7869 8375
2320 4112 6584 9648
2320 4112 6740 9492
2320 4112 7360 8872
2320 4112 7932 8300
2320 4191 6224 9929
2320 4196 6980 9168
2320 4225 7479 8640
2320 4272 7200 8872
2320 4272 7796 8276
2320 4292 6740 9312
2320 4292 7932 8120
2320 4311 6384 9649
2320 4331 7667 8346
2320 4400 6956 8988
2320 4400 7331 8613
2320 4400 7470 8474
2320 4400 7514 8430
2320 4400 7680 8264
2320 4412 7167 8765
2320 4440 6224 9680
2320 4440 7184 8720
2320 4500 6384 9460
2320 4500 7370 8474
2320 4500 7724 8120
2320 4563 7061 8720
2320 4595 6100 9649
2320 4656 5976 9712
2320 4656 7105 8583
2320 4656 7424 8264
2320 4720 5694 9930
2320 4720 5976 9648
2320 4720 7000 8624
2320 4720 7360 8264
2320 4720 7724 7900
2320 4730 5900 9714
2320 4730 6849 8765
2320 4730 7184 8430
2320 4776 5972 9596
2320 4776 6728 8840
2320 4780 7760 7804
2320 4807 5597 9940
2320 4919 6995 8430
2320 4960 5455 9929
2320 4960 5736 9648
2320 4960 7120 8264
2320 4970 5694 9680
2320 4970 6502 8872
2320 4970 7110 8264
2320 5000 5632 9712
2320 5000 6088 9256
2320 5000 6579 8765
2320 5000 7044 8300
2320 5052 7360 7932
2320 5173 5859 9312
2320 5208 7451 7685
2320 5560 6490 8294
2320 5560 6980 7804
2320 5560 7360 7424
2320 5632 5840 8872
2320 5632 6088 8624
2320 5637 7040 7667
2320 5694 5900 8750
2320 5736 7184 7424
2320 5762 6682 7900
2320 5785 5976 8583
2320 5785 6224 8335
2320 5785 6390 8169
2320 5834 6020 8490
2320 5834 6390 8120
2320 5834 7040 7470
2320 5840 6384 8120
2320 5840 7120 7384
2320 5859 6502 7983
2320 5859 6800 7685
2320 5859 7061 7424
2320 5976 6608 7760
2320 6012 6608 7724
2320 6020 6600 7724
2320 6100 6730 7514
2320 6100 7044 7200
2320 6120 6745 7479
2320 6120 6800 7424
2320 6120 7040 7184
2320 6224 6600 7520
2320 6224 7000 7120
2320 6384 6490 7470
2320 6384 6600 7360
2320 6390 6584 7370
2320 6390 6849 7105
2320 6458 6502 7384
2320 6730 6745 6869
2352 2389 7983 9940
2352 2389 8613 9310
2352 2429 8169 9714
2352 2429 8375 9508
2352 2429 8583 9300
2352 2432 8166 9714
2352 2432 8624 9256
2352 2570 8430 9312
2352 2584 8600 9128
2352 2590 8594 9128
2352 2625 8375 9312
2352 2638 8166 9508
2352 2638 8640 9034
2352 2664 7708 9940
2352 2692 7680 9940
2352 2692 8430 9190
2352 2758 8264 9290
2352 2848 8430 9034
2352 2848 8624 8840
2352 2920 7680 9712
2352 2920 7796 9596
2352 2920 7900 9492
2352 2920 7932 9460
2352 2920 8264 9128
2352 2920 8474 8918
2352 2924 7708 9680
2352 2924 8470 8918
2352 3036 7680 9596
2352 3080 7520 9712
2352 3080 7724 9508
2352 3080 7932 9300
2352 3240 7360 9712
2352 3240 7424 9648
2352 3240 7760 9312
2352 3280 7384 9648
2352 3300 7520 9492
2352 3322 7000 9990
2352 3322 7061 9929
2352 3322 7680 9310
2352 3384 7760 9168
2352 3520 7480 9312
2352 3520 7804 8988
2352 3556 7044 9712
2352 3620 6980 9712
2352 3620 7044 9648
2352 3620 7184 9508
2352 3620 7200 9492
2352 3644 6728 9940
2352 3644 6956 9712
2352 3644 7680 8988
2352 3644 7796 8872
2352 3728 8290 8294
2352 3750 7167 9395
2352 3758 7520 9034
2352 3758 7804 8750
2352 3758 8264 8290
2352 3786 7932 8594
2352 3800 6522 9990
2352 3800 6800 9712
2352 3800 7200 9312
2352 3800 7384 9128
2352 3800 8137 8375
2352 3800 8166 8346
2352 3814 6849 9649
2352 3814 7370 9128
2352 3820 6502 9990
2352 3820 7000 9492
2352 3904 6728 9680
2352 3950 6682 9680
2352 3950 7932 8430
2352 3969 7760 8583
2352 3969 7869 8474
2352 4088 7384 8840
2352 4100 6956 9256
2352 4100 7044 9168
2352 4112 6740 9460
2352 4112 7360 8840
2352 4112 7480 8720
2352 4112 7900 8300
2352 4196 6608 9508
2352 4225 6579 9508
2352 4225 7167 8920
2352 4233 7479 8600
2352 4272 6100 9940
2352 4272 6728 9312
2352 4272 6730 9310
2352 4272 6740 9300
2352 4272 7120 8920
2352 4272 7200 8840
2352 4292 6170 9850
2352 4292 6730 9290
2352 4292 7110 8910
2352 4292 7685 8335
2352 4292 7900 8120
2352 4311 6745 9256
2352 4331 7061 8920
2352 4400 5972 9940
2352 4400 6600 9312
2352 4400 7040 8872
2352 4412 6600 9300
2352 4412 6980 8920
2352 4412 7470 8430
2352 4440 6224 9648
2352 4440 6682 9190
2352 4440 7000 8872
2352 4500 6100 9712
2352 4500 6502 9310
2352 4500 6522 9290
2352 4563 6100 9649
2352 4636 5736 9940
2352 4636 6956 8720
2352 4656 5976 9680
2352 4656 7724 7932
2352 4720 6100 9492
2352 4720 6682 8910
2352 4776 6224 9312
2352 4776 6502 9034
2352 4776 7370 8166
2352 4776 7667 7869
2352 4807 6740 8765
2352 4919 7685 7708
2352 4960 6224 9128
2352 4960 6728 8624
2352 4960 7667 7685
2352 4970 5694 9648
2352 4970 5834 9508
2352 4970 6502 8840
2352 5000 5632 9680
2352 5000 6012 9300
2352 5052 5752 9508
2352 5052 7360 7900
2352 5173 6849 8290
2352 5208 5455 9649
2352 5208 5976 9128
2352 5208 6384 8720
2352 5208 7424 7680
2352 5315 6384 8613
2352 5408 5736 9168
2352 5408 7384 7520
2352 5408 7424 7480
2352 5455 6522 8335
2352 5455 7061 7796
2352 5560 5834 8918
2352 5560 6458 8294
2352 5560 6956 7796
2352 5560 7044 7708
2352 5597 7331 7384
2352 5632 5762 8918
2352 5632 5840 8840
2352 5632 6390 8290
2352 5632 6956 7724
2352 5632 6995 7685
2352 5632 7000 7680
2352 5632 7200 7480
2352 5637 6995 7680
2352 5694 7167 7451
2352 5736 5976 8600
2352 5752 5840 8720
2352 5752 6800 7760
2352 5752 7040 7520
2352 5752 7200 7360
2352 5762 5785 8765
2352 5762 6120 8430
2352 5762 6384 8166
2352 5785 6390 8137
2352 5785 7167 7360
2352 5834 6682 7796
2352 5840 5859 8613
2352 5859 6584 7869
2352 5859 6745 7708
2352 5900 6608 7804
2352 5900 6745 7667
2352 5972 6956 7384
2352 5972 6980 7360
2352 5976 6170 8166
2352 6012 6849 7451
2352 6020 6584 7708
2352 6088 6745 7479
2352 6088 6800 7424
2352 6088 7040 7184
2352 6224 6608 7480
2352 6224 6728 7360
2352 6384 6458 7470
2352 6384 6728 7200
2352 6584 6608 7120
2352 6584 6728 7000
2389 2429 8166 9680
2389 2432 8335 9508
2389 2590 8290 9395
2389 2590 8375 9310
2389 2590 8765 8920
2389 2628 8335 9312
2389 2628 8613 9034
2389 2638 7708 9929
2389 2638 8765 8872
2389 2639 8346 9290
2389 2692 7869 9714
2389 2758 7667 9850
2389 2758 7869 9648
2389 2848 8137 9290
2389 3036 7983 9256
2389 3036 8474 8765
2389 3080 8430 8765
2389 3200 7479 9596
2389 3200 7680 9395
2389 3240 7105 9930
2389 3280 7685 9310
2389 3300 7685 9290
2389 3300 8335 8640
2389 3300 8375 8600
2389 3308 7667 9300
2389 3360 7520 9395
2389 3520 7360 9395
2389 3556 6869 9850
2389 3556 7685 9034
2389 3620 7667 8988
2389 3626 7000 9649
2389 3644 7331 9300
2389 3750 7685 8840
2389 3750 7760 8765
2389 3758 6869 9648
2389 3786 7724 8765
2389 3820 6995 9460
2389 3820 8120 8335
2389 3904 7061 9310
2389 3904 7451 8920
2389 3950 7685 8640
2389 3969 8137 8169
2389 4031 6849 9395
2389 4031 7479 8765
2389 4031 7869 8375
2389 4100 6579 9596
2389 4100 7685 8490
2389 4112 6995 9168
2389 4112 7869 8294
2389 4135 6745 9395
2389 4191 6794 9290
2389 4191 6956 9128
2389 4196 7479 8600
2389 4225 6120 9930
2389 4225 6740 9310
2389 4225 6794 9256
2389 4225 7760 8290
2389 4233 6730 9312
2389 4233 7667 8375
2389 4272 6608 9395
2389 4292 6995 8988
2389 4292 7370 8613
2389 4311 7044 8920
2389 4311 7370 8594
2389 4331 6956 8988
2389 4331 7331 8613
2389 4331 7470 8474
2389 4331 7514 8430
2389 4331 7680 8264
2389 4400 7110 8765
2389 4440 6579 9256
2389 4440 6995 8840
2389 4500 5785 9990
2389 4563 6522 9190
2389 4563 6584 9128
2389 4563 6794 8918
2389 4595 6390 9290
2389 4595 6490 9190
2389 4595 7040 8640
2389 4595 7514 8166
2389 4636 7470 8169
2389 4656 6224 9395
2389 4656 6869 8750
2389 4656 6995 8624
2389 4776 5785 9714
2389 4776 6579 8920
2389 4780 6100 9395
2389 4780 6730 8765
2389 4780 6745 8750
2389 4780 7120 8375
2389 4807 5976 9492
2389 4807 7331 8137
2389 4807 7708 7760
2389 4919 6100 9256
2389 4919 7424 7932
2389 4960 6980 8335
2389 4970 5315 9990
2389 4970 5455 9850
2389 5000 7479 7796
2389 5052 6458 8765
2389 5173 6502 8600
2389 5208 7167 7900
2389 5315 5972 8988
2389 5315 6088 8872
2389 5315 6120 8840
2389 5315 6490 8470
2389 5315 6794 8166
2389 5315 7200 7760
2389 5408 6730 8137
2389 5408 7200 7667
2389 5455 5900 8920
2389 5455 6100 8720
2389 5455 6390 8430
2389 5560 7331 7384
2389 5597 6384 8294
2389 5694 7061 7520
2389 5752 7044 7479
2389 5762 5900 8613
2389 5785 6020 8470
2389 5785 6730 7760
2389 5785 7120 7370
2389 5834 6458 7983
2389 5834 7110 7331
2389 5840 6100 8335
2389 5840 6956 7479
2389 5900 6579 7796
2389 5900 7044 7331
2389 5972 6579 7724
2389 6088 6502 7685
2389 6100 6490 7685
2389 6170 6745 7360
2389 6170 6995 7110
2389 6170 7000 7105
2389 6170 7044 7061
2389 6224 6384 7667
2389 6224 6600 7451
2389 6490 6745 7040
2389 6579 6740 6956
2389 6730 6745 6800
2429 2432 8613 9190
2429 2470 8169 9596
2429 2570 8375 9290
2429 2590 8137 9508
2429 2590 8335 9310
2429 2620 7685 9930
2429 2625 7680 9930
2429 2625 7760 9850
2429 2625 8300 9310
2429 2628 7667 9940
2429 2638 7667 9930
2429 2638 8137 9460
2429 2639 7667 9929
2429 2664 8583 8988
2429 2692 8375 9168
2429 2920 7667 9648
2429 2995 8490 8750
2429 2995 8600 8640
2429 3036 7804 9395
2429 3080 7760 9395
2429 3136 7451 9648
2429 3200 7105 9930
2429 3240 7685 9310
2429 3280 7105 9850
2429 3300 6995 9940
2429 3300 8335 8600
2429 3308 7331 9596
2429 3322 8300 8613
2429 3360 7480 9395
2429 3360 7685 9190
2429 3644 6995 9596
2429 3728 7667 8840
2429 3750 7451 9034
2429 3758 7167 9310
2429 3786 6800 9649
2429 3800 7040 9395
2429 3800 7685 8750
2429 3820 7105 9310
2429 3904 6682 9649
2429 3950 6995 9290
2429 3950 7520 8765
2429 3950 7685 8600
2429 3969 6956 9310
2429 3969 7796 8470
2429 4031 6490 9714
2429 4031 6608 9596
2429 4031 7869 8335
2429 4100 6740 9395
2429 4100 7370 8765
2429 4100 7760 8375
2429 4112 6728 9395
2429 4112 6995 9128
2429 4135 6170 9930
2429 4135 6608 9492
2429 4135 6800 9300
2429 4191 6584 9460
2429 4196 6390 9649
2429 4196 6579 9460
2429 4196 6849 9190
2429 4196 7167 8872
2429 4225 6020 9990
2429 4225 6502 9508
2429 4225 7370 8640
2429 4225 7520 8490
2429 4233 6012 9990
2429 4233 7667 8335
2429 4233 7708 8294
2429 4292 7360 8583
2429 4292 7667 8276
2429 4311 7804 8120
2429 4331 6224 9680
2429 4331 7184 8720
2429 4400 6579 9256
2429 4400 6995 8840
2429 4500 7360 8375
2429 4563 6800 8872
2429 4595 6384 9256
2429 4595 6730 8910
2429 4595 6800 8840
2429 4595 7000 8640
2429 4595 7040 8600
2429 4595 7520 8120
2429 4595 7708 7932
2429 4604 7331 8300
2429 4636 6849 8750
2429 4636 7479 8120
2429 4636 7667 7932
2429 4656 7105 8474
2429 4720 6120 9395
2429 4730 6740 8765
2429 4780 5859 9596
2429 4780 7120 8335
2429 4919 7040 8276
2429 4919 7384 7932
2429 4919 7520 7796
2429 4960 7479 7796
2429 4970 6682 8583
2429 5000 5840 9395
2429 5000 6745 8490
2429 5052 6600 8583
2429 5052 7200 7983
2429 5173 5752 9310
2429 5173 5762 9300
2429 5208 5315 9712
2429 5208 5632 9395
2429 5208 5859 9168
2429 5208 7044 7983
2429 5208 7360 7667
2429 5315 5752 9168
2429 5315 6170 8750
2429 5315 6490 8430
2429 5315 6800 8120
2429 5408 5637 9190
2429 5455 6490 8290
2429 5560 6995 7680
2429 5632 6020 8583
2429 5637 6794 7804
2429 5694 6745 7796
2429 5694 7061 7480
2429 5736 5859 8640
2429 5752 5859 8624
2429 5752 5900 8583
2429 5762 6490 7983
2429 5785 5976 8474
2429 5785 6020 8430
2429 5785 6980 7470
2429 5840 6020 8375
2429 5840 6728 7667
2429 5859 6100 8276
2429 5976 6390 7869
2429 5976 6579 7680
2429 5976 6745 7514
2429 6020 6745 7470
2429 6020 7105 7110
2429 6088 6980 7167
2429 6120 6745 7370
2429 6120 6995 7120
2429 6390 6740 7105
2429 6490 6745 7000
2429 6522 6608 7105
2432 2470 8166 9596
2432 2470 8594 9168
2432 2584 7708 9940
2432 2590 8474 9168
2432 2620 7900 9712
2432 2620 7932 9680
2432 2620 8120 9492
2432 2620 8300 9312
2432 2620 8624 8988
2432 2625 7667 9940
2432 2628 8294 9310
2432 2638 8294 9300
2432 2758 7760 9714
2432 2758 8346 9128
2432 2848 8474 8910
2432 2920 7804 9508
2432 2995 8613 8624
2432 3036 8276 8920
2432 3036 8583 8613
2432 3136 7167 9929
2432 3136 7384 9712
2432 3136 7796 9300
2432 3136 8346 8750
2432 3142 7900 9190
2432 3142 8490 8600
2432 3200 7384 9648
2432 3240 7680 9312
2432 3240 8120 8872
2432 3270 7470 9492
2432 3300 7424 9508
2432 3300 7804 9128
2432 3308 6995 9929
2432 3308 7796 9128
2432 3308 8300 8624
2432 3322 6980 9930
2432 3384 7200 9648
2432 3384 7680 9168
2432 3520 7000 9712
2432 3520 7724 8988
2432 3556 7184 9492
2432 3556 7804 8872
2432 3620 6682 9930
2432 3620 7120 9492
2432 3728 7044 9460
2432 3728 7470 9034
2432 3728 8169 8335
2432 3750 7869 8613
2432 3758 6794 9680
2432 3758 7184 9290
2432 3758 7724 8750
2432 3800 6502 9930
2432 3800 7120 9312
2432 3800 7514 8918
2432 3800 7667 8765
2432 3814 7384 9034
2432 3820 7424 8988
2432 3904 7200 9128
2432 3969 7680 8583
2432 4031 7167 9034
2432 4031 7451 8750
2432 4088 7110 9034
2432 4088 7424 8720
2432 4088 7520 8624
2432 4112 7200 8920
2432 4112 7370 8750
2432 4112 7480 8640
2432 4112 7520 8600
2432 4112 7983 8137
2432 4135 7514 8583
2432 4135 7667 8430
2432 4196 7760 8276
2432 4225 7167 8840
2432 4225 7424 8583
2432 4272 6020 9940
2432 4272 7040 8920
2432 4272 7120 8840
2432 4272 7360 8600
2432 4272 7470 8490
2432 4292 7470 8470
2432 4311 7451 8470
2432 4331 5972 9929
2432 4331 7061 8840
2432 4400 6120 9712
2432 4400 6522 9310
2432 4400 7900 7932
2432 4412 6224 9596
2432 4412 6980 8840
2432 4412 7520 8300
2432 4440 6502 9290
2432 4500 6020 9712
2432 4500 6224 9508
2432 4563 6020 9649
2432 4595 7167 8470
2432 4604 6120 9508
2432 4636 6088 9508
2432 4636 6608 8988
2432 4636 6956 8640
2432 4720 6020 9492
2432 4720 6384 9128
2432 4720 7708 7804
2432 4730 6584 8918
2432 4730 7167 8335
2432 4776 6584 8872
2432 4776 7110 8346
2432 4780 6869 8583
2432 4780 7520 7932
2432 4807 6995 8430
2432 4919 6730 8583
2432 4960 5560 9712
2432 4960 5972 9300
2432 4960 6522 8750
2432 4970 5972 9290
2432 4970 6390 8872
2432 5000 5976 9256
2432 5000 6608 8624
2432 5000 6956 8276
2432 5052 5785 9395
2432 5052 6012 9168
2432 5052 7384 7796
2432 5208 5834 9190
2432 5208 6384 8640
2432 5208 6730 8294
2432 5408 6224 8600
2432 5455 5859 8918
2432 5455 6012 8765
2432 5455 6608 8169
2432 5455 6794 7983
2432 5455 7110 7667
2432 5560 5752 8920
2432 5560 5762 8910
2432 5560 6740 7932
2432 5597 7184 7451
2432 5632 5976 8624
2432 5632 6170 8430
2432 5632 7120 7480
2432 5637 6012 8583
2432 5637 6458 8137
2432 5752 5840 8640
2432 5752 6800 7680
2432 5752 7000 7480
2432 5752 7110 7370
2432 5752 7120 7360
2432 5762 6170 8300
2432 5762 6956 7514
2432 5762 7000 7470
2432 5762 7110 7360
2432 5785 5834 8613
2432 5840 7061 7331
2432 5859 6390 7983
2432 5900 6608 7724
2432 5972 6740 7520
2432 6012 6100 8120
2432 6012 6740 7480
2432 6088 6384 7760
2432 6120 6728 7384
2432 6224 6584 7424
2432 6384 6728 7120
2432 6390 6458 7384
2432 6458 6730 7044
2432 6458 6794 6980
2432 6502 6730 7000
2432 6522 6600 7110
2432 6522 6730 6980
2432 6584 6608 7040
2470 2584 7680 9930
2470 2584 7760 9850
2470 2584 8300 9310
2470 2590 8294 9310
2470 2620 7724 9850
2470 2620 8264 9310
2470 2628 8276 9290
2470 2638 8300 9256
2470 2664 7680 9850
2470 2758 7724 9712
2470 2848 8474 8872
2470 2920 7424 9850
2470 2924 8430 8840
2470 2995 7804 9395
2470 3080 7184 9930
2470 3080 7804 9310
2470 3080 8474 8640
2470 3080 8490 8624
2470 3142 7796 9256
2470 3200 7804 9190
2470 3270 6995 9929
2470 3270 7796 9128
2470 3270 8300 8624
2470 3280 7200 9714
2470 3280 7724 9190
2470 3280 8290 8624
2470 3300 7044 9850
2470 3300 8294 8600
2470 3300 8300 8594
2470 3308 6956 9930
2470 3308 8166 8720
2470 3360 7120 9714
2470 3384 7520 9290
2470 3384 7900 8910
2470 3520 6745 9929
2470 3520 7384 9290
2470 3556 7470 9168
2470 3620 6584 9990
2470 3620 7384 9190
2470 3644 7360 9190
2470 3644 8120 8430
2470 3728 8120 8346
2470 3728 8166 8300
2470 3750 6730 9714
2470 3750 7724 8720
2470 3750 7804 8640
2470 3758 7796 8640
2470 3786 6728 9680
2470 3800 6682 9712
2470 3800 6745 9649
2470 3800 7360 9034
2470 3814 6390 9990
2470 3814 7470 8910
2470 3820 6384 9990
2470 3820 7184 9190
2470 3820 7900 8474
2470 3904 6980 9310
2470 3904 7000 9290
2470 3904 7370 8920
2470 3950 6849 9395
2470 3950 7479 8765
2470 3950 7869 8375
2470 4031 6995 9168
2470 4031 7869 8294
2470 4088 6458 9648
2470 4088 6794 9312
2470 4088 7760 8346
2470 4100 6794 9300
2470 4100 7184 8910
2470 4100 7470 8624
2470 4100 7804 8290
2470 4135 6869 9190
2470 4135 7724 8335
2470 4191 6608 9395
2470 4196 6490 9508
2470 4196 7708 8290
2470 4225 7479 8490
2470 4233 7667 8294
2470 4233 7685 8276
2470 4272 6794 9128
2470 4292 5972 9930
2470 4311 6849 9034
2470 4311 7900 7983
2470 4400 7044 8750
2470 4400 7200 8594
2470 4412 6794 8988
2470 4500 6384 9310
2470 4563 7331 8300
2470 4595 6849 8750
2470 4595 7479 8120
2470 4595 7667 7932
2470 4604 7120 8470
2470 4604 7424 8166
2470 4604 7470 8120
2470 4636 6390 9168
2470 4720 5762 9712
2470 4720 7000 8474
2470 4720 7044 8430
2470 4720 7184 8290
2470 4730 5752 9712
2470 4730 5972 9492
2470 4730 7200 8264
2470 4776 6384 9034
2470 4776 6794 8624
2470 4780 6224 9190
2470 4780 7120 8294
2470 4780 7514 7900
2470 4919 7479 7796
2470 4970 6384 8840
2470 4970 6584 8640
2470 4970 6600 8624
2470 4970 6794 8430
2470 4970 6849 8375
2470 5000 6600 8594
2470 5000 7470 7724
2470 5000 7514 7680
2470 5052 6224 8918
2470 5052 6502 8640
2470 5173 6745 8276
2470 5208 6849 8137
2470 5315 6579 8300
2470 5408 5752 9034
2470 5408 6522 8264
2470 5560 5762 8872
2470 5560 7120 7514
2470 5597 6728 7869
2470 5632 6088 8474
2470 5632 6579 7983
2470 5637 6849 7708
2470 5694 5900 8600
2470 5694 6224 8276
2470 5694 6600 7900
2470 5694 6740 7760
2470 5694 6980 7520
2470 5736 5834 8624
2470 5752 5859 8583
2470 5752 5972 8470
2470 5752 6012 8430
2470 5752 6682 7760
2470 5834 6600 7760
2470 5834 7000 7360
2470 5900 6490 7804
2470 5900 7110 7184
2470 5976 6458 7760
2470 5976 6794 7424
2470 6012 6458 7724
2470 6012 6502 7680
2470 6088 6682 7424
2470 6170 6600 7424
2470 6170 6980 7044
2470 6224 6490 7480
2470 6224 6600 7370
2470 6490 6584 7120
2470 6600 6745 6849
2470 6600 6794 6800
2570 2584 7520 9990
2570 2584 7796 9714
2570 2584 8600 8910
2570 2590 7514 9990
2570 2590 8470 9034
2570 2590 8594 8910
2570 2620 7760 9714
2570 2620 8346 9128
2570 2625 7479 9990
2570 2625 8169 9300
2570 2628 8166 9300
2570 2628 8276 9190
2570 2628 8594 8872
2570 2638 8166 9290
2570 2639 8583 8872
2570 2664 8120 9310
2570 2793 7451 9850
2570 2920 7184 9990
2570 2920 8264 8910
2570 2995 7451 9648
2570 3080 7724 9290
2570 3080 8264 8750
2570 3080 8294 8720
2570 3136 8375 8583
2570 3200 7044 9850
2570 3200 8294 8600
2570 3200 8300 8594
2570 3270 7110 9714
2570 3270 7514 9310
2570 3280 7514 9300
2570 3300 7760 9034
2570 3322 7900 8872
2570 3322 7932 8840
2570 3360 6794 9940
2570 3360 7424 9310
2570 3360 8264 8470
2570 3384 7061 9649
2570 3384 7520 9190
2570 3384 8335 8375
2570 3520 6584 9990
2570 3520 7384 9190
2570 3556 6608 9930
2570 3556 7370 9168
2570 3620 6794 9680
2570 3620 7184 9290
2570 3620 7724 8750
2570 3626 7480 8988
2570 3644 6600 9850
2570 3644 7685 8765
2570 3728 7110 9256
2570 3750 7044 9300
2570 3750 7424 8920
2570 3758 6740 9596
2570 3786 6458 9850
2570 3786 6800 9508
2570 3786 7708 8600
2570 3800 7384 8910
2570 3800 7804 8490
2570 3814 6600 9680
2570 3814 6980 9300
2570 3814 7360 8920
2570 3814 7370 8910
2570 3814 7667 8613
2570 3814 7680 8600
2570 3820 7680 8594
2570 3820 7804 8470
2570 3904 6682 9508
2570 3904 6730 9460
2570 3904 7000 9190
2570 3904 7470 8720
2570 3904 7760 8430
2570 3904 7900 8290
2570 3950 7110 9034
2570 3950 7424 8720
2570 3950 7520 8624
2570 3969 6730 9395
2570 3969 6869 9256
2570 3969 7360 8765
2570 4031 7480 8583
2570 4088 7869 8137
2570 4100 6502 9492
2570 4100 6682 9312
2570 4100 7370 8624
2570 4100 7520 8474
2570 4112 6490 9492
2570 4112 6522 9460
2570 4112 6682 9300
2570 4112 7110 8872
2570 4191 6869 9034
2570 4196 6390 9508
2570 4196 6608 9290
2570 4196 6730 9168
2570 4196 6980 8918
2570 4196 7424 8474
2570 4225 6579 9290
2570 4233 7724 8137
2570 4272 5972 9850
2570 4272 6522 9300
2570 4272 7685 8137
2570 4292 6088 9714
2570 4292 6490 9312
2570 4292 6502 9300
2570 4311 7200 8583
2570 4331 5834 9929
2570 4400 6384 9310
2570 4412 5752 9930
2570 4440 7184 8470
2570 4440 7360 8294
2570 4500 7000 8594
2570 4500 7120 8474
2570 4563 7061 8470
2570 4595 5785 9714
2570 4595 6579 8920
2570 4604 5560 9930
2570 4604 6502 8988
2570 4604 6740 8750
2570 4604 7000 8490
2570 4604 7200 8290
2570 4604 7370 8120
2570 4720 5694 9680
2570 4720 6502 8872
2570 4720 7110 8264
2570 4730 6740 8624
2570 4776 7514 7804
2570 4780 7331 7983
2570 4807 6522 8765
2570 4807 7167 8120
2570 4919 6745 8430
2570 4919 6800 8375
2570 4919 7451 7724
2570 4960 5834 9300
2570 4960 6100 9034
2570 4960 6224 8910
2570 4960 6384 8750
2570 4970 5632 9492
2570 4970 5834 9290
2570 5000 6794 8300
2570 5000 6800 8294
2570 5000 7370 7724
2570 5052 5752 9290
2570 5052 6170 8872
2570 5052 7110 7932
2570 5173 7451 7470
2570 5208 5976 8910
2570 5315 5859 8920
2570 5455 6502 8137
2570 5560 5694 8840
2570 5560 6730 7804
2570 5560 6849 7685
2570 5560 7110 7424
2570 5632 5972 8490
2570 5694 6100 8300
2570 5694 7040 7360
2570 5736 6012 8346
2570 5736 6458 7900
2570 5762 6608 7724
2570 5834 6740 7520
2570 5840 6088 8166
2570 5840 6458 7796
2570 5840 6740 7514
2570 5859 5900 8335
2570 5900 6390 7804
2570 5972 6608 7514
2570 6100 6794 7200
2570 6120 6170 7804
2570 6120 6869 7105
2570 6170 6740 7184
2570 6224 6390 7480
2570 6384 6600 7110
2570 6384 6730 6980
2570 6390 6584 7120
2584 2590 8300 9190
2584 2620 7470 9990
2584 2620 7520 9940
2584 2625 8583 8872
2584 2628 7804 9648
2584 2639 7451 9990
2584 2692 7708 9680
2584 2692 8470 8918
2584 2848 7520 9712
2584 2848 7724 9508
2584 2848 7932 9300
2584 2920 7480 9680
2584 2924 7900 9256
2584 2995 8335 8750
2584 3036 8294 8750
2584 3136 8470 8474
2584 3200 7200 9680
2584 3240 8120 8720
2584 3270 7520 9290
2584 3270 7900 8910
2584 3280 7120 9680
2584 3300 7184 9596
2584 3300 7470 9310
2584 3300 7480 9300
2584 3300 8290 8490
2584 3308 7900 8872
2584 3308 7932 8840
2584 3322 7044 9714
2584 3322 7110 9648
2584 3322 7724 9034
2584 3360 6730 9990
2584 3360 7040 9680
2584 3360 8120 8600
2584 3360 8137 8583
2584 3360 8290 8430
2584 3384 7384 9312
2584 3384 7708 8988
2584 3520 7370 9190
2584 3556 6584 9940
2584 3556 7804 8720
2584 3556 7900 8624
2584 3620 7000 9460
2584 3620 8166 8294
2584 3626 6740 9714
2584 3644 7796 8640
2584 3728 6502 9850
2584 3728 7040 9312
2584 3728 7184 9168
2584 3728 7480 8872
2584 3750 6390 9940
2584 3750 6682 9648
2584 3750 7040 9290
2584 3750 7900 8430
2584 3758 6608 9714
2584 3786 7384 8910
2584 3786 7804 8490
2584 3800 6600 9680
2584 3800 6980 9300
2584 3800 7360 8920
2584 3800 7370 8910
2584 3800 7667 8613
2584 3800 7680 8600
2584 3814 6956 9310
2584 3814 7796 8470
2584 3820 6800 9460
2584 3904 7900 8276
2584 4031 6120 9929
2584 4031 7061 8988
2584 4088 6682 9310
2584 4088 7120 8872
2584 4100 6384 9596
2584 4100 7680 8300
2584 4112 6800 9168
2584 4112 6980 8988
2584 4135 7105 8840
2584 4191 6579 9310
2584 4191 7514 8375
2584 4196 6170 9714
2584 4196 6584 9300
2584 4196 7044 8840
2584 4225 7105 8750
2584 4225 7480 8375
2584 4225 7520 8335
2584 4272 7184 8624
2584 4272 7514 8294
2584 4292 5859 9929
2584 4292 6800 8988
2584 4311 5840 9929
2584 4311 6120 9649
2584 4311 6579 9190
2584 4311 6849 8920
2584 4311 7479 8290
2584 4311 7869 7900
2584 4331 6100 9649
2584 4400 6390 9290
2584 4400 6490 9190
2584 4400 7040 8640
2584 4400 7514 8166
2584 4412 6020 9648
2584 4412 7044 8624
2584 4412 7685 7983
2584 4440 6384 9256
2584 4440 6730 8910
2584 4440 6800 8840
2584 4440 7000 8640
2584 4440 7040 8600
2584 4440 7520 8120
2584 4440 7708 7932
2584 4500 5900 9680
2584 4500 6088 9492
2584 4500 6120 9460
2584 4500 6390 9190
2584 4500 6740 8840
2584 4500 6956 8624
2584 4500 6980 8600
2584 4500 7110 8470
2584 4500 7680 7900
2584 4595 6995 8490
2584 4595 7110 8375
2584 4604 5762 9714
2584 4604 7200 8276
2584 4604 7680 7796
2584 4656 6390 9034
2584 4656 6584 8840
2584 4656 6800 8624
2584 4720 5900 9460
2584 4720 6170 9190
2584 4730 6600 8750
2584 4730 7184 8166
2584 4776 6384 8920
2584 4776 6584 8720
2584 4776 7040 8264
2584 4776 7167 8137
2584 4776 7184 8120
2584 4780 5840 9460
2584 4780 6390 8910
2584 4780 7000 8300
2584 4919 6995 8166
2584 4960 5408 9712
2584 4960 6745 8375
2584 4960 7000 8120
2584 4960 7360 7760
2584 4970 6390 8720
2584 5000 6170 8910
2584 5000 6745 8335
2584 5052 5900 9128
2584 5052 6682 8346
2584 5052 6728 8300
2584 5173 5597 9310
2584 5208 5560 9312
2584 5208 6608 8264
2584 5315 5455 9310
2584 5315 5597 9168
2584 5315 5637 9128
2584 5315 6390 8375
2584 5408 5752 8920
2584 5408 5762 8910
2584 5408 6740 7932
2584 5455 5637 8988
2584 5455 5785 8840
2584 5455 6012 8613
2584 5455 7105 7520
2584 5560 7000 7520
2584 5560 7040 7480
2584 5597 5859 8624
2584 5597 5900 8583
2584 5632 6579 7869
2584 5632 6740 7708
2584 5694 5762 8624
2584 5736 6224 8120
2584 5736 6584 7760
2584 5752 6849 7479
2584 5762 5972 8346
2584 5762 6522 7796
2584 5834 5900 8346
2584 5834 6522 7724
2584 5834 6579 7667
2584 5840 5976 8264
2584 5840 6120 8120
2584 5840 7040 7200
2584 5900 6384 7796
2584 5900 6849 7331
2584 5900 6980 7200
2584 5972 6384 7724
2584 5976 6584 7520
2584 6088 6522 7470
2584 6088 6608 7384
2584 6100 6980 7000
2584 6120 6490 7470
2584 6120 6600 7360
2584 6170 6390 7520
2584 6170 6579 7331
2584 6170 6800 7110
2584 6170 6849 7061
2584 6384 6740 6956
2584 6390 6490 7200
2584 6458 6502 7120
2590 2620 7514 9940
2590 2620 8264 9190
2590 2625 7520 9929
2590 2625 8137 9312
2590 2638 7724 9712
2590 2664 7470 9940
2590 2664 7480 9930
2590 2664 8120 9290
2590 2664 8490 8920
2590 2758 7667 9649
2590 2793 7685 9596
2590 2848 7514 9712
2590 2920 8120 9034
2590 2920 8166 8988
2590 2924 7470 9680
2590 2924 8430 8720
2590 2995 8169 8910
2590 3036 8120 8918
2590 3036 8166 8872
2590 3080 7804 9190
2590 3142 7424 9508
2590 3142 7804 9128
2590 3200 7479 9395
2590 3240 7120 9714
2590 3270 7514 9290
2590 3270 7932 8872
2590 3280 7760 9034
2590 3300 8300 8474
2590 3308 8166 8600
2590 3308 8276 8490
2590 3322 7040 9712
2590 3322 8169 8583
2590 3360 7000 9714
2590 3360 7424 9290
2590 3360 7680 9034
2590 3360 7796 8918
2590 3360 7804 8910
2590 3360 8120 8594
2590 3520 7520 9034
2590 3520 7804 8750
2590 3520 8264 8290
2590 3556 6869 9649
2590 3620 6740 9714
2590 3626 6458 9990
2590 3626 6800 9648
2590 3626 6956 9492
2590 3644 6490 9940
2590 3644 7120 9310
2590 3644 7520 8910
2590 3644 7680 8750
2590 3644 8166 8264
2590 3750 6384 9940
2590 3750 6728 9596
2590 3750 7724 8600
2590 3786 6608 9680
2590 3786 7120 9168
2590 3786 7370 8918
2590 3800 7680 8594
2590 3800 7804 8470
2590 3814 6800 9460
2590 3820 6794 9460
2590 3904 6458 9712
2590 3904 6490 9680
2590 3904 6522 9648
2590 3904 6980 9190
2590 3904 7680 8490
2590 3950 6956 9168
2590 3969 6849 9256
2590 4031 7708 8335
2590 4088 6390 9596
2590 4088 6730 9256
2590 4100 6579 9395
2590 4100 7680 8294
2590 4112 5972 9990
2590 4112 6502 9460
2590 4112 6794 9168
2590 4112 7044 8918
2590 4112 7796 8166
2590 4191 6849 9034
2590 4191 7900 7983
2590 4225 5859 9990
2590 4225 7514 8335
2590 4225 7680 8169
2590 4272 6088 9714
2590 4272 6490 9312
2590 4272 6502 9300
2590 4292 6794 8988
2590 4311 5834 9929
2590 4331 7479 8264
2590 4331 7760 7983
2590 4400 6384 9290
2590 4400 7061 8613
2590 4400 7184 8490
2590 4400 7200 8474
2590 4400 7384 8290
2590 4412 6170 9492
2590 4440 5694 9940
2590 4440 6600 9034
2590 4440 6794 8840
2590 4440 6869 8765
2590 4440 7040 8594
2590 4440 7370 8264
2590 4440 7514 8120
2590 4500 6384 9190
2590 4500 6980 8594
2590 4604 6170 9300
2590 4604 6980 8490
2590 4604 7000 8470
2590 4604 7040 8430
2590 4656 6384 9034
2590 4656 6794 8624
2590 4720 6730 8624
2590 4730 5632 9712
2590 4730 6088 9256
2590 4730 6579 8765
2590 4730 7044 8300
2590 4776 6170 9128
2590 4776 6458 8840
2590 4780 5834 9460
2590 4780 6384 8910
2590 4780 7000 8294
2590 4807 6502 8765
2590 4919 6390 8765
2590 4919 7470 7685
2590 4960 6490 8624
2590 4970 5455 9649
2590 4970 5976 9128
2590 4970 6384 8720
2590 4970 7424 7680
2590 5000 5762 9312
2590 5000 6584 8490
2590 5000 6600 8474
2590 5000 6728 8346
2590 5052 6728 8294
2590 5173 7105 7796
2590 5315 6384 8375
2590 5408 5632 9034
2590 5408 6390 8276
2590 5455 7105 7514
2590 5560 6224 8290
2590 5560 7000 7514
2590 5560 7044 7470
2590 5597 5637 8840
2590 5597 6608 7869
2590 5632 5859 8583
2590 5632 5972 8470
2590 5632 6012 8430
2590 5632 6682 7760
2590 5694 6584 7796
2590 5694 6956 7424
2590 5752 5976 8346
2590 5752 6390 7932
2590 5762 6012 8300
2590 5785 5859 8430
2590 5785 6120 8169
2590 5785 7105 7184
2590 5834 5976 8264
2590 5834 6120 8120
2590 5834 7040 7200
2590 5840 5859 8375
2590 5859 6745 7470
2590 5859 7105 7110
2590 5972 6170 7932
2590 5976 6390 7708
2590 5976 6584 7514
2590 5976 6728 7370
2590 6020 6584 7470
2590 6100 6170 7804
2590 6100 6869 7105
2590 6120 6584 7370
2590 6120 6849 7105
2590 6170 6224 7680
2590 6170 6384 7520
2590 6170 6390 7514
2590 6170 6794 7110
2590 6224 6490 7360
2590 6224 6730 7120
2590 6224 6740 7110
2590 6224 6745 7105
2590 6384 6490 7200
2590 6390 6579 7105
2590 6390 6728 6956
2590 6490 6584 7000
2620 2625 7479 9940
2620 2639 8640 8765
2620 2664 7451 9929
2620 2664 8346 9034
2620 2664 8470 8910
2620 2848 8276 8920
2620 2848 8583 8613
2620 2920 7184 9940
2620 2995 7120 9929
2620 3036 7360 9648
2620 3036 7708 9300
2620 3080 7708 9256
2620 3080 7796 9168
2620 3080 8474 8490
2620 3142 8137 8765
2620 3200 7384 9460
2620 3240 7514 9290
2620 3240 7932 8872
2620 3270 8300 8474
2620 3280 8290 8474
2620 3280 8294 8470
2620 3300 8120 8624
2620 3308 7424 9312
2620 3308 7480 9256
2620 3322 7804 8918
2620 3360 7384 9300
2620 3384 6730 9930
2620 3384 6980 9680
2620 3384 7200 9460
2620 3384 7360 9300
2620 3384 7370 9290
2620 3384 7470 9190
2620 3520 6584 9940
2620 3520 7804 8720
2620 3520 7900 8624
2620 3556 6980 9508
2620 3556 7360 9128
2620 3620 7514 8910
2620 3626 7384 9034
2620 3644 7110 9290
2620 3644 7480 8920
2620 3644 7680 8720
2620 3644 7760 8640
2620 3750 7384 8910
2620 3750 7804 8490
2620 3758 6794 9492
2620 3758 7796 8490
2620 3758 8120 8166
2620 3800 6849 9395
2620 3800 7479 8765
2620 3800 7869 8375
2620 3814 7040 9190
2620 3814 7480 8750
2620 3814 7760 8470
2620 3820 7384 8840
2620 3904 6745 9395
2620 3950 6794 9300
2620 3950 7184 8910
2620 3950 7470 8624
2620 3950 7804 8290
2620 3969 7451 8624
2620 4031 7667 8346
2620 4088 7680 8276
2620 4100 6956 8988
2620 4100 7331 8613
2620 4100 7470 8474
2620 4100 7514 8430
2620 4100 7680 8264
2620 4112 7167 8765
2620 4135 7479 8430
2620 4191 6458 9395
2620 4225 6170 9649
2620 4233 7061 8750
2620 4292 5762 9990
2620 4292 6584 9168
2620 4311 6745 8988
2620 4311 7120 8613
2620 4400 7044 8600
2620 4400 7061 8583
2620 4440 6980 8624
2620 4500 5694 9850
2620 4500 6794 8750
2620 4500 7424 8120
2620 4563 7685 7796
2620 4595 6849 8600
2620 4604 6522 8918
2620 4604 6600 8840
2620 4604 6800 8640
2620 4604 7105 8335
2620 4604 7680 7760
2620 4636 5694 9714
2620 4636 5900 9508
2620 4636 6490 8918
2620 4656 6088 9300
2620 4656 6794 8594
2620 4656 7680 7708
2620 4720 6012 9312
2620 4720 6730 8594
2620 4720 7424 7900
2620 4720 7520 7804
2620 4730 7331 7983
2620 4776 6012 9256
2620 4776 6100 9168
2620 4776 6794 8474
2620 4780 6794 8470
2620 4780 7000 8264
2620 4919 6849 8276
2620 4919 6956 8169
2620 4960 6490 8594
2620 4960 6794 8290
2620 4960 7184 7900
2620 4960 7360 7724
2620 4970 5762 9312
2620 4970 6584 8490
2620 4970 6600 8474
2620 4970 6728 8346
2620 5000 7061 7983
2620 5052 5597 9395
2620 5052 5736 9256
2620 5052 6120 8872
2620 5052 6502 8490
2620 5052 6522 8470
2620 5052 6728 8264
2620 5208 6490 8346
2620 5208 7040 7796
2620 5315 7044 7685
2620 5408 6012 8624
2620 5408 6956 7680
2620 5455 5976 8613
2620 5455 7110 7479
2620 5560 6584 7900
2620 5597 5834 8613
2620 5632 6608 7804
2620 5632 6745 7667
2620 5637 6740 7667
2620 5637 6956 7451
2620 5694 6980 7370
2620 5736 5834 8474
2620 5736 6584 7724
2620 5736 6600 7708
2620 5736 6794 7514
2620 5752 6584 7708
2620 5762 6522 7760
2620 5785 6390 7869
2620 5785 6579 7680
2620 5785 6745 7514
2620 5834 6502 7708
2620 5834 6730 7480
2620 5834 6740 7470
2620 5900 6384 7760
2620 6012 6100 7932
2620 6012 6608 7424
2620 6020 6600 7424
2620 6020 6980 7044
2620 6088 6956 7000
2620 6100 6584 7360
2620 6120 6740 7184
2620 6170 6490 7384
2620 6522 6728 6794
2625 2639 7470 9930
2625 2639 7804 9596
2625 2639 8490 8910
2625 2692 7667 9680
2625 2758 7685 9596
2625 2848 7479 9712
2625 2848 7796 9395
2625 2920 7470 9649
2625 2920 7724 9395
2625 2995 8294 8750
2625 3080 7451 9508
2625 3080 8335 8624
2625 3080 8346 8613
2625 3136 7869 9034
2625 3136 7983 8920
2625 3136 8290 8613
2625 3200 6849 9990
2625 3200 7331 9508
2625 3240 6869 9930
2625 3270 7120 9649
2625 3270 7479 9290
2625 3270 8169 8600
2625 3280 7110 9649
2625 3308 8137 8594
2625 3384 7667 8988
2625 3520 6579 9940
2625 3556 7900 8583
2625 3556 8137 8346
2625 3620 6490 9929
2625 3626 7983 8430
2625 3626 8137 8276
2625 3644 7000 9395
2625 3644 7105 9290
2625 3750 8120 8169
2625 3786 6745 9508
2625 3904 6740 9395
2625 3904 7370 8765
2625 3904 7760 8375
2625 3969 6390 9680
2625 3969 7470 8600
2625 3969 7724 8346
2625 4031 7384 8624
2625 4031 7708 8300
2625 4135 6224 9680
2625 4135 7184 8720
2625 4225 6100 9714
2625 4225 6502 9312
2625 4225 7384 8430
2625 4225 7479 8335
2625 4225 7514 8300
2625 4225 7520 8294
2625 4272 6849 8918
2625 4272 7167 8600
2625 4272 7184 8583
2625 4292 6579 9168
2625 4311 6600 9128
2625 4311 6740 8988
2625 4311 7796 7932
2625 4400 7470 8169
2625 4412 5637 9990
2625 4412 7044 8583
2625 4440 6849 8750
2625 4440 7479 8120
2625 4440 7667 7932
2625 4500 5859 9680
2625 4500 6956 8583
2625 4500 7370 8169
2625 4563 5762 9714
2625 4563 7200 8276
2625 4563 7680 7796
2625 4656 6800 8583
2625 4656 7451 7932
2625 4656 7514 7869
2625 4720 5859 9460
2625 4720 6849 8470
2625 4730 5597 9712
2625 4776 7331 7932
2625 4780 6995 8264
2625 4807 5976 9256
2625 4807 6608 8624
2625 4807 6956 8276
2625 4919 5408 9712
2625 4919 6745 8375
2625 4919 7000 8120
2625 4919 7360 7760
2625 4970 6579 8490
2625 4970 7200 7869
2625 4970 7384 7685
2625 5000 6745 8294
2625 5000 7331 7708
2625 5052 5859 9128
2625 5315 5736 8988
2625 5315 6100 8624
2625 5315 7000 7724
2625 5315 7044 7680
2625 5408 5597 9034
2625 5455 5834 8750
2625 5455 7105 7479
2625 5455 7200 7384
2625 5560 6579 7900
2625 5560 6794 7685
2625 5560 7000 7479
2625 5597 5859 8583
2625 5597 5972 8470
2625 5597 6012 8430
2625 5597 6682 7760
2625 5632 6740 7667
2625 5632 6956 7451
2625 5637 5762 8640
2625 5637 5972 8430
2625 5637 6502 7900
2625 5694 5762 8583
2625 5736 6579 7724
2625 5752 6579 7708
2625 5752 6956 7331
2625 5752 7120 7167
2625 5762 7110 7167
2625 5785 6088 8166
2625 5785 6458 7796
2625 5785 6740 7514
2625 5834 5859 8346
2625 5859 6384 7796
2625 5859 6849 7331
2625 5859 6980 7200
2625 5976 6584 7479
2625 6088 6956 6995
2625 6100 6579 7360
2625 6100 6608 7331
2625 6170 6390 7479
2625 6170 6869 7000
2625 6390 6800 6849
2628 2639 7685 9712
2628 2664 7724 9648
2628 2692 8594 8750
2628 2692 8624 8720
2628 2758 8290 8988
2628 2848 7680 9508
2628 2848 7932 9256
2628 2920 7520 9596
2628 2920 7804 9312
2628 2920 8276 8840
2628 2995 8169 8872
2628 2995 8276 8765
2628 3080 7360 9596
2628 3136 8276 8624
2628 3136 8300 8600
2628 3136 8430 8470
2628 3142 7044 9850
2628 3142 8294 8600
2628 3142 8300 8594
2628 3200 7708 9128
2628 3200 8346 8490
2628 3240 7200 9596
2628 3270 8166 8600
2628 3270 8276 8490
2628 3280 7044 9712
2628 3300 7424 9312
2628 3300 7480 9256
2628 3322 7000 9714
2628 3322 7424 9290
2628 3322 7680 9034
2628 3322 7796 8918
2628 3322 7804 8910
2628 3322 8120 8594
2628 3360 7184 9492
2628 3360 7804 8872
2628 3384 7932 8720
2628 3520 7796 8720
2628 3556 6490 9990
2628 3556 6800 9680
2628 3556 7760 8720
2628 3620 6956 9460
2628 3626 6730 9680
2628 3626 7110 9300
2628 3626 7120 9290
2628 3626 8120 8290
2628 3644 7520 8872
2628 3728 6458 9850
2628 3728 6800 9508
2628 3728 7708 8600
2628 3750 6794 9492
2628 3750 7796 8490
2628 3750 8120 8166
2628 3758 6682 9596
2628 3758 7110 9168
2628 3758 7360 8918
2628 3758 7804 8474
2628 3758 7932 8346
2628 3786 7667 8583
2628 3786 7760 8490
2628 3800 6522 9714
2628 3800 6728 9508
2628 3800 6980 9256
2628 3814 6730 9492
2628 3814 7932 8290
2628 3820 6502 9714
2628 3820 7451 8765
2628 3950 6490 9596
2628 3950 7796 8290
2628 4100 6224 9712
2628 4112 7804 8120
2628 4135 5972 9929
2628 4135 7061 8840
2628 4191 7470 8375
2628 4191 7708 8137
2628 4196 5900 9940
2628 4196 6584 9256
2628 4196 7000 8840
2628 4196 7120 8720
2628 4196 7200 8640
2628 4196 7370 8470
2628 4225 7061 8750
2628 4272 5834 9930
2628 4272 6730 9034
2628 4272 7044 8720
2628 4272 7470 8294
2628 4292 7120 8624
2628 4292 7480 8264
2628 4311 5785 9940
2628 4331 7105 8600
2628 4331 7370 8335
2628 4400 7360 8276
2628 4400 7470 8166
2628 4412 5694 9930
2628 4412 5976 9648
2628 4412 7000 8624
2628 4412 7360 8264
2628 4412 7724 7900
2628 4440 6088 9508
2628 4440 6608 8988
2628 4440 6956 8640
2628 4500 6224 9312
2628 4500 6502 9034
2628 4500 7370 8166
2628 4500 7667 7869
2628 4563 6849 8624
2628 4604 5752 9680
2628 4604 5972 9460
2628 4604 6120 9312
2628 4604 6522 8910
2628 4604 6682 8750
2628 4604 6849 8583
2628 4604 7708 7724
2628 4636 5752 9648
2628 4636 6088 9312
2628 4636 6100 9300
2628 4636 6490 8910
2628 4636 6800 8600
2628 4636 7110 8290
2628 4656 6740 8640
2628 4656 7480 7900
2628 4720 7040 8276
2628 4720 7384 7932
2628 4720 7520 7796
2628 4730 6682 8624
2628 4776 5752 9508
2628 4776 7360 7900
2628 4780 6088 9168
2628 4780 6384 8872
2628 4780 6956 8300
2628 4780 6980 8276
2628 4807 5834 9395
2628 4807 7360 7869
2628 4919 6980 8137
2628 4960 6088 8988
2628 4960 6730 8346
2628 4960 6800 8276
2628 4960 6956 8120
2628 5000 5736 9300
2628 5000 7167 7869
2628 5052 5694 9290
2628 5052 6384 8600
2628 5052 6390 8594
2628 5052 7470 7514
2628 5173 7384 7479
2628 5208 5840 8988
2628 5208 7120 7708
2628 5315 6584 8137
2628 5408 6728 7900
2628 5455 7061 7520
2628 5560 6956 7520
2628 5632 6600 7804
2628 5632 6608 7796
2628 5632 6980 7424
2628 5632 7044 7360
2628 5736 6849 7451
2628 5752 6020 8264
2628 5752 6384 7900
2628 5762 6794 7480
2628 5785 6584 7667
2628 5785 6800 7451
2628 5834 6522 7680
2628 5834 6682 7520
2628 5840 6682 7514
2628 5840 6745 7451
2628 5972 6384 7680
2628 5972 6584 7480
2628 6012 6600 7424
2628 6012 6980 7044
2628 6020 6502 7514
2628 6020 6849 7167
2628 6088 6224 7724
2628 6100 6956 6980
2628 6170 6682 7184
2628 6384 6608 7044
2628 6490 6502 7044
2628 6502 6740 6794
2628 6579 6608 6849
2638 2664 8490 8872
2638 2692 7685 9649
2638 2692 8166 9168
2638 2692 8300 9034
2638 2692 8346 8988
2638 2758 7760 9508
2638 2920 7796 9310
2638 3036 7000 9990
2638 3036 7061 9929
2638 3036 7680 9310
2638 3080 6956 9990
2638 3080 8346 8600
2638 3136 7040 9850
2638 3136 8290 8600
2638 3142 7424 9460
2638 3142 8290 8594
2638 3200 7514 9312
2638 3270 7044 9712
2638 3280 8276 8470
2638 3300 7331 9395
2638 3300 7470 9256
2638 3308 6728 9990
2638 3322 7514 9190
2638 3384 7514 9128
2638 3384 7724 8918
2638 3520 6794 9712
2638 3620 7932 8474
2638 3626 7110 9290
2638 3626 7480 8920
2638 3626 7680 8720
2638 3626 7760 8640
2638 3728 6584 9714
2638 3728 7685 8613
2638 3758 6956 9312
2638 3758 7685 8583
2638 3786 6390 9850
2638 3786 7520 8720
2638 3800 7796 8430
2638 3800 7932 8294
2638 3814 6956 9256
2638 3814 7044 9168
2638 3950 6584 9492
2638 3969 6745 9312
2638 4031 6600 9395
2638 4088 6088 9850
2638 4088 6224 9714
2638 4088 6682 9256
2638 4100 7760 8166
2638 4112 7331 8583
2638 4112 7424 8490
2638 4135 6579 9312
2638 4191 6579 9256
2638 4191 6995 8840
2638 4196 5840 9990
2638 4196 5900 9930
2638 4196 7110 8720
2638 4196 7360 8470
2638 4225 7331 8470
2638 4225 7869 7932
2638 4292 6020 9714
2638 4292 7110 8624
2638 4292 7470 8264
2638 4311 5785 9930
2638 4311 6995 8720
2638 4311 7451 8264
2638 4331 7360 8335
2638 4400 6458 9168
2638 4412 5900 9714
2638 4412 6849 8765
2638 4412 7184 8430
2638 4440 5736 9850
2638 4440 6458 9128
2638 4500 5597 9929
2638 4500 6608 8918
2638 4500 7360 8166
2638 4563 6869 8594
2638 4563 7480 7983
2638 4563 7667 7796
2638 4595 7167 8264
2638 4604 6502 8920
2638 4636 6100 9290
2638 4636 7044 8346
2638 4656 6730 8640
2638 4656 6995 8375
2638 4656 7470 7900
2638 4720 6682 8624
2638 4776 6956 8294
2638 4780 5597 9649
2638 4780 6956 8290
2638 4807 6579 8640
2638 4807 6745 8474
2638 4970 5408 9648
2638 5000 5736 9290
2638 5052 6224 8750
2638 5052 7105 7869
2638 5173 5597 9256
2638 5173 6088 8765
2638 5208 5900 8918
2638 5208 6224 8594
2638 5208 7110 7708
2638 5315 5455 9256
2638 5315 6728 7983
2638 5315 7044 7667
2638 5408 7167 7451
2638 5455 7120 7451
2638 5560 5976 8490
2638 5560 6120 8346
2638 5632 6100 8294
2638 5637 6869 7520
2638 5694 6608 7724
2638 5736 6170 8120
2638 5736 6390 7900
2638 5752 6794 7480
2638 5762 5834 8430
2638 5762 6579 7685
2638 5762 6584 7680
2638 5762 6794 7470
2638 5840 6020 8166
2638 5840 6390 7796
2638 5859 7000 7167
2638 5972 6584 7470
2638 6088 6458 7480
2638 6100 6502 7424
2638 6120 6522 7384
2638 6224 6682 7120
2638 6384 6458 7184
2638 6384 6522 7120
2638 6502 6730 6794
2639 2664 7869 9492
2639 2692 7685 9648
2639 2692 8583 8750
2639 2692 8613 8720
2639 2793 7520 9712
2639 2793 7724 9508
2639 2793 7932 9300
2639 2848 7685 9492
2639 2848 8583 8594
2639 2995 7040 9990
2639 2995 8120 8910
2639 2995 8430 8600
2639 3136 8169 8720
2639 3136 8276 8613
2639 3142 8300 8583
2639 3200 8335 8490
2639 3240 7105 9680
2639 3270 7360 9395
2639 3322 7983 8720
2639 3322 8120 8583
2639 3360 7900 8765
2639 3360 8290 8375
2639 3384 7331 9310
2639 3384 7451 9190
2639 3520 7110 9395
2639 3556 7869 8600
2639 3556 8169 8300
2639 3620 7105 9300
2639 3620 7685 8720
2639 3626 7479 8920
2639 3750 7900 8375
2639 3758 7667 8600
2639 3758 7932 8335
2639 3820 6745 9460
2639 3950 7451 8624
2639 3969 6800 9256
2639 3969 7184 8872
2639 4031 6502 9492
2639 4031 6682 9312
2639 4031 7370 8624
2639 4031 7520 8474
2639 4100 7331 8594
2639 4100 7451 8474
2639 4112 6745 9168
2639 4112 6995 8918
2639 4135 5900 9990
2639 4135 6600 9290
2639 4135 6980 8910
2639 4135 7724 8166
2639 4191 6120 9714
2639 4191 6522 9312
2639 4191 6800 9034
2639 4191 7360 8474
2639 4196 5900 9929
2639 4225 6088 9712
2639 4225 6120 9680
2639 4225 6490 9310
2639 4225 7200 8600
2639 4225 7370 8430
2639 4225 7680 8120
2639 4233 6502 9290
2639 4292 6745 8988
2639 4292 7120 8613
2639 4311 5785 9929
2639 4311 6458 9256
2639 4311 6794 8920
2639 4311 7120 8594
2639 4311 7424 8290
2639 4331 6384 9310
2639 4400 5976 9649
2639 4400 7331 8294
2639 4412 6579 9034
2639 4412 7000 8613
2639 4440 6745 8840
2639 4440 7685 7900
2639 4563 6849 8613
2639 4563 7479 7983
2639 4595 5834 9596
2639 4595 6120 9310
2639 4595 6956 8474
2639 4595 7000 8430
2639 4636 7520 7869
2639 4656 6745 8624
2639 4656 7105 8264
2639 4656 7200 8169
2639 4720 5315 9990
2639 4720 5455 9850
2639 4730 5900 9395
2639 4730 6682 8613
2639 4730 6995 8300
2639 4780 5315 9930
2639 4780 5597 9648
2639 4780 5785 9460
2639 4807 6728 8490
2639 4960 6730 8335
2639 4970 7331 7724
2639 4970 7370 7685
2639 5052 6390 8583
2639 5173 6012 8840
2639 5173 6869 7983
2639 5173 7167 7685
2639 5455 5976 8594
2639 5455 6100 8470
2639 5455 6224 8346
2639 5455 7200 7370
2639 5560 6995 7470
2639 5560 7105 7360
2639 5597 5834 8594
2639 5597 7044 7384
2639 5632 6224 8169
2639 5637 6088 8300
2639 5637 6584 7804
2639 5694 7000 7331
2639 5736 5859 8430
2639 5736 6120 8169
2639 5736 7105 7184
2639 5752 6794 7479
2639 5752 6849 7424
2639 5785 5976 8264
2639 5785 6120 8120
2639 5785 7040 7200
2639 5834 6740 7451
2639 5859 6458 7708
2639 5859 7061 7105
2639 5900 6458 7667
2639 5900 6794 7331
2639 5972 6869 7184
2639 5976 6579 7470
2639 5976 6849 7200
2639 6012 6682 7331
2639 6088 6458 7479
2639 6120 6800 7105
2639 6170 6745 7110
2639 6170 6794 7061
2639 6224 6740 7061
2639 6490 6579 6956
2664 2758 7932 9310
2664 2793 8335 8872
2664 2793 8583 8624
2664 2793 8594 8613
2664 2920 7685 9395
2664 2924 7480 9596
2664 2924 8166 8910
2664 3036 7708 9256
2664 3036 7796 9168
2664 3036 8474 8490
2664 3080 6980 9940
2664 3080 7932 8988
2664 3080 8430 8490
2664 3136 7184 9680
2664 3136 8264 8600
2664 3142 8264 8594
2664 3200 7120 9680
2664 3240 7470 9290
2664 3240 8120 8640
2664 3240 8166 8594
2664 3240 8290 8470
2664 3270 6740 9990
2664 3270 6800 9930
2664 3270 8300 8430
2664 3280 6730 9990
2664 3280 7040 9680
2664 3280 8120 8600
2664 3280 8137 8583
2664 3280 8290 8430
2664 3308 6980 9712
2664 3308 7044 9648
2664 3308 7184 9508
2664 3308 7200 9492
2664 3322 7760 8918
2664 3360 7044 9596
2664 3360 7384 9256
2664 3360 8166 8474
2664 3360 8294 8346
2664 3384 7360 9256
2664 3520 6490 9990
2664 3520 6800 9680
2664 3520 7760 8720
2664 3556 6730 9714
2664 3556 7724 8720
2664 3556 7804 8640
2664 3620 6390 9990
2664 3620 7470 8910
2664 3626 6384 9990
2664 3626 7184 9190
2664 3626 7900 8474
2664 3644 7044 9312
2664 3750 7667 8583
2664 3750 7760 8490
2664 3758 7370 8872
2664 3786 6224 9990
2664 3786 6502 9712
2664 3786 7724 8490
2664 3800 6740 9460
2664 3800 7360 8840
2664 3800 7480 8720
2664 3800 7900 8300
2664 3820 6584 9596
2664 3904 6384 9712
2664 3904 7331 8765
2664 3904 7796 8300
2664 3950 6120 9930
2664 3950 6740 9310
2664 3950 6794 9256
2664 3950 7760 8290
2664 3969 7685 8346
2664 4031 7479 8490
2664 4088 5972 9940
2664 4088 6600 9312
2664 4088 7040 8872
2664 4100 6600 9300
2664 4100 6980 8920
2664 4100 7470 8430
2664 4191 7044 8765
2664 4196 7514 8290
2664 4196 7667 8137
2664 4225 5785 9990
2664 4233 6849 8918
2664 4233 7167 8600
2664 4233 7184 8583
2664 4272 6600 9128
2664 4272 6740 8988
2664 4272 7796 7932
2664 4311 6849 8840
2664 4311 7520 8169
2664 4331 6020 9649
2664 4400 6682 8918
2664 4400 6728 8872
2664 4400 7000 8600
2664 4400 7110 8490
2664 4400 7480 8120
2664 4400 7796 7804
2664 4412 6600 8988
2664 4412 7451 8137
2664 4440 6100 9460
2664 4500 5560 9940
2664 4500 7200 8300
2664 4500 7331 8169
2664 4595 7105 8300
2664 4604 7061 8335
2664 4604 7120 8276
2664 4636 6740 8624
2664 4656 5632 9712
2664 4656 6088 9256
2664 4656 6579 8765
2664 4656 7044 8300
2664 4720 5632 9648
2664 4720 6980 8300
2664 4720 7520 7760
2664 4730 5762 9508
2664 4730 6800 8470
2664 4730 6980 8290
2664 4730 7370 7900
2664 4776 6384 8840
2664 4776 6584 8640
2664 4776 6600 8624
2664 4776 6794 8430
2664 4776 6849 8375
2664 4780 6730 8490
2664 4780 6956 8264
2664 4780 7424 7796
2664 4807 5597 9596
2664 4960 6120 8920
2664 4960 6740 8300
2664 4960 7360 7680
2664 4970 5840 9190
2664 4970 6120 8910
2664 4970 6390 8640
2664 4970 6600 8430
2664 4970 6730 8300
2664 4970 6740 8290
2664 5000 6012 8988
2664 5000 7480 7520
2664 5052 6458 8490
2664 5173 5637 9190
2664 5208 6502 8290
2664 5315 7000 7685
2664 5408 5752 8840
2664 5455 6170 8375
2664 5560 5840 8600
2664 5632 5785 8583
2664 5632 6608 7760
2664 5637 6849 7514
2664 5694 6012 8294
2664 5694 6502 7804
2664 5736 5834 8430
2664 5736 6579 7685
2664 5736 6584 7680
2664 5736 6794 7470
2664 5752 5972 8276
2664 5752 6728 7520
2664 5785 5840 8375
2664 5785 6745 7470
2664 5785 7105 7110
2664 5834 6458 7708
2664 5834 7061 7105
2664 5840 6800 7360
2664 5840 7040 7120
2664 5859 5972 8169
2664 5900 6730 7370
2664 5900 6740 7360
2664 5900 6980 7120
2664 5900 6995 7105
2664 5972 6224 7804
2664 5976 6600 7424
2664 5976 6980 7044
2664 6012 6088 7900
2664 6020 6980 7000
2664 6088 6728 7184
2664 6088 6745 7167
2664 6390 6490 7120
2664 6458 6502 7040
2692 2758 8294 8920
2692 2793 7869 9310
2692 2848 7184 9940
2692 2920 7796 9256
2692 2995 7667 9310
2692 2995 8137 8840
2692 3036 7680 9256
2692 3080 7384 9508
2692 3080 7724 9168
2692 3136 7708 9128
2692 3136 8346 8490
2692 3142 6980 9850
2692 3142 7370 9460
2692 3142 7520 9310
2692 3142 7796 9034
2692 3200 7900 8872
2692 3200 7932 8840
2692 3280 6980 9712
2692 3280 7044 9648
2692 3280 7184 9508
2692 3280 7200 9492
2692 3300 6682 9990
2692 3300 7360 9312
2692 3322 6800 9850
2692 3322 7360 9290
2692 3322 7900 8750
2692 3360 6682 9930
2692 3360 7120 9492
2692 3520 6522 9930
2692 3520 6740 9712
2692 3520 7869 8583
2692 3556 6956 9460
2692 3620 6502 9850
2692 3620 7040 9312
2692 3620 7184 9168
2692 3620 7480 8872
2692 3644 7200 9128
2692 3728 6849 9395
2692 3728 7479 8765
2692 3728 7869 8375
2692 3750 6730 9492
2692 3750 7932 8290
2692 3758 6224 9990
2692 3758 6502 9712
2692 3758 7724 8490
2692 3800 6458 9714
2692 3800 7044 9128
2692 3800 7184 8988
2692 3820 7983 8169
2692 3904 6608 9460
2692 3904 7804 8264
2692 3969 6608 9395
2692 4031 6012 9929
2692 4031 7451 8490
2692 4031 7804 8137
2692 4088 6170 9714
2692 4088 6584 9300
2692 4088 7044 8840
2692 4100 6224 9648
2692 4100 6682 9190
2692 4100 7000 8872
2692 4112 7110 8750
2692 4112 7370 8490
2692 4112 7514 8346
2692 4135 6849 8988
2692 4191 7061 8720
2692 4196 6608 9168
2692 4225 6579 9168
2692 4272 6020 9680
2692 4272 6390 9310
2692 4272 6980 8720
2692 4272 7424 8276
2692 4292 6390 9290
2692 4292 6490 9190
2692 4292 7040 8640
2692 4292 7514 8166
2692 4311 6012 9649
2692 4311 7061 8600
2692 4331 7167 8474
2692 4400 5632 9940
2692 4400 5976 9596
2692 4400 6584 8988
2692 4412 6100 9460
2692 4500 6012 9460
2692 4500 6600 8872
2692 4563 7685 7724
2692 4595 6794 8583
2692 4604 6458 8910
2692 4604 6728 8640
2692 4636 7167 8169
2692 4656 7040 8276
2692 4656 7384 7932
2692 4656 7520 7796
2692 4720 6502 8750
2692 4730 6522 8720
2692 4730 7105 8137
2692 4776 5736 9460
2692 4780 6579 8613
2692 4807 5315 9850
2692 4807 7480 7685
2692 4919 6579 8474
2692 4919 7184 7869
2692 4960 6522 8490
2692 4970 5834 9168
2692 5000 6100 8872
2692 5000 6502 8470
2692 5000 6682 8290
2692 5000 7040 7932
2692 5052 5208 9712
2692 5052 5752 9168
2692 5052 6170 8750
2692 5052 6490 8430
2692 5052 6800 8120
2692 5173 6995 7804
2692 5208 6170 8594
2692 5208 7040 7724
2692 5315 5785 8872
2692 5408 7044 7520
2692 5455 5597 8920
2692 5455 5752 8765
2692 5560 6608 7804
2692 5560 6745 7667
2692 5597 5762 8613
2692 5597 6579 7796
2692 5597 7044 7331
2692 5632 6956 7384
2692 5632 6980 7360
2692 5637 5752 8583
2692 5736 5762 8474
2692 5736 5972 8264
2692 5752 6100 8120
2692 5752 6740 7480
2692 5762 6502 7708
2692 5762 6730 7480
2692 5762 6740 7470
2692 5785 6502 7685
2692 5834 5972 8166
2692 5834 6458 7680
2692 5840 6012 8120
2692 5859 5976 8137
2692 5972 6100 7900
2692 5972 6800 7200
2692 5972 6956 7044
2692 5976 6956 7040
2692 6012 6490 7470
2692 6012 6600 7360
2692 6100 6502 7370
2692 6170 6682 7120
2692 6384 6608 6980
2692 6490 6502 6980
2692 6490 6682 6800
2692 6502 6730 6740
2758 2793 7184 9929
2758 2920 7796 9190
2758 2920 8346 8640
2758 2995 7061 9850
2758 2995 7451 9460
2758 3036 7680 9190
2758 3036 8120 8750
2758 3036 8276 8594
2758 3080 7514 9312
2758 3136 7470 9300
2758 3136 7480 9290
2758 3136 7514 9256
2758 3136 8300 8470
2758 3142 8290 8474
2758 3142 8294 8470
2758 3200 7110 9596
2758 3200 7796 8910
2758 3200 8276 8430
2758 3270 6956 9680
2758 3270 7040 9596
2758 3270 7796 8840
2758 3270 8166 8470
2758 3270 8290 8346
2758 3280 7370 9256
2758 3280 7708 8918
2758 3308 6608 9990
2758 3308 7470 9128
2758 3308 7680 8918
2758 3322 8290 8294
2758 3360 7796 8750
2758 3520 7514 8872
2758 3556 7040 9310
2758 3620 6794 9492
2758 3620 7796 8490
2758 3620 8120 8166
2758 3626 6600 9680
2758 3626 6980 9300
2758 3626 7360 8920
2758 3626 7370 8910
2758 3626 7667 8613
2758 3626 7680 8600
2758 3728 7708 8470
2758 3758 6980 9168
2758 3786 7200 8920
2758 3786 7370 8750
2758 3786 7480 8640
2758 3786 7520 8600
2758 3786 7983 8137
2758 3800 6458 9648
2758 3800 6794 9312
2758 3800 7760 8346
2758 3814 6584 9508
2758 3814 6600 9492
2758 3814 7479 8613
2758 3820 6490 9596
2758 3820 7796 8290
2758 3904 6012 9990
2758 3904 7667 8335
2758 3904 7708 8294
2758 3950 7680 8276
2758 4031 7110 8765
2758 4088 6170 9648
2758 4112 7044 8750
2758 4112 7200 8594
2758 4191 5785 9930
2758 4191 6995 8720
2758 4191 7451 8264
2758 4196 6800 8910
2758 4196 7110 8600
2758 4225 5752 9929
2758 4233 7804 7869
2758 4272 5694 9940
2758 4272 6600 9034
2758 4272 6794 8840
2758 4272 6869 8765
2758 4272 7040 8594
2758 4272 7370 8264
2758 4272 7514 8120
2758 4292 5900 9714
2758 4292 6849 8765
2758 4292 7184 8430
2758 4311 6995 8600
2758 4311 7105 8490
2758 4311 7331 8264
2758 4331 7105 8470
2758 4331 7200 8375
2758 4412 6584 8910
2758 4412 7200 8294
2758 4440 5752 9714
2758 4440 7120 8346
2758 4500 5694 9712
2758 4563 5694 9649
2758 4563 6730 8613
2758 4563 6869 8474
2758 4563 7360 7983
2758 4595 5597 9714
2758 4595 6728 8583
2758 4604 6012 9290
2758 4604 6384 8918
2758 4604 6956 8346
2758 4604 7370 7932
2758 4636 5762 9508
2758 4636 6800 8470
2758 4636 6980 8290
2758 4636 7370 7900
2758 4656 6956 8294
2758 4720 5694 9492
2758 4776 5840 9290
2758 4776 6490 8640
2758 4776 7370 7760
2758 4780 6502 8624
2758 4807 7167 7932
2758 4919 5859 9128
2758 4960 6600 8346
2758 4960 6682 8264
2758 5000 6740 8166
2758 5000 7110 7796
2758 5052 6384 8470
2758 5052 7384 7470
2758 5173 6120 8613
2758 5208 5408 9290
2758 5208 6224 8474
2758 5208 7184 7514
2758 5315 6608 7983
2758 5315 7167 7424
2758 5408 7167 7331
2758 5455 7000 7451
2758 5455 7120 7331
2758 5560 5752 8594
2758 5632 6794 7480
2758 5637 6100 8169
2758 5637 6584 7685
2758 5736 6490 7680
2758 5736 6800 7370
2758 5752 6730 7424
2758 5752 6794 7360
2758 5752 7044 7110
2758 5762 6384 7760
2758 5840 5900 8166
2758 5840 6682 7384
2758 5840 6956 7110
2758 5976 6170 7760
2758 5976 6730 7200
2758 5976 6869 7061
2758 6012 6170 7724
2758 6020 6502 7384
2758 6088 6458 7360
2758 6100 6745 7061
2758 6224 6682 7000
2758 6384 6522 7000
2758 6384 6728 6794
2758 6458 6579 6869
2758 6522 6584 6800
2793 2995 7384 9492
2793 2995 7708 9168
2793 2995 8276 8600
2793 3036 7667 9168
2793 3080 7331 9460
2793 3080 7479 9312
2793 3136 6745 9990
2793 3136 7479 9256
2793 3142 6800 9929
2793 3240 7331 9300
2793 3280 6995 9596
2793 3308 6849 9714
2793 3322 6869 9680
2793 3384 6995 9492
2793 3520 6956 9395
2793 3520 7061 9290
2793 3520 7479 8872
2793 3620 6995 9256
2793 3620 7061 9190
2793 3620 7331 8920
2793 3626 7480 8765
2793 3644 6579 9648
2793 3786 7167 8918
2793 3800 6579 9492
2793 3814 6745 9312
2793 3820 7331 8720
2793 3820 7451 8600
2793 3904 7384 8583
2793 3904 7667 8300
2793 3950 7451 8470
2793 3969 5972 9930
2793 4031 5900 9940
2793 4031 6584 9256
2793 4031 7000 8840
2793 4031 7120 8720
2793 4031 7200 8640
2793 4031 7370 8470
2793 4088 7200 8583
2793 4112 6849 8910
2793 4112 7384 8375
2793 4112 7424 8335
2793 4135 6088 9648
2793 4135 6608 9128
2793 4135 7804 7932
2793 4191 6390 9290
2793 4191 6490 9190
2793 4191 7040 8640
2793 4191 7514 8166
2793 4225 6390 9256
2793 4225 6728 8918
2793 4225 7370 8276
2793 4225 7480 8166
2793 4233 6728 8910
2793 4233 7044 8594
2793 4272 6849 8750
2793 4272 7479 8120
2793 4272 7667 7932
2793 4292 7105 8474
2793 4311 6100 9460
2793 4331 7110 8430
2793 4400 7667 7804
2793 4440 7167 8264
2793 4500 5976 9395
2793 4563 6390 8918
2793 4563 7044 8264
2793 4595 5976 9300
2793 4595 6020 9256
2793 4595 6682 8594
2793 4595 7000 8276
2793 4595 7110 8166
2793 4595 7480 7796
2793 4604 6502 8765
2793 4636 5840 9395
2793 4636 6745 8490
2793 4656 6745 8470
2793 4656 6869 8346
2793 4776 5785 9310
2793 4780 6745 8346
2793 4780 7331 7760
2793 4780 7424 7667
2793 4807 5752 9312
2793 4807 6224 8840
2793 4807 6800 8264
2793 4807 7384 7680
2793 4919 5762 9190
2793 4919 6522 8430
2793 4960 5315 9596
2793 4960 6745 8166
2793 4970 7105 7796
2793 5052 5785 9034
2793 5052 6682 8137
2793 5173 5408 9290
2793 5173 6224 8474
2793 5173 7184 7514
2793 5208 6794 7869
2793 5208 7184 7479
2793 5315 6390 8166
2793 5315 7105 7451
2793 5408 6088 8375
2793 5560 5976 8335
2793 5560 6980 7331
2793 5597 6794 7480
2793 5632 6869 7370
2793 5637 5859 8375
2793 5736 5859 8276
2793 5762 5972 8137
2793 5834 5900 8137
2793 5972 6794 7105
2793 5976 6728 7167
2793 6120 6584 7167
2793 6170 6745 6956
2848 2920 6956 9940
2848 2920 7184 9712
2848 2924 7384 9508
2848 2924 7724 9168
2848 3036 7184 9596
2848 3036 7470 9310
2848 3036 7480 9300
2848 3036 8290 8490
2848 3080 7424 9312
2848 3080 7480 9256
2848 3136 6740 9940
2848 3136 7000 9680
2848 3136 7370 9310
2848 3136 7424 9256
2848 3136 7760 8920
2848 3142 6745 9929
2848 3142 7384 9290
2848 3200 7360 9256
2848 3240 6980 9596
2848 3240 8276 8300
2848 3270 7796 8750
2848 3280 7044 9492
2848 3300 7796 8720
2848 3308 6579 9929
2848 3308 6794 9714
2848 3308 7000 9508
2848 3308 7520 8988
2848 3322 7184 9310
2848 3322 7900 8594
2848 3360 7061 9395
2848 3360 7200 9256
2848 3360 8166 8290
2848 3384 6502 9930
2848 3384 7120 9312
2848 3384 7514 8918
2848 3384 7667 8765
2848 3520 6584 9712
2848 3520 7040 9256
2848 3520 7424 8872
2848 3556 6800 9460
2848 3620 6600 9596
2848 3620 7932 8264
2848 3626 6682 9508
2848 3626 6730 9460
2848 3626 7000 9190
2848 3626 7470 8720
2848 3626 7760 8430
2848 3626 7900 8290
2848 3644 6458 9714
2848 3644 7044 9128
2848 3644 7184 8988
2848 3750 7900 8166
2848 3786 6100 9930
2848 3786 6522 9508
2848 3786 6730 9300
2848 3786 6740 9290
2848 3786 7110 8920
2848 3786 7120 8910
2848 3814 6012 9990
2848 3814 7667 8335
2848 3814 7708 8294
2848 3820 6740 9256
2848 3904 5972 9940
2848 3904 6600 9312
2848 3904 7040 8872
2848 3950 6956 8910
2848 3950 7520 8346
2848 4031 6390 9395
2848 4088 6600 9128
2848 4088 6740 8988
2848 4088 7796 7932
2848 4100 6120 9596
2848 4100 6224 9492
2848 4100 6682 9034
2848 4100 6728 8988
2848 4100 7370 8346
2848 4112 6794 8910
2848 4112 7110 8594
2848 4112 7804 7900
2848 4135 5752 9929
2848 4191 5976 9649
2848 4191 7331 8294
2848 4196 5972 9648
2848 4196 6980 8640
2848 4196 7451 8169
2848 4233 7000 8583
2848 4272 5694 9850
2848 4272 6794 8750
2848 4272 7424 8120
2848 4292 6224 9300
2848 4292 6490 9034
2848 4311 6740 8765
2848 4331 6995 8490
2848 4331 7110 8375
2848 4400 5736 9680
2848 4412 7110 8294
2848 4412 7680 7724
2848 4440 6120 9256
2848 4440 6458 8918
2848 4500 7040 8276
2848 4500 7384 7932
2848 4500 7520 7796
2848 4563 7384 7869
2848 4595 6608 8613
2848 4604 5752 9460
2848 4604 5900 9312
2848 4604 6224 8988
2848 4636 5785 9395
2848 4636 6012 9168
2848 4636 7384 7796
2848 4656 6730 8430
2848 4656 7040 8120
2848 4656 7480 7680
2848 4720 5840 9256
2848 4720 6224 8872
2848 4720 6502 8594
2848 4730 6740 8346
2848 4776 6120 8920
2848 4776 6740 8300
2848 4776 7360 7680
2848 4780 5736 9300
2848 4780 7167 7869
2848 4807 6579 8430
2848 4807 6745 8264
2848 4919 5597 9300
2848 4919 6522 8375
2848 4919 6728 8169
2848 4960 5208 9648
2848 4960 6956 7900
2848 5000 5560 9256
2848 5000 5976 8840
2848 5000 6522 8294
2848 5052 6170 8594
2848 5052 7040 7724
2848 5208 5736 8872
2848 5208 7184 7424
2848 5315 5736 8765
2848 5408 6728 7680
2848 5455 6224 8137
2848 5560 5632 8624
2848 5597 6740 7479
2848 5597 6849 7370
2848 5632 5694 8490
2848 5632 6800 7384
2848 5632 7000 7184
2848 5637 6728 7451
2848 5637 6995 7184
2848 5694 6608 7514
2848 5736 6600 7480
2848 5752 6384 7680
2848 5752 6584 7480
2848 5762 6584 7470
2848 5834 6502 7480
2848 5859 6088 7869
2848 5900 6120 7796
2848 5972 6120 7724
2848 5972 6800 7044
2848 5972 6849 6995
2848 5976 6730 7110
2848 5976 6800 7040
2848 6020 6088 7708
2848 6088 6608 7120
2848 6088 6728 7000
2848 6120 6740 6956
2848 6502 6584 6730
2920 2924 7360 9460
2920 2924 7520 9300
2920 2924 7900 8920
2920 2924 8346 8474
2920 2995 8166 8583
2920 3036 7200 9508
2920 3136 7480 9128
2920 3142 7110 9492
2920 3200 8169 8375
2920 3240 7044 9460
2920 3240 7470 9034
2920 3240 8169 8335
2920 3270 6794 9680
2920 3270 7184 9290
2920 3270 7724 8750
2920 3280 6956 9508
2920 3300 6730 9714
2920 3300 7724 8720
2920 3300 7804 8640
2920 3308 7796 8640
2920 3322 7110 9312
2920 3322 7932 8490
2920 3360 7760 8624
2920 3360 8120 8264
2920 3384 7520 8840
2920 3384 7760 8600
2920 3520 7384 8840
2920 3556 6728 9460
2920 3556 7200 8988
2920 3620 6956 9168
2920 3626 6522 9596
2920 3626 7200 8918
2920 3644 6170 9930
2920 3644 6608 9492
2920 3644 6800 9300
2920 3750 6502 9492
2920 3750 6682 9312
2920 3750 7370 8624
2920 3750 7520 8474
2920 3758 6390 9596
2920 3758 6730 9256
2920 3786 7040 8918
2920 3800 6956 8988
2920 3800 7331 8613
2920 3800 7470 8474
2920 3800 7514 8430
2920 3800 7680 8264
2920 3814 6740 9190
2920 3820 7804 8120
2920 3904 5900 9940
2920 3904 6584 9256
2920 3904 7000 8840
2920 3904 7120 8720
2920 3904 7200 8640
2920 3904 7370 8470
2920 3950 7044 8750
2920 3950 7200 8594
2920 3969 5785 9990
2920 4088 5976 9680
2920 4088 7724 7932
2920 4100 7044 8600
2920 4100 7061 8583
2920 4191 7384 8169
2920 4196 5834 9714
2920 4196 5900 9648
2920 4196 6088 9460
2920 4225 7184 8335
2920 4272 6012 9460
2920 4272 6600 8872
2920 4292 6869 8583
2920 4292 7520 7932
2920 4311 5785 9648
2920 4331 6800 8613
2920 4400 5632 9712
2920 4400 6088 9256
2920 4400 6579 8765
2920 4400 7044 8300
2920 4412 5736 9596
2920 4412 5840 9492
2920 4412 6020 9312
2920 4440 6384 8920
2920 4440 6584 8720
2920 4440 7040 8264
2920 4440 7167 8137
2920 4440 7184 8120
2920 4500 5315 9929
2920 4500 5736 9508
2920 4500 5752 9492
2920 4500 6869 8375
2920 4500 6980 8264
2920 4500 7520 7724
2920 4563 7044 8137
2920 4563 7061 8120
2920 4563 7514 7667
2920 4595 5859 9290
2920 4595 6384 8765
2920 4595 6849 8300
2920 4595 6980 8169
2920 4604 5632 9508
2920 4604 5840 9300
2920 4604 5972 9168
2920 4604 6012 9128
2920 4604 6390 8750
2920 4604 6794 8346
2920 4636 6120 8988
2920 4636 7384 7724
2920 4656 5408 9680
2920 4656 6100 8988
2920 4656 6170 8918
2920 4656 6794 8294
2920 4656 7105 7983
2920 4720 5834 9190
2920 4720 6384 8640
2920 4720 6730 8294
2920 4730 6390 8624
2920 4730 6584 8430
2920 4776 5840 9128
2920 4780 5315 9649
2920 4780 5976 8988
2920 4780 6490 8474
2920 4807 5637 9300
2920 4807 6800 8137
2920 4919 6490 8335
2920 4919 6956 7869
2920 4960 6490 8294
2920 4960 6980 7804
2920 4960 7360 7424
2920 4970 6608 8166
2920 5000 5834 8910
2920 5000 6120 8624
2920 5000 7360 7384
2920 5052 5972 8720
2920 5173 5315 9256
2920 5173 7120 7451
2920 5208 5408 9128
2920 5208 6740 7796
2920 5208 6869 7667
2920 5408 5736 8600
2920 5408 6170 8166
2920 5455 5859 8430
2920 5455 6120 8169
2920 5455 7105 7184
2920 5560 5694 8490
2920 5560 6800 7384
2920 5560 7000 7184
2920 5597 6980 7167
2920 5632 6728 7384
2920 5736 6584 7424
2920 5752 6522 7470
2920 5752 6608 7384
2920 5762 6502 7480
2920 5785 5976 7983
2920 5785 6849 7110
2920 5834 6390 7520
2920 5834 6579 7331
2920 5834 6800 7110
2920 5834 6849 7061
2920 5840 5972 7932
2920 5840 6100 7804
2920 5840 6224 7680
2920 5840 6384 7520
2920 5840 6390 7514
2920 5840 6794 7110
2920 5900 6120 7724
2920 5900 6800 7044
2920 5900 6849 6995
2920 5972 5976 7796
2920 5972 6012 7760
2920 5972 6728 7044
2920 5976 6088 7680
2920 5976 6384 7384
2920 5976 6584 7184
2920 5976 6728 7040
2920 6100 6600 7044
2920 6120 6584 7040
2920 6170 6390 7184
2920 6170 6579 6995
2924 3036 7514 9190
2924 3080 6730 9930
2924 3080 6980 9680
2924 3080 7200 9460
2924 3080 7360 9300
2924 3080 7370 9290
2924 3080 7470 9190
2924 3136 6956 9648
2924 3142 6608 9990
2924 3142 7470 9128
2924 3142 7680 8918
2924 3200 6600 9940
2924 3200 7900 8640
2924 3200 8264 8276
2924 3240 7040 9460
2924 3240 7105 9395
2924 3240 7200 9300
2924 3240 7900 8600
2924 3280 7000 9460
2924 3280 8166 8294
2924 3300 6728 9712
2924 3300 6980 9460
2924 3300 7184 9256
2924 3300 7520 8920
2924 3308 6502 9930
2924 3308 7120 9312
2924 3308 7514 8918
2924 3308 7667 8765
2924 3322 7384 9034
2924 3360 6390 9990
2924 3360 7470 8910
2924 3384 7044 9312
2924 3520 6728 9492
2924 3520 7470 8750
2924 3620 7200 8920
2924 3620 7370 8750
2924 3620 7480 8640
2924 3620 7520 8600
2924 3620 7983 8137
2924 3626 7514 8600
2924 3626 7520 8594
2924 3644 6384 9712
2924 3644 7331 8765
2924 3644 7796 8300
2924 3750 6800 9190
2924 3750 6956 9034
2924 3750 7520 8470
2924 3758 6490 9492
2924 3758 6522 9460
2924 3758 6682 9300
2924 3758 7110 8872
2924 3786 7044 8910
2924 3786 7360 8594
2924 3786 7480 8474
2924 3800 7470 8470
2924 3814 7760 8166
2924 3820 6608 9312
2924 3820 6730 9190
2924 3820 7000 8920
2924 3820 7200 8720
2924 3904 7667 8169
2924 3950 6490 9300
2924 3950 6600 9190
2924 3950 7040 8750
2924 3950 7360 8430
2924 3950 7514 8276
2924 4031 5859 9850
2924 4031 6869 8840
2924 4088 5972 9680
2924 4100 6384 9256
2924 4100 6730 8910
2924 4100 6800 8840
2924 4100 7000 8640
2924 4100 7040 8600
2924 4100 7520 8120
2924 4100 7708 7932
2924 4112 6120 9508
2924 4191 5900 9649
2924 4191 7680 7869
2924 4196 5694 9850
2924 4196 6794 8750
2924 4196 7424 8120
2924 4225 6120 9395
2924 4233 5859 9648
2924 4233 7370 8137
2924 4272 5976 9492
2924 4272 7331 8137
2924 4272 7708 7760
2924 4292 5736 9712
2924 4292 6608 8840
2924 4292 6728 8720
2924 4292 7184 8264
2924 4331 7685 7724
2924 4400 6740 8600
2924 4400 7040 8300
2924 4412 6608 8720
2924 4412 6728 8600
2924 4412 6745 8583
2924 4440 5840 9460
2924 4440 6390 8910
2924 4440 7000 8300
2924 4500 5560 9680
2924 4500 6490 8750
2924 4500 6600 8640
2924 4500 7120 8120
2924 4500 7480 7760
2924 4563 7040 8137
2924 4595 5637 9508
2924 4595 6869 8276
2924 4604 7451 7685
2924 4636 5455 9649
2924 4636 5976 9128
2924 4636 6384 8720
2924 4636 7424 7680
2924 4656 6490 8594
2924 4656 6794 8290
2924 4656 7184 7900
2924 4656 7360 7724
2924 4720 5560 9460
2924 4720 6100 8920
2924 4720 6730 8290
2924 4720 7120 7900
2924 4730 5976 9034
2924 4730 6100 8910
2924 4730 6170 8840
2924 4730 7110 7900
2924 4776 5315 9649
2924 4776 5976 8988
2924 4776 6490 8474
2924 4780 4970 9990
2924 4780 5972 8988
2924 4780 6088 8872
2924 4780 6120 8840
2924 4780 6490 8470
2924 4780 6794 8166
2924 4780 7200 7760
2924 4919 5173 9648
2924 4919 7061 7760
2924 4919 7370 7451
2924 4960 6490 8290
2924 4970 5736 9034
2924 4970 6020 8750
2924 4970 6170 8600
2924 5000 5752 8988
2924 5000 5900 8840
2924 5000 6020 8720
2924 5000 6100 8640
2924 5000 6980 7760
2924 5052 5560 9128
2924 5052 6088 8600
2924 5052 6522 8166
2924 5052 6980 7708
2924 5173 6584 7983
2924 5208 6600 7932
2924 5208 6728 7804
2924 5315 5785 8640
2924 5315 6740 7685
2924 5315 6745 7680
2924 5408 6608 7724
2924 5455 6600 7685
2924 5560 5597 8583
2924 5560 5834 8346
2924 5560 6384 7796
2924 5560 6849 7331
2924 5560 6980 7200
2924 5597 6458 7685
2924 5632 5762 8346
2924 5632 6384 7724
2924 5637 6120 7983
2924 5694 5752 8294
2924 5736 6490 7514
2924 5752 6088 7900
2924 5762 6458 7520
2924 5762 6608 7370
2924 5762 6794 7184
2924 5785 5972 7983
2924 5834 6522 7384
2924 5859 6012 7869
2924 5900 6730 7110
2924 5900 6800 7040
2924 5972 6088 7680
2924 5972 6384 7384
2924 5972 6584 7184
2924 5972 6728 7040
2924 6012 6020 7708
2924 6012 6608 7120
2924 6012 6728 7000
2924 6020 6600 7120
2924 6020 6740 6980
2924 6088 6608 7044
2924 6100 6120 7520
2924 6100 6170 7470
2924 6100 6579 7061
2924 6100 6600 7040
2924 6458 6600 6682
2924 6490 6522 6728
2995 3080 7869 8720
2995 3200 7869 8600
2995 3200 8169 8300
2995 3240 6579 9850
2995 3270 7479 8920
2995 3280 6740 9649
2995 3280 7479 8910
2995 3300 7451 8918
2995 3308 6869 9492
2995 3308 7061 9300
2995 3308 7105 9256
2995 3308 7451 8910
2995 3360 6849 9460
2995 3360 7685 8624
2995 3384 6995 9290
2995 3384 7520 8765
2995 3384 7685 8600
2995 3520 6849 9300
2995 3520 7384 8765
2995 3520 7983 8166
2995 3620 6120 9929
2995 3620 7061 8988
2995 3626 7708 8335
2995 3644 7105 8920
2995 3728 6012 9929
2995 3728 7451 8490
2995 3728 7804 8137
2995 3786 6849 9034
2995 3786 7900 7983
2995 3800 6579 9290
2995 3814 7105 8750
2995 3814 7480 8375
2995 3814 7520 8335
2995 3820 5859 9990
2995 3820 7514 8335
2995 3820 7680 8169
2995 3904 7000 8765
2995 3950 7384 8335
2995 3969 6020 9680
2995 3969 6390 9310
2995 3969 6980 8720
2995 3969 7424 8276
2995 4031 6728 8910
2995 4031 7044 8594
2995 4100 6849 8720
2995 4100 6956 8613
2995 4135 6224 9310
2995 4135 7044 8490
2995 4191 6490 8988
2995 4191 6728 8750
2995 4191 7184 8294
2995 4196 6849 8624
2995 4233 5840 9596
2995 4233 5976 9460
2995 4233 7061 8375
2995 4292 6794 8583
2995 4311 5762 9596
2995 4311 6608 8750
2995 4311 6745 8613
2995 4331 5408 9930
2995 4331 6170 9168
2995 4331 7044 8294
2995 4412 7120 8137
2995 4440 5834 9395
2995 4440 7360 7869
2995 4500 5455 9714
2995 4500 5859 9310
2995 4500 6794 8375
2995 4500 6869 8300
2995 4500 7000 8169
2995 4595 5762 9312
2995 4595 6584 8490
2995 4595 6600 8474
2995 4595 6728 8346
2995 4604 6730 8335
2995 4720 5637 9312
2995 4720 7470 7479
2995 4730 6956 7983
2995 4776 5637 9256
2995 4776 5859 9034
2995 4780 4960 9929
2995 4807 5694 9168
2995 4919 5560 9190
2995 4919 5762 8988
2995 4919 5840 8910
2995 4919 6584 8166
2995 4970 5859 8840
2995 4970 6579 8120
2995 5000 6800 7869
2995 5208 6794 7667
2995 5408 5637 8624
2995 5408 7061 7200
2995 5455 6490 7724
2995 5560 5972 8137
2995 5632 5900 8137
2995 5637 6100 7932
2995 5637 6608 7424
2995 5694 6980 6995
2995 5762 6740 7167
2995 5785 6088 7796
2995 5834 6384 7451
2995 5834 6730 7105
2995 5840 6849 6980
2995 5972 6012 7685
2995 6012 6490 7167
2995 6020 6170 7479
2995 6020 6800 6849
2995 6224 6384 7061
2995 6490 6579 6600
3036 3080 6608 9940
3036 3080 7040 9508
3036 3080 7514 9034
3036 3080 7708 8840
3036 3136 6502 9990
3036 3136 7000 9492
3036 3200 7708 8720
3036 3200 7804 8624
3036 3240 6458 9930
3036 3240 6740 9648
3036 3240 7470 8918
3036 3270 7370 8988
3036 3270 7983 8375
3036 3280 7360 8988
3036 3280 7708 8640
3036 3280 7724 8624
3036 3300 7200 9128
3036 3308 6390 9930
3036 3308 6608 9712
3036 3308 7480 8840
3036 3308 7680 8640
3036 3322 8137 8169
3036 3360 6956 9312
3036 3360 7685 8583
3036 3384 6849 9395
3036 3384 7479 8765
3036 3384 7869 8375
3036 3520 6600 9508
3036 3520 6980 9128
3036 3520 7120 8988
3036 3520 7514 8594
3036 3556 7200 8872
3036 3556 7796 8276
3036 3620 7384 8624
3036 3620 7708 8300
3036 3626 6012 9990
3036 3626 7667 8335
3036 3626 7708 8294
3036 3644 6728 9256
3036 3644 6794 9190
3036 3644 7360 8624
3036 3644 7384 8600
3036 3644 7514 8470
3036 3644 7708 8276
3036 3728 6600 9300
3036 3728 6980 8920
3036 3728 7470 8430
3036 3758 6020 9850
3036 3758 7105 8765
3036 3758 7120 8750
3036 3800 6794 9034
3036 3800 6956 8872
3036 3800 7708 8120
3036 3814 6100 9714
3036 3814 6502 9312
3036 3814 7384 8430
3036 3814 7479 8335
3036 3814 7514 8300
3036 3814 7520 8294
3036 3820 7184 8624
3036 3820 7514 8294
3036 3904 6012 9712
3036 3904 7424 8300
3036 3950 6170 9508
3036 3950 7384 8294
3036 4031 7167 8430
3036 4088 7110 8430
3036 4100 6020 9508
3036 4100 6608 8920
3036 4100 7724 7804
3036 4135 6728 8765
3036 4135 6869 8624
3036 4196 5752 9680
3036 4196 5972 9460
3036 4196 6120 9312
3036 4196 6522 8910
3036 4196 6682 8750
3036 4196 6849 8583
3036 4196 7708 7724
3036 4233 5455 9940
3036 4233 7105 8290
3036 4272 6100 9256
3036 4272 7424 7932
3036 4292 7167 8169
3036 4311 5637 9680
3036 4400 5632 9596
3036 4400 5736 9492
3036 4400 5972 9256
3036 4400 6100 9128
3036 4400 7424 7804
3036 4400 7520 7708
3036 4412 6088 9128
3036 4440 6020 9168
3036 4440 7384 7804
3036 4440 7480 7708
3036 4563 6730 8335
3036 4604 5834 9190
3036 4604 6384 8640
3036 4604 6730 8294
3036 4636 5052 9940
3036 4636 5597 9395
3036 4636 5736 9256
3036 4636 6120 8872
3036 4636 6502 8490
3036 4636 6522 8470
3036 4636 6728 8264
3036 4656 6100 8872
3036 4656 6502 8470
3036 4656 6682 8290
3036 4656 7040 7932
3036 4720 6608 8300
3036 4720 7184 7724
3036 4720 7200 7708
3036 4730 6608 8290
3036 4730 7384 7514
3036 4776 6012 8840
3036 4776 6869 7983
3036 4776 7167 7685
3036 4780 4919 9929
3036 4780 5976 8872
3036 4780 6224 8624
3036 4780 6502 8346
3036 4780 6584 8264
3036 4780 6682 8166
3036 4780 6728 8120
3036 4780 7044 7804
3036 4807 5173 9648
3036 4807 7061 7760
3036 4807 7370 7451
3036 4960 5208 9460
3036 4960 6502 8166
3036 5000 6728 7900
3036 5052 5408 9168
3036 5052 5736 8840
3036 5052 5976 8600
3036 5173 6120 8335
3036 5208 6120 8300
3036 5208 6740 7680
3036 5408 5455 8765
3036 5408 5637 8583
3036 5408 6100 8120
3036 5408 6740 7480
3036 5455 5560 8613
3036 5632 5859 8137
3036 5632 6956 7040
3036 5736 6088 7804
3036 5736 6522 7370
3036 5752 5976 7900
3036 5762 6682 7184
3036 5834 6794 7000
3036 5859 5900 7869
3036 5900 6020 7708
3036 5900 6608 7120
3036 5900 6728 7000
3036 5972 5976 7680
3036 5976 6608 7044
3036 6020 6088 7520
3036 6020 6224 7384
3036 6020 6608 7000
3036 6088 6170 7370
3036 6088 6584 6956
3036 6088 6740 6800
3036 6100 6728 6800
3036 6170 6458 7000
3036 6170 6502 6956
3036 6170 6728 6730
3080 3136 6458 9990
3080 3136 6800 9648
3080 3136 6956 9492
3080 3142 6502 9940
3080 3142 6728 9714
3080 3142 6730 9712
3080 3142 6794 9648
3080 3142 8166 8276
3080 3200 7760 8624
3080 3200 8120 8264
3080 3240 7044 9300
3080 3240 7424 8920
3080 3270 6384 9930
3080 3270 6600 9714
3080 3280 7384 8920
3080 3280 7680 8624
3080 3360 7384 8840
3080 3384 6740 9460
3080 3384 7360 8840
3080 3384 7480 8720
3080 3384 7900 8300
3080 3520 6384 9680
3080 3520 7424 8640
3080 3520 7451 8613
3080 3520 7470 8594
3080 3556 6088 9940
3080 3556 6728 9300
3080 3556 7040 8988
3080 3556 7110 8918
3080 3620 7044 8920
3080 3620 7370 8594
3080 3626 7040 8918
3080 3644 7470 8470
3080 3728 6600 9256
3080 3728 6728 9128
3080 3750 6120 9714
3080 3750 6522 9312
3080 3750 6800 9034
3080 3750 7360 8474
3080 3758 5976 9850
3080 3758 7061 8765
3080 3758 7451 8375
3080 3758 7480 8346
3080 3786 6608 9190
3080 3800 7184 8600
3080 3800 7520 8264
3080 3814 5840 9930
3080 3814 6458 9312
3080 3814 7424 8346
3080 3814 7470 8300
3080 3814 7480 8290
3080 3820 5834 9930
3080 3820 6730 9034
3080 3820 7044 8720
3080 3820 7470 8294
3080 3904 6390 9290
3080 3904 6490 9190
3080 3904 7040 8640
3080 3904 7514 8166
3080 3950 5694 9940
3080 3950 6600 9034
3080 3950 6794 8840
3080 3950 6869 8765
3080 3950 7040 8594
3080 3950 7370 8264
3080 3950 7514 8120
3080 4031 7384 8169
3080 4088 5900 9596
3080 4100 5976 9508
3080 4100 7184 8300
3080 4100 7680 7804
3080 4100 7724 7760
3080 4112 6012 9460
3080 4112 6600 8872
3080 4135 6849 8600
3080 4191 7685 7708
3080 4196 6088 9300
3080 4196 6794 8594
3080 4196 7680 7708
3080 4225 6869 8490
3080 4233 5637 9714
3080 4233 5859 9492
3080 4233 7061 8290
3080 4233 7451 7900
3080 4272 5632 9680
3080 4272 6012 9300
3080 4292 7360 7932
3080 4331 7384 7869
3080 4400 6584 8600
3080 4400 6849 8335
3080 4400 7424 7760
3080 4412 6682 8490
3080 4440 5834 9310
3080 4440 5976 9168
3080 4440 6224 8920
3080 4440 7384 7760
3080 4500 6490 8594
3080 4500 6794 8290
3080 4500 7184 7900
3080 4500 7360 7724
3080 4563 6745 8276
3080 4595 6224 8765
3080 4595 6869 8120
3080 4595 7120 7869
3080 4604 6490 8490
3080 4604 7184 7796
3080 4636 6458 8490
3080 4656 6088 8840
3080 4656 6458 8470
3080 4720 5736 9128
3080 4720 6224 8640
3080 4720 6390 8474
3080 4720 6600 8264
3080 4720 6995 7869
3080 4720 7184 7680
3080 4720 7384 7480
3080 4730 6384 8470
3080 4730 7384 7470
3080 4776 6088 8720
3080 4776 7384 7424
3080 4780 5208 9596
3080 4780 6458 8346
3080 4780 7000 7804
3080 4780 7044 7760
3080 4807 5859 8918
3080 4807 6012 8765
3080 4807 6608 8169
3080 4807 6794 7983
3080 4807 7110 7667
3080 4919 5173 9492
3080 4919 5900 8765
3080 4919 6682 7983
3080 4919 6869 7796
3080 4919 6980 7685
3080 4960 5752 8872
3080 4960 5859 8765
3080 4960 6458 8166
3080 4960 7110 7514
3080 4960 7200 7424
3080 4970 5694 8920
3080 4970 6020 8594
3080 4970 6682 7932
3080 4970 6745 7869
3080 5000 5834 8750
3080 5000 7105 7479
3080 5000 7200 7384
3080 5052 6600 7932
3080 5052 6728 7804
3080 5208 5736 8640
3080 5208 5752 8624
3080 5208 6100 8276
3080 5315 6100 8169
3080 5315 6584 7685
3080 5408 5900 8276
3080 5455 6745 7384
3080 5560 6600 7424
3080 5560 6980 7044
3080 5632 6020 7932
3080 5736 6088 7760
3080 5736 6728 7120
3080 5752 5900 7932
3080 5834 6390 7360
3080 5834 6794 6956
3080 5840 6020 7724
3080 5840 6224 7520
3080 5840 6384 7360
3080 5859 6730 6995
3080 5859 6745 6980
3080 5900 5976 7708
3080 5900 6170 7514
3080 5900 6579 7105
3080 5900 6728 6956
3080 5972 6502 7110
3080 5976 6088 7520
3080 5976 6224 7384
3080 5976 6608 7000
3080 6020 6584 6980
3080 6020 6608 6956
3080 6170 6458 6956
3136 3142 7514 8872
3136 3200 7200 9128
3136 3240 6608 9680
3136 3240 7120 9168
3136 3240 7370 8918
3136 3280 6600 9648
3136 3280 6740 9508
3136 3280 7120 9128
3136 3300 6579 9649
3136 3308 6728 9492
3136 3308 7470 8750
3136 3360 7000 9168
3136 3360 7040 9128
3136 3384 7110 9034
3136 3384 7424 8720
3136 3384 7520 8624
3136 3520 7384 8624
3136 3520 7708 8300
3136 3556 6682 9290
3136 3556 7708 8264
3136 3620 6608 9300
3136 3620 6740 9168
3136 3626 5972 9930
3136 3644 6170 9714
3136 3644 6584 9300
3136 3644 7044 8840
3136 3728 6088 9712
3136 3728 6120 9680
3136 3728 6490 9310
3136 3728 7200 8600
3136 3728 7370 8430
3136 3728 7680 8120
3136 3750 6522 9256
3136 3750 7184 8594
3136 3750 7514 8264
3136 3758 5840 9930
3136 3758 6458 9312
3136 3758 7424 8346
3136 3758 7470 8300
3136 3758 7480 8290
3136 3786 5752 9990
3136 3800 6600 9128
3136 3800 6740 8988
3136 3800 7796 7932
3136 3814 5785 9929
3136 3814 6458 9256
3136 3814 6794 8920
3136 3814 7120 8594
3136 3814 7424 8290
3136 3904 5694 9930
3136 3904 5976 9648
3136 3904 7000 8624
3136 3904 7360 8264
3136 3904 7724 7900
3136 3950 6995 8583
3136 3969 6794 8765
3136 3969 7184 8375
3136 4031 5785 9712
3136 4031 6579 8918
3136 4031 7331 8166
3136 4031 7360 8137
3136 4031 7514 7983
3136 4088 6522 8918
3136 4088 6600 8840
3136 4088 6800 8640
3136 4088 7105 8335
3136 4088 7680 7760
3136 4112 5736 9680
3136 4135 7685 7708
3136 4191 5408 9929
3136 4191 7061 8276
3136 4191 7200 8137
3136 4196 5736 9596
3136 4196 5840 9492
3136 4196 6020 9312
3136 4233 5900 9395
3136 4233 6682 8613
3136 4233 6995 8300
3136 4272 6088 9168
3136 4272 6384 8872
3136 4272 6956 8300
3136 4272 6980 8276
3136 4331 6584 8613
3136 4412 6522 8594
3136 4412 7184 7932
3136 4440 5408 9680
3136 4440 6100 8988
3136 4440 6170 8918
3136 4440 6794 8294
3136 4440 7105 7983
3136 4500 5900 9128
3136 4500 6682 8346
3136 4500 6728 8300
3136 4563 7451 7514
3136 4604 7120 7804
3136 4604 7200 7724
3136 4636 5972 8920
3136 4636 6020 8872
3136 4636 7184 7708
3136 4656 5560 9312
3136 4656 6608 8264
3136 4720 6088 8720
3136 4720 7384 7424
3136 4730 6522 8276
3136 4776 5834 8918
3136 4776 6458 8294
3136 4776 6956 7796
3136 4776 7044 7708
3136 4780 6458 8290
3136 4780 6579 8169
3136 4780 7040 7708
3136 4807 6584 8137
3136 4919 4960 9649
3136 4919 5859 8750
3136 4919 6740 7869
3136 4919 6849 7760
3136 4960 5173 9395
3136 4960 7184 7384
3136 4970 6088 8470
3136 4970 7044 7514
3136 5052 6956 7520
3136 5173 6020 8335
3136 5173 6995 7360
3136 5208 6020 8300
3136 5208 6800 7520
3136 5208 6869 7451
3136 5208 7120 7200
3136 5408 5785 8335
3136 5408 6600 7520
3136 5408 7000 7120
3136 5560 6584 7384
3136 5560 6608 7360
3136 5597 5637 8294
3136 5597 5762 8169
3136 5597 6600 7331
3136 5632 6100 7796
3136 5637 6224 7667
3136 5694 6794 7040
3136 5736 6608 7184
3136 5736 6682 7110
3136 5752 5972 7804
3136 5762 5834 7932
3136 5785 6682 7061
3136 5834 6224 7470
3136 5834 6584 7110
3136 5859 6502 7167
3136 5859 6608 7061
3136 5859 6800 6869
3136 5900 6584 7044
3136 5972 6600 6956
3136 6100 6384 7044
3136 6100 6579 6849
3136 6120 6224 7184
3136 6120 6608 6800
3142 3200 6608 9714
3142 3280 7370 8872
3142 3300 6730 9492
3142 3300 7932 8290
3142 3308 6224 9990
3142 3308 6502 9712
3142 3308 7724 8490
3142 3322 6740 9460
3142 3322 7360 8840
3142 3322 7480 8720
3142 3322 7900 8300
3142 3384 6458 9680
3142 3384 6490 9648
3142 3384 7514 8624
3142 3384 7708 8430
3142 3520 6012 9990
3142 3520 7667 8335
3142 3520 7708 8294
3142 3556 5976 9990
3142 3556 6458 9508
3142 3620 5972 9930
3142 3626 6584 9312
3142 3626 6728 9168
3142 3728 7044 8750
3142 3728 7200 8594
3142 3758 5834 9930
3142 3758 6730 9034
3142 3758 7044 8720
3142 3758 7470 8294
3142 3786 6088 9648
3142 3786 6608 9128
3142 3786 7804 7932
3142 3820 5762 9940
3142 3820 6390 9312
3142 3904 6490 9128
3142 3904 6584 9034
3142 3950 5632 9940
3142 3950 5976 9596
3142 3950 6584 8988
3142 3969 7384 8169
3142 4031 7061 8430
3142 4088 5785 9649
3142 4088 6794 8640
3142 4088 7451 7983
3142 4100 6502 8920
3142 4112 5560 9850
3142 4112 5762 9648
3142 4112 6100 9310
3142 4112 6120 9290
3142 4112 6490 8920
3142 4112 6980 8430
3142 4112 7110 8300
3142 4112 7120 8290
3142 4191 6956 8375
3142 4196 5834 9492
3142 4196 6980 8346
3142 4233 6995 8294
3142 4233 7120 8169
3142 4272 6956 8294
3142 4292 6390 8840
3142 4292 6740 8490
3142 4292 6800 8430
3142 4292 7061 8169
3142 4292 7110 8120
3142 4292 7470 7760
3142 4311 7451 7760
3142 4331 6608 8583
3142 4400 5408 9714
3142 4400 6088 9034
3142 4400 6522 8600
3142 4400 6956 8166
3142 4412 6390 8720
3142 4440 6458 8624
3142 4440 6608 8474
3142 4500 6728 8294
3142 4563 6584 8375
3142 4563 7479 7480
3142 4595 5637 9290
3142 4595 6995 7932
3142 4595 7167 7760
3142 4636 5976 8910
3142 4720 6502 8300
3142 4720 6682 8120
3142 4730 6502 8290
3142 4776 7061 7685
3142 4807 7331 7384
3142 4919 5208 9395
3142 4919 6020 8583
3142 4960 6088 8474
3142 4960 6579 7983
3142 4970 5632 8920
3142 5052 5560 8910
3142 5052 6170 8300
3142 5052 6956 7514
3142 5052 7000 7470
3142 5052 7110 7360
3142 5173 5315 9034
3142 5173 5736 8613
3142 5173 5859 8490
3142 5173 6682 7667
3142 5173 6869 7480
3142 5208 5840 8474
3142 5208 6020 8294
3142 5208 6794 7520
3142 5208 6800 7514
3142 5315 6224 7983
3142 5315 6522 7685
3142 5315 6728 7479
3142 5315 7040 7167
3142 5408 6390 7724
3142 5408 6600 7514
3142 5408 6730 7384
3142 5455 5597 8470
3142 5455 5637 8430
3142 5694 6120 7708
3142 5694 6458 7370
3142 5752 6730 7040
3142 5762 6390 7370
3142 5840 6682 7000
3142 5859 6794 6869
3142 5900 6502 7120
3142 5976 6502 7044
3142 6012 6390 7120
3142 6020 6458 7044
3142 6020 6502 7000
3142 6020 6522 6980
3142 6088 6390 7044
3142 6100 6682 6740
3142 6120 6608 6794
3200 3240 7384 8840
3200 3270 7724 8470
3200 3270 7900 8294
3200 3300 6224 9940
3200 3300 7900 8264
3200 3322 6682 9460
3200 3322 7796 8346
3200 3360 6390 9714
3200 3360 6794 9310
3200 3360 7184 8920
3200 3360 7384 8720
3200 3360 7480 8624
3200 3360 7804 8300
3200 3384 7360 8720
3200 3384 7480 8600
3200 3384 7804 8276
3200 3520 6956 8988
3200 3520 7331 8613
3200 3520 7470 8474
3200 3520 7514 8430
3200 3520 7680 8264
3200 3556 6608 9300
3200 3556 6740 9168
3200 3620 6384 9460
3200 3620 7370 8474
3200 3620 7724 8120
3200 3644 6224 9596
3200 3644 6980 8840
3200 3644 7520 8300
3200 3728 6088 9648
3200 3728 6608 9128
3200 3728 7804 7932
3200 3750 5785 9929
3200 3750 6458 9256
3200 3750 6794 8920
3200 3750 7120 8594
3200 3750 7424 8290
3200 3758 6956 8750
3200 3758 7331 8375
3200 3758 7360 8346
3200 3786 6170 9508
3200 3786 7384 8294
3200 3800 7040 8624
3200 3800 7370 8294
3200 3814 6522 9128
3200 3814 6730 8920
3200 3814 6740 8910
3200 3814 7360 8290
3200 3814 7667 7983
3200 3820 7044 8600
3200 3820 7061 8583
3200 3904 6100 9460
3200 3950 5834 9680
3200 3950 6224 9290
3200 3950 6794 8720
3200 3950 7040 8474
3200 3950 7044 8470
3200 3969 6100 9395
3200 3969 6730 8765
3200 3969 6745 8750
3200 3969 7120 8375
3200 4031 5785 9648
3200 4088 6120 9256
3200 4088 6458 8918
3200 4100 6740 8624
3200 4112 6224 9128
3200 4112 6728 8624
3200 4112 7667 7685
3200 4135 6579 8750
3200 4196 6012 9256
3200 4196 6100 9168
3200 4196 6794 8474
3200 4225 7370 7869
3200 4225 7479 7760
3200 4233 7331 7900
3200 4272 6579 8613
3200 4292 6682 8490
3200 4331 6869 8264
3200 4400 5752 9312
3200 4400 6224 8840
3200 4400 6800 8264
3200 4400 7384 7680
3200 4412 5560 9492
3200 4412 5752 9300
3200 4412 5762 9290
3200 4412 6458 8594
3200 4412 7120 7932
3200 4440 5834 9190
3200 4440 6384 8640
3200 4440 6730 8294
3200 4500 5315 9649
3200 4500 5976 8988
3200 4500 6490 8474
3200 4563 7105 7796
3200 4595 6579 8290
3200 4595 7000 7869
3200 4595 7184 7685
3200 4604 5560 9300
3200 4604 6020 8840
3200 4604 6390 8470
3200 4604 6584 8276
3200 4604 6740 8120
3200 4636 5840 8988
3200 4636 7120 7708
3200 4656 6088 8720
3200 4656 7384 7424
3200 4720 5834 8910
3200 4720 6120 8624
3200 4720 7360 7384
3200 4730 6458 8276
3200 4776 5560 9128
3200 4776 6088 8600
3200 4776 6522 8166
3200 4776 6980 7708
3200 4780 4970 9714
3200 4780 6384 8300
3200 4780 6390 8294
3200 4807 5785 8872
3200 4919 6170 8375
3200 4960 5632 8872
3200 4960 6384 8120
3200 4960 7120 7384
3200 4970 5900 8594
3200 4970 6020 8474
3200 4970 6980 7514
3200 4970 7110 7384
3200 5000 5208 9256
3200 5000 5840 8624
3200 5000 6170 8294
3200 5000 6740 7724
3200 5000 7040 7424
3200 5052 6608 7804
3200 5052 6745 7667
3200 5208 5632 8624
3200 5315 5859 8290
3200 5315 6012 8137
3200 5315 7044 7105
3200 5408 5762 8294
3200 5408 6995 7061
3200 5455 5840 8169
3200 5560 5972 7932
3200 5560 6100 7804
3200 5560 6224 7680
3200 5560 6384 7520
3200 5560 6390 7514
3200 5560 6794 7110
3200 5632 5900 7932
3200 5694 6730 7040
3200 5736 5859 7869
3200 5736 6020 7708
3200 5736 6608 7120
3200 5736 6728 7000
3200 5762 6502 7200
3200 5785 6012 7667
3200 5840 5900 7724
3200 5840 6584 7040
3200 5900 6584 6980
3200 5900 6608 6956
3200 5972 6012 7480
3200 6100 6384 6980
3200 6120 6224 7120
3200 6390 6490 6584
3240 3270 6224 9930
3240 3270 7120 9034
3240 3270 7514 8640
3240 3270 7680 8474
3240 3270 7724 8430
3240 3280 7110 9034
3240 3280 7424 8720
3240 3280 7520 8624
3240 3300 6956 9168
3240 3308 6608 9508
3240 3322 6390 9712
3240 3322 7184 8918
3240 3360 6384 9680
3240 3360 7424 8640
3240 3360 7451 8613
3240 3360 7470 8594
3240 3384 6100 9940
3240 3384 6728 9312
3240 3384 6730 9310
3240 3384 6740 9300
3240 3384 7120 8920
3240 3384 7200 8840
3240 3520 6224 9680
3240 3520 7184 8720
3240 3556 6740 9128
3240 3620 7514 8290
3240 3620 7667 8137
3240 3626 6608 9190
3240 3644 5840 9940
3240 3644 6100 9680
3240 3644 6490 9290
3240 3644 7167 8613
3240 3644 7480 8300
3240 3728 6100 9596
3240 3728 6384 9312
3240 3728 7796 7900
3240 3750 6384 9290
3240 3750 7061 8613
3240 3750 7184 8490
3240 3750 7200 8474
3240 3750 7384 8290
3240 3758 5736 9930
3240 3758 6794 8872
3240 3758 7331 8335
3240 3786 6728 8910
3240 3786 7044 8594
3240 3800 5694 9930
3240 3800 5976 9648
3240 3800 7000 8624
3240 3800 7360 8264
3240 3800 7724 7900
3240 3814 7120 8490
3240 3820 6980 8624
3240 3904 5840 9680
3240 3904 6012 9508
3240 3904 6600 8920
3240 3904 6800 8720
3240 3904 7724 7796
3240 3950 5762 9712
3240 3950 7000 8474
3240 3950 7044 8430
3240 3950 7184 8290
3240 3969 5859 9596
3240 3969 7120 8335
3240 4031 7685 7708
3240 4088 7167 8169
3240 4100 6012 9312
3240 4100 6730 8594
3240 4100 7424 7900
3240 4100 7520 7804
3240 4112 5632 9680
3240 4112 6012 9300
3240 4135 6995 8294
3240 4135 7120 8169
3240 4191 5637 9596
3240 4196 5632 9596
3240 4196 5736 9492
3240 4196 5972 9256
3240 4196 6100 9128
3240 4196 7424 7804
3240 4196 7520 7708
3240 4225 7514 7685
3240 4233 6608 8583
3240 4272 5840 9312
3240 4272 6682 8470
3240 4292 6995 8137
3240 4292 7200 7932
3240 4292 7424 7708
3240 4311 5173 9940
3240 4311 6849 8264
3240 4331 6956 8137
3240 4331 7110 7983
3240 4400 5834 9190
3240 4400 6384 8640
3240 4400 6730 8294
3240 4412 6522 8490
3240 4440 5694 9290
3240 4440 6384 8600
3240 4440 6390 8594
3240 4440 7470 7514
3240 4500 7120 7804
3240 4500 7200 7724
3240 4595 7105 7724
3240 4604 4970 9850
3240 4604 5900 8920
3240 4604 6100 8720
3240 4604 6390 8430
3240 4656 7044 7724
3240 4720 6584 8120
3240 4720 6980 7724
3240 4720 7184 7520
3240 4730 6100 8594
3240 4730 6224 8470
3240 4730 6794 7900
3240 4776 5000 9648
3240 4776 5052 9596
3240 4776 6384 8264
3240 4780 6020 8624
3240 4780 6170 8474
3240 4919 5315 9190
3240 4919 5785 8720
3240 4919 6170 8335
3240 4919 6522 7983
3240 4919 6745 7760
3240 4960 5208 9256
3240 4960 5840 8624
3240 4960 6170 8294
3240 4960 6740 7724
3240 4960 7040 7424
3240 4970 6522 7932
3240 4970 6730 7724
3240 5000 7000 7424
3240 5000 7040 7384
3240 5173 6584 7667
3240 5173 6800 7451
3240 5315 5972 8137
3240 5408 5752 8264
3240 5408 6502 7514
3240 5408 6849 7167
3240 5455 6100 7869
3240 5455 6490 7479
3240 5455 6849 7120
3240 5560 6384 7480
3240 5560 6869 6995
3240 5632 6608 7184
3240 5632 6682 7110
3240 5637 6120 7667
3240 5637 6682 7105
3240 5694 6730 7000
3240 5762 6682 6980
3240 5785 5972 7667
3240 5834 6120 7470
3240 5834 6390 7200
3240 5840 6224 7360
3240 5840 6384 7200
3240 5840 6584 7000
3240 5900 6100 7424
3240 5900 6730 6794
3240 5976 6088 7360
3240 5976 6579 6869
3240 6012 6682 6730
3240 6088 6608 6728
3240 6100 6579 6745
3240 6100 6584 6740
3270 3280 7514 8600
3270 3280 7520 8594
3270 3300 6794 9300
3270 3300 7184 8910
3270 3300 7470 8624
3270 3300 7804 8290
3270 3308 6490 9596
3270 3308 7796 8290
3270 3322 7200 8872
3270 3322 7796 8276
3270 3360 7000 9034
3270 3360 7451 8583
3270 3384 6020 9990
3270 3384 6502 9508
3270 3384 7370 8640
3270 3384 7520 8490
3270 3520 6584 9290
3270 3520 6956 8918
3270 3520 7384 8490
3270 3520 7708 8166
3270 3620 5834 9940
3270 3620 6584 9190
3270 3620 6740 9034
3270 3620 7480 8294
3270 3626 6088 9680
3270 3626 6120 9648
3270 3626 6458 9310
3270 3626 6600 9168
3270 3644 5900 9850
3270 3644 7000 8750
3270 3644 7110 8640
3270 3644 7167 8583
3270 3728 5736 9930
3270 3728 6794 8872
3270 3728 7331 8335
3270 3750 7044 8600
3270 3750 7061 8583
3270 3758 7360 8276
3270 3758 7470 8166
3270 3786 6012 9596
3270 3786 6100 9508
3270 3786 6995 8613
3270 3786 7708 7900
3270 3800 7000 8594
3270 3800 7120 8474
3270 3814 5900 9680
3270 3814 6088 9492
3270 3814 6120 9460
3270 3814 6390 9190
3270 3814 6740 8840
3270 3814 6956 8624
3270 3814 6980 8600
3270 3814 7110 8470
3270 3814 7680 7900
3270 3820 6384 9190
3270 3820 6980 8594
3270 3904 5560 9930
3270 3904 6502 8988
3270 3904 6740 8750
3270 3904 7000 8490
3270 3904 7200 8290
3270 3904 7370 8120
3270 3969 6995 8430
3270 4088 6682 8624
3270 4100 5834 9460
3270 4100 6384 8910
3270 4100 7000 8294
3270 4112 5972 9310
3270 4112 6682 8600
3270 4135 6995 8264
3270 4191 6579 8624
3270 4191 7479 7724
3270 4196 5208 9990
3270 4196 6728 8470
3270 4196 7061 8137
3270 4225 5455 9714
3270 4225 5859 9310
3270 4225 6794 8375
3270 4225 6869 8300
3270 4225 7000 8169
3270 4233 6995 8166
3270 4272 5408 9714
3270 4272 6088 9034
3270 4272 6522 8600
3270 4272 6956 8166
3270 4292 5173 9929
3270 4292 6502 8600
3270 4331 6728 8335
3270 4400 5694 9300
3270 4400 6730 8264
3270 4400 7480 7514
3270 4412 5052 9930
3270 4412 6682 8300
3270 4440 6579 8375
3270 4440 6608 8346
3270 4500 5976 8918
3270 4500 6600 8294
3270 4500 6728 8166
3270 4500 7424 7470
3270 4595 6995 7804
3270 4604 6490 8300
3270 4604 7105 7685
3270 4604 7110 7680
3270 4636 5840 8918
3270 4636 6458 8300
3270 4656 6869 7869
3270 4720 4960 9714
3270 4720 5834 8840
3270 4720 6384 8290
3270 4730 5408 9256
3270 4730 6956 7708
3270 4730 7184 7480
3270 4776 4970 9648
3270 4776 7167 7451
3270 4780 5694 8920
3270 4780 6020 8594
3270 4780 6682 7932
3270 4780 6745 7869
3270 4919 6100 8375
3270 4919 6995 7480
3270 4919 7105 7370
3270 4960 5834 8600
3270 4960 5840 8594
3270 4960 6088 8346
3270 4960 6170 8264
3270 4960 6502 7932
3270 4970 7000 7424
3270 4970 7040 7384
3270 5000 6100 8294
3270 5173 5597 8624
3270 5208 5840 8346
3270 5208 6020 8166
3270 5208 6390 7796
3270 5315 5455 8624
3270 5315 5785 8294
3270 5315 6600 7479
3270 5455 6579 7360
3270 5455 6608 7331
3270 5560 6794 7040
3270 5694 5976 7724
3270 5694 6020 7680
3270 5736 6458 7200
3270 5752 6458 7184
3270 5752 6522 7120
3270 5762 6522 7110
3270 5785 6740 6869
3270 5840 6170 7384
3270 5859 6579 6956
3270 5900 6384 7110
3270 5972 6682 6740
3270 6170 6224 7000
3280 3300 6794 9290
3280 3300 6956 9128
3280 3308 6584 9492
3280 3322 7479 8583
3280 3360 7184 8840
3280 3360 7384 8640
3280 3360 7424 8600
3280 3360 7724 8300
3280 3360 7760 8264
3280 3384 7360 8640
3280 3384 7724 8276
3280 3520 6608 9256
3280 3556 6794 9034
3280 3556 6956 8872
3280 3556 7708 8120
3280 3620 5834 9930
3280 3620 6730 9034
3280 3620 7044 8720
3280 3620 7470 8294
3280 3626 6458 9300
3280 3626 6502 9256
3280 3728 5976 9680
3280 3728 7724 7932
3280 3750 5694 9940
3280 3750 6600 9034
3280 3750 6794 8840
3280 3750 6869 8765
3280 3750 7040 8594
3280 3750 7370 8264
3280 3750 7514 8120
3280 3758 6458 9168
3280 3800 7110 8474
3280 3814 6730 8840
3280 3820 7760 7804
3280 3904 5972 9508
3280 3904 6020 9460
3280 3904 6170 9310
3280 3904 6224 9256
3280 3904 6608 8872
3280 3904 6730 8750
3280 3904 7105 8375
3280 3904 7360 8120
3280 3950 5785 9649
3280 3950 6794 8640
3280 3950 7451 7983
3280 3969 6020 9395
3280 3969 7040 8375
3280 4031 6740 8613
3280 4031 7184 8169
3280 4031 7370 7983
3280 4100 5972 9312
3280 4100 6794 8490
3280 4100 7384 7900
3280 4100 7480 7804
3280 4112 5560 9712
3280 4112 5972 9300
3280 4112 6522 8750
3280 4191 5597 9596
3280 4196 6020 9168
3280 4196 7384 7804
3280 4196 7480 7708
3280 4225 5859 9300
3280 4225 6869 8290
3280 4225 7451 7708
3280 4225 7479 7680
3280 4272 6682 8430
3280 4292 5632 9460
3280 4292 7384 7708
3280 4311 6490 8583
3280 4331 6579 8474
3280 4331 7184 7869
3280 4400 5694 9290
3280 4400 6384 8600
3280 4400 6390 8594
3280 4400 7470 7514
3280 4412 6100 8872
3280 4412 6502 8470
3280 4412 6682 8290
3280 4412 7040 7932
3280 4440 5632 9312
3280 4440 6224 8720
3280 4440 7044 7900
3280 4440 7184 7760
3280 4440 7424 7520
3280 4500 5694 9190
3280 4500 6012 8872
3280 4500 6584 8300
3280 4500 6608 8276
3280 4500 7370 7514
3280 4563 5173 9648
3280 4563 7061 7760
3280 4563 7370 7451
3280 4604 6490 8290
3280 4636 6458 8290
3280 4636 6579 8169
3280 4636 7040 7708
3280 4656 5560 9168
3280 4656 5694 9034
3280 4656 6088 8640
3280 4656 6608 8120
3280 4656 6745 7983
3280 4656 7061 7667
3280 4720 5408 9256
3280 4720 6956 7708
3280 4720 7184 7480
3280 4730 5736 8918
3280 4730 6224 8430
3280 4730 6390 8264
3280 4730 7184 7470
3280 4776 4960 9648
3280 4776 5736 8872
3280 4776 7184 7424
3280 4780 5694 8910
3280 4780 6800 7804
3280 4807 6869 7708
3280 4919 6995 7470
3280 4919 7105 7360
3280 4960 7000 7424
3280 4960 7040 7384
3280 4970 5694 8720
3280 4970 6120 8294
3280 4970 7044 7370
3280 5000 6120 8264
3280 5000 7000 7384
3280 5000 7184 7200
3280 5052 6608 7724
3280 5173 7044 7167
3280 5208 5900 8276
3280 5315 5694 8375
3280 5315 5900 8169
3280 5315 6384 7685
3280 5315 6869 7200
3280 5455 6745 7184
3280 5560 6020 7804
3280 5560 6100 7724
3280 5597 6120 7667
3280 5597 6682 7105
3280 5694 6170 7520
3280 5694 6490 7200
3280 5736 6224 7424
3280 5736 6608 7040
3280 5752 6522 7110
3280 5762 6502 7120
3280 5785 6120 7479
3280 5785 6730 6869
3280 5840 5859 7685
3280 5840 6120 7424
3280 5900 6100 7384
3280 5972 6682 6730
3280 5976 6224 7184
3280 5976 6608 6800
3280 6020 6384 6980
3280 6088 6502 6794
3280 6100 6490 6794
3280 6120 6224 7040
3300 3308 6800 9256
3300 3308 7184 8872
3300 3322 6730 9312
3300 3322 7667 8375
3300 3360 7514 8490
3300 3384 6384 9596
3300 3384 7680 8300
3300 3520 6384 9460
3300 3520 7370 8474
3300 3520 7724 8120
3300 3556 7184 8624
3300 3556 7514 8294
3300 3620 7120 8624
3300 3620 7480 8264
3300 3644 6800 8920
3300 3644 7000 8720
3300 3644 7120 8600
3300 3728 7360 8276
3300 3728 7470 8166
3300 3750 5900 9714
3300 3750 6849 8765
3300 3750 7184 8430
3300 3786 6995 8583
3300 3800 7760 7804
3300 3814 5560 9990
3300 3814 6800 8750
3300 3814 6956 8594
3300 3814 7120 8430
3300 3814 7384 8166
3300 3820 5694 9850
3300 3820 6794 8750
3300 3820 7424 8120
3300 3904 6170 9290
3300 3904 6740 8720
3300 3904 7184 8276
3300 3950 6224 9190
3300 3950 7120 8294
3300 3950 7514 7900
3300 3969 5455 9940
3300 3969 7105 8290
3300 4031 7167 8166
3300 4088 5976 9300
3300 4088 6020 9256
3300 4088 6682 8594
3300 4088 7000 8276
3300 4088 7110 8166
3300 4088 7480 7796
3300 4100 6794 8470
3300 4100 7000 8264
3300 4112 6502 8750
3300 4135 5834 9395
3300 4135 7360 7869
3300 4191 6579 8594
3300 4225 6849 8290
3300 4233 5736 9395
3300 4233 7451 7680
3300 4272 5632 9460
3300 4272 7384 7708
3300 4292 5762 9310
3300 4311 6579 8474
3300 4311 7184 7869
3300 4400 5315 9649
3300 4400 5976 8988
3300 4400 6490 8474
3300 4412 5762 9190
3300 4412 6522 8430
3300 4440 7120 7804
3300 4440 7200 7724
3300 4500 5736 9128
3300 4500 6224 8640
3300 4500 6390 8474
3300 4500 6600 8264
3300 4500 6995 7869
3300 4500 7184 7680
3300 4500 7384 7480
3300 4563 6869 7932
3300 4563 7331 7470
3300 4595 4919 9850
3300 4595 5173 9596
3300 4595 5859 8910
3300 4595 6600 8169
3300 4595 6869 7900
3300 4595 7061 7708
3300 4604 5632 9128
3300 4604 5840 8920
3300 4604 6120 8640
3300 4604 6956 7804
3300 4604 7000 7760
3300 4636 5560 9168
3300 4636 5694 9034
3300 4636 6088 8640
3300 4636 6608 8120
3300 4636 6745 7983
3300 4636 7061 7667
3300 4656 5408 9300
3300 4656 7000 7708
3300 4720 6020 8624
3300 4720 6170 8474
3300 4730 5762 8872
3300 4730 7120 7514
3300 4780 5834 8750
3300 4780 7105 7479
3300 4780 7200 7384
3300 4807 5637 8920
3300 4807 6849 7708
3300 4919 7061 7384
3300 4960 6600 7804
3300 4960 6608 7796
3300 4960 6980 7424
3300 4960 7044 7360
3300 4970 6100 8294
3300 5000 5052 9312
3300 5000 6088 8276
3300 5000 6100 8264
3300 5000 6980 7384
3300 5052 6012 8300
3300 5173 5597 8594
3300 5173 6740 7451
3300 5208 6224 7932
3300 5208 6956 7200
3300 5315 5455 8594
3300 5315 5785 8264
3300 5315 6579 7470
3300 5315 6849 7200
3300 5408 6956 7000
3300 5455 6224 7685
3300 5455 6458 7451
3300 5455 6869 7040
3300 5597 6100 7667
3300 5597 6600 7167
3300 5632 5972 7760
3300 5736 6584 7044
3300 5752 6502 7110
3300 5762 6088 7514
3300 5785 6100 7479
3300 5785 6579 7000
3300 5785 6584 6995
3300 5785 6730 6849
3300 5834 6170 7360
3300 5834 6490 7040
3300 5834 6730 6800
3300 5840 6100 7424
3300 5840 6730 6794
3300 6020 6224 7120
3300 6100 6224 7040
3300 6224 6458 6682
3300 6384 6458 6522
3308 3322 7000 9034
3308 3322 7451 8583
3308 3360 6740 9256
3308 3384 6682 9290
3308 3384 7708 8264
3308 3520 7667 8169
3308 3556 6088 9712
3308 3556 6120 9680
3308 3556 6490 9310
3308 3556 7200 8600
3308 3556 7370 8430
3308 3556 7680 8120
3308 3620 6088 9648
3308 3620 6608 9128
3308 3620 7804 7932
3308 3626 6980 8750
3308 3626 7384 8346
3308 3644 6522 9190
3308 3644 6584 9128
3308 3644 6794 8918
3308 3728 6120 9508
3308 3786 6730 8840
3308 3800 6522 9034
3308 3800 6956 8600
3308 3800 7760 7796
3308 3814 7167 8375
3308 3820 6224 9312
3308 3820 6502 9034
3308 3820 7370 8166
3308 3820 7667 7869
3308 3904 6869 8583
3308 3904 7520 7932
3308 3950 5694 9712
3308 4031 7061 8264
3308 4088 6012 9256
3308 4088 6100 9168
3308 4088 6794 8474
3308 4100 6088 9168
3308 4100 6384 8872
3308 4100 6956 8300
3308 4100 6980 8276
3308 4112 5315 9929
3308 4112 5736 9508
3308 4112 5752 9492
3308 4112 6869 8375
3308 4112 6980 8264
3308 4112 7520 7724
3308 4135 6608 8613
3308 4191 5315 9850
3308 4191 7480 7685
3308 4196 6730 8430
3308 4196 7040 8120
3308 4196 7480 7680
3308 4225 5736 9395
3308 4225 7451 7680
3308 4272 6490 8594
3308 4272 6794 8290
3308 4272 7184 7900
3308 4272 7360 7724
3308 4292 5752 9312
3308 4292 6224 8840
3308 4292 6800 8264
3308 4292 7384 7680
3308 4311 6745 8300
3308 4311 7360 7685
3308 4412 5632 9312
3308 4412 6224 8720
3308 4412 7044 7900
3308 4412 7184 7760
3308 4412 7424 7520
3308 4440 5408 9508
3308 4440 7120 7796
3308 4500 5208 9648
3308 4500 6956 7900
3308 4563 6458 8335
3308 4604 5834 8918
3308 4604 6458 8294
3308 4604 6956 7796
3308 4604 7044 7708
3308 4636 4730 9990
3308 4636 4780 9940
3308 4636 5408 9312
3308 4636 6120 8600
3308 4636 6600 8120
3308 4636 7040 7680
3308 4636 7200 7520
3308 4656 5052 9648
3308 4656 5208 9492
3308 4656 6100 8600
3308 4656 6800 7900
3308 4720 6012 8624
3308 4720 6956 7680
3308 4730 4776 9850
3308 4776 7110 7470
3308 4780 5408 9168
3308 4780 5736 8840
3308 4780 5976 8600
3308 4807 6745 7804
3308 4807 6869 7680
3308 4919 5597 8840
3308 4960 5408 8988
3308 4960 6120 8276
3308 4960 6600 7796
3308 4970 5762 8624
3308 5000 5762 8594
3308 5052 5834 8470
3308 5052 7120 7184
3308 5315 6980 7061
3308 5408 6224 7724
3308 5455 5637 8264
3308 5560 6088 7708
3308 5597 5859 7900
3308 5637 5736 7983
3308 5694 5762 7900
3308 5694 6682 6980
3308 5736 6100 7520
3308 5762 5834 7760
3308 5762 6170 7424
3308 5762 6224 7370
3308 5762 6745 6849
3308 5762 6794 6800
3308 5785 6120 7451
3308 5834 6522 7000
3308 5834 6728 6794
3308 5859 6502 6995
3308 5900 5976 7480
3308 5972 6384 7000
3308 5972 6584 6800
3308 5976 6020 7360
3308 6012 6224 7120
3308 6020 6608 6728
3308 6088 6224 7044
3308 6170 6458 6728
3322 3360 6490 9492
3322 3360 6522 9460
3322 3360 6682 9300
3322 3360 7110 8872
3322 3384 7040 8918
3322 3520 5972 9850
3322 3520 6522 9300
3322 3520 7685 8137
3322 3556 7451 8335
3322 3626 6120 9596
3322 3626 6224 9492
3322 3626 6682 9034
3322 3626 6728 8988
3322 3626 7370 8346
3322 3728 5900 9714
3322 3728 6849 8765
3322 3728 7184 8430
3322 3750 6100 9492
3322 3750 6682 8910
3322 3758 7110 8474
3322 3786 6522 9034
3322 3786 6956 8600
3322 3786 7760 7796
3322 3800 7167 8375
3322 3814 6020 9508
3322 3814 6608 8920
3322 3814 7724 7804
3322 3820 6682 8840
3322 3950 5900 9492
3322 3950 6224 9168
3322 3969 6608 8765
3322 4031 5597 9714
3322 4031 6728 8583
3322 4088 5762 9492
3322 4088 5859 9395
3322 4100 6522 8720
3322 4100 7105 8137
3322 4112 6390 8840
3322 4112 6740 8490
3322 4112 6800 8430
3322 4112 7061 8169
3322 4112 7110 8120
3322 4112 7470 7760
3322 4196 5834 9312
3322 4196 6522 8624
3322 4196 6800 8346
3322 4196 6980 8166
3322 4196 7479 7667
3322 4225 6980 8137
3322 4233 7424 7685
3322 4272 6600 8470
3322 4272 6794 8276
3322 4292 7370 7680
3322 4331 7331 7680
3322 4400 5632 9310
3322 4400 5752 9190
3322 4412 5000 9930
3322 4412 5762 9168
3322 4412 6012 8918
3322 4412 6020 8910
3322 4412 6584 8346
3322 4412 7061 7869
3322 4412 7451 7479
3322 4440 5052 9850
3322 4440 6608 8294
3322 4563 5859 8920
3322 4595 4807 9940
3322 4604 6869 7869
3322 4636 4776 9930
3322 4636 5834 8872
3322 4720 6502 8120
3322 4730 5694 8918
3322 4730 5972 8640
3322 4730 6012 8600
3322 4776 4970 9596
3322 4776 5694 8872
3322 4776 5972 8594
3322 4780 6088 8474
3322 4780 6579 7983
3322 4807 5785 8750
3322 4919 5840 8583
3322 4919 6088 8335
3322 4960 5632 8750
3322 4960 6088 8294
3322 5000 5052 9290
3322 5052 6170 8120
3322 5052 6390 7900
3322 5173 5834 8335
3322 5173 6502 7667
3322 5173 6745 7424
3322 5208 5834 8300
3322 5208 5840 8294
3322 5315 5597 8430
3322 5455 5597 8290
3322 5597 5762 7983
3322 5597 6745 7000
3322 5632 6600 7110
3322 5632 6730 6980
3322 5637 6020 7685
3322 5637 6600 7105
3322 5694 6224 7424
3322 5694 6608 7040
3322 5752 6120 7470
3322 5752 6390 7200
3322 5762 5900 7680
3322 5762 6100 7480
3322 5762 6600 6980
3322 5785 6390 7167
3322 5840 6458 7044
3322 5840 6502 7000
3322 5840 6522 6980
3322 5900 5972 7470
3322 5972 6170 7200
3322 5972 6390 6980
3322 6012 6600 6730
3322 6020 6522 6800
3322 6100 6502 6740
3322 6170 6490 6682
3322 6224 6390 6728
3360 3384 6608 9312
3360 3384 6730 9190
3360 3384 7000 8920
3360 3384 7200 8720
3360 3520 7184 8600
3360 3520 7520 8264
3360 3556 6100 9648
3360 3556 6458 9290
3360 3620 5694 9990
3360 3620 5834 9850
3360 3620 5972 9712
3360 3620 6088 9596
3360 3620 6224 9460
3360 3620 6384 9300
3360 3620 7044 8640
3360 3620 7384 8300
3360 3626 6170 9508
3360 3626 7384 8294
3360 3644 6012 9648
3360 3644 6740 8920
3360 3644 7360 8300
3360 3644 7370 8290
3360 3644 7384 8276
3360 3644 7760 7900
3360 3750 5840 9714
3360 3750 6682 8872
3360 3750 7685 7869
3360 3758 5834 9712
3360 3758 7200 8346
3360 3786 6390 9128
3360 3786 6600 8918
3360 3786 6608 8910
3360 3786 7044 8474
3360 3800 6012 9492
3360 3800 6584 8920
3360 3800 7384 8120
3360 3800 7708 7796
3360 3814 5560 9930
3360 3814 6502 8988
3360 3814 6740 8750
3360 3814 7000 8490
3360 3814 7200 8290
3360 3814 7370 8120
3360 3820 5976 9508
3360 3820 7184 8300
3360 3820 7680 7804
3360 3820 7724 7760
3360 3904 5752 9648
3360 3904 6088 9312
3360 3904 6100 9300
3360 3904 6490 8910
3360 3904 6800 8600
3360 3904 7110 8290
3360 3950 6730 8624
3360 3969 7000 8335
3360 4088 6088 9128
3360 4100 6170 9034
3360 4100 6730 8474
3360 4100 6869 8335
3360 4100 7480 7724
3360 4112 6579 8613
3360 4135 5455 9714
3360 4135 5859 9310
3360 4135 6794 8375
3360 4135 6869 8300
3360 4135 7000 8169
3360 4191 5173 9940
3360 4191 6849 8264
3360 4196 6120 8988
3360 4196 7384 7724
3360 4233 6458 8613
3360 4272 5637 9395
3360 4292 6522 8490
3360 4311 7061 7932
3360 4311 7479 7514
3360 4331 6390 8583
3360 4400 5736 9168
3360 4400 7384 7520
3360 4400 7424 7480
3360 4412 5972 8920
3360 4412 6020 8872
3360 4412 7184 7708
3360 4440 5736 9128
3360 4440 6224 8640
3360 4440 6390 8474
3360 4440 6600 8264
3360 4440 6995 7869
3360 4440 7184 7680
3360 4440 7384 7480
3360 4500 5208 9596
3360 4500 6458 8346
3360 4500 7000 7804
3360 4500 7044 7760
3360 4563 5976 8765
3360 4563 7061 7680
3360 4595 4780 9929
3360 4604 5052 9648
3360 4604 5208 9492
3360 4604 6100 8600
3360 4604 6800 7900
3360 4636 5208 9460
3360 4636 6502 8166
3360 4656 5000 9648
3360 4656 5052 9596
3360 4656 6384 8264
3360 4720 5834 8750
3360 4720 7105 7479
3360 4720 7200 7384
3360 4730 6100 8474
3360 4780 5900 8624
3360 4780 6224 8300
3360 4780 6728 7796
3360 4780 6800 7724
3360 4780 7044 7480
3360 4919 5785 8600
3360 4960 6224 8120
3360 4960 6584 7760
3360 4970 5694 8640
3360 5000 5834 8470
3360 5000 7120 7184
3360 5052 5762 8490
3360 5052 5976 8276
3360 5173 5785 8346
3360 5173 6800 7331
3360 5208 5976 8120
3360 5315 6120 7869
3360 5315 6869 7120
3360 5408 5632 8264
3360 5408 6100 7796
3360 5455 6682 7167
3360 5455 6849 7000
3360 5455 6869 6980
3360 5560 6020 7724
3360 5560 6224 7520
3360 5560 6384 7360
3360 5694 6490 7120
3360 5736 6088 7480
3360 5736 6384 7184
3360 5736 6458 7110
3360 5762 5834 7708
3360 5762 6502 7040
3360 5785 5834 7685
3360 5785 6458 7061
3360 5834 6100 7370
3360 5834 6490 6980
3360 5834 6730 6740
3360 5859 6384 7061
3360 5900 6020 7384
3360 5976 6600 6728
3360 6020 6100 7184
3360 6020 6490 6794
3360 6100 6224 6980
3360 6100 6522 6682
3360 6120 6384 6800
3360 6120 6390 6794
3360 6120 6502 6682
3360 6120 6584 6600
3384 3520 6995 8765
3384 3520 7040 8720
3384 3520 7120 8640
3384 3520 7470 8290
3384 3556 6012 9712
3384 3556 7424 8300
3384 3620 6012 9648
3384 3620 6740 8920
3384 3620 7360 8300
3384 3620 7370 8290
3384 3620 7384 8276
3384 3620 7760 7900
3384 3626 7184 8470
3384 3626 7360 8294
3384 3644 7360 8276
3384 3644 7470 8166
3384 3728 5840 9712
3384 3728 6384 9168
3384 3750 7040 8490
3384 3750 7184 8346
3384 3758 6682 8840
3384 3786 6584 8910
3384 3786 7200 8294
3384 3800 5972 9508
3384 3800 6020 9460
3384 3800 6170 9310
3384 3800 6224 9256
3384 3800 6608 8872
3384 3800 6730 8750
3384 3800 7105 8375
3384 3800 7360 8120
3384 3814 5752 9714
3384 3814 7120 8346
3384 3820 6170 9290
3384 3820 6740 8720
3384 3820 7184 8276
3384 3904 6120 9256
3384 3904 6458 8918
3384 3950 6020 9310
3384 3950 6458 8872
3384 3950 6490 8840
3384 3950 6730 8600
3384 3950 6995 8335
3384 3950 7040 8290
3384 3969 5597 9714
3384 3969 6728 8583
3384 4088 6579 8613
3384 4100 5785 9395
3384 4100 6012 9168
3384 4100 7384 7796
3384 4135 5637 9508
3384 4135 6869 8276
3384 4191 5597 9492
3384 4191 5694 9395
3384 4196 6490 8594
3384 4196 6794 8290
3384 4196 7184 7900
3384 4196 7360 7724
3384 4225 7331 7724
3384 4225 7370 7685
3384 4272 5752 9256
3384 4272 5840 9168
3384 4272 6020 8988
3384 4272 6088 8920
3384 4272 6384 8624
3384 4292 7184 7804
3384 4311 6800 8169
3384 4311 6849 8120
3384 4331 5637 9312
3384 4331 7470 7479
3384 4400 5752 9128
3384 4400 6390 8490
3384 4400 6980 7900
3384 4400 7120 7760
3384 4400 7200 7680
3384 4400 7360 7520
3384 4412 5408 9460
3384 4412 5834 9034
3384 4412 6522 8346
3384 4440 6120 8720
3384 4440 7044 7796
3384 4440 7360 7480
3384 4440 7370 7470
3384 4500 6490 8290
3384 4595 7000 7685
3384 4636 6020 8624
3384 4636 6170 8474
3384 4656 5752 8872
3384 4656 5859 8765
3384 4656 6458 8166
3384 4656 7110 7514
3384 4656 7200 7424
3384 4720 5052 9508
3384 4720 5840 8720
3384 4720 6800 7760
3384 4720 7040 7520
3384 4720 7200 7360
3384 4730 5632 8918
3384 4730 5785 8765
3384 4730 6120 8430
3384 4730 6384 8166
3384 4776 5632 8872
3384 4776 6384 8120
3384 4776 7120 7384
3384 4780 5900 8600
3384 4780 6224 8276
3384 4780 6600 7900
3384 4780 6740 7760
3384 4780 6980 7520
3384 4807 5173 9300
3384 4807 6490 7983
3384 4919 6224 8137
3384 4960 6020 8300
3384 4960 6800 7520
3384 4960 6869 7451
3384 4960 7120 7200
3384 4970 5000 9310
3384 4970 5560 8750
3384 4970 5840 8470
3384 4970 6020 8290
3384 4970 7110 7200
3384 5000 5408 8872
3384 5000 5560 8720
3384 5000 6600 7680
3384 5000 6800 7480
3384 5052 7044 7184
3384 5052 7061 7167
3384 5173 5637 8470
3384 5408 5752 8120
3384 5408 5972 7900
3384 5408 6502 7370
3384 5455 6869 6956
3384 5560 6012 7708
3384 5560 6600 7120
3384 5560 6740 6980
3384 5632 6224 7424
3384 5632 6608 7040
3384 5637 5976 7667
3384 5637 6794 6849
3384 5736 5859 7685
3384 5736 6120 7424
3384 5752 6728 6800
3384 5785 6390 7105
3384 5834 5976 7470
3384 5834 6490 6956
3384 5900 6020 7360
3384 5976 6120 7184
3384 6012 6224 7044
3384 6088 6584 6608
3384 6100 6224 6956
3384 6170 6502 6608
3520 3556 6600 8988
3520 3556 7451 8137
3520 3620 6224 9300
3520 3620 6490 9034
3520 3626 6390 9128
3520 3626 6600 8918
3520 3626 6608 8910
3520 3626 7044 8474
3520 3644 5560 9940
3520 3644 7200 8300
3520 3644 7331 8169
3520 3728 5736 9680
3520 3750 6522 8872
3520 3750 6794 8600
3520 3750 6800 8594
3520 3758 6956 8430
3520 3758 7040 8346
3520 3758 7110 8276
3520 3786 5762 9596
3520 3786 6608 8750
3520 3786 6745 8613
3520 3800 5632 9712
3520 3800 6088 9256
3520 3800 6579 8765
3520 3800 7044 8300
3520 3814 6020 9310
3520 3814 6458 8872
3520 3814 6490 8840
3520 3814 6730 8600
3520 3814 6995 8335
3520 3814 7040 8290
3520 3820 6012 9312
3520 3820 6730 8594
3520 3820 7424 7900
3520 3820 7520 7804
3520 3904 5560 9680
3520 3904 6490 8750
3520 3904 6600 8640
3520 3904 7120 8120
3520 3904 7480 7760
3520 3950 6600 8594
3520 3950 7470 7724
3520 3950 7514 7680
3520 3969 6745 8430
3520 3969 6800 8375
3520 3969 7451 7724
3520 4031 5173 9940
3520 4031 6849 8264
3520 4088 5408 9648
3520 4100 7061 7983
3520 4112 5637 9395
3520 4135 6579 8430
3520 4135 6745 8264
3520 4191 5785 9168
3520 4196 6458 8490
3520 4225 6584 8335
3520 4233 5315 9596
3520 4233 6745 8166
3520 4272 5560 9312
3520 4272 6608 8264
3520 4292 6012 8840
3520 4292 6869 7983
3520 4292 7167 7685
3520 4311 6458 8375
3520 4331 7105 7708
3520 4400 5834 8910
3520 4400 6120 8624
3520 4400 7360 7384
3520 4412 5052 9680
3520 4412 6012 8720
3520 4412 6800 7932
3520 4440 6584 8120
3520 4440 6980 7724
3520 4440 7184 7520
3520 4500 6020 8624
3520 4500 6170 8474
3520 4563 7061 7520
3520 4595 6745 7804
3520 4595 6869 7680
3520 4604 5900 8640
3520 4604 6608 7932
3520 4604 7061 7479
3520 4636 5000 9508
3520 4636 5208 9300
3520 4636 6608 7900
3520 4636 6800 7708
3520 4656 4776 9712
3520 4656 6224 8264
3520 4656 6728 7760
3520 4720 4776 9648
3520 4720 7000 7424
3520 4720 7040 7384
3520 4730 5694 8720
3520 4730 6120 8294
3520 4730 7044 7370
3520 4776 5785 8583
3520 4776 6608 7760
3520 4780 5052 9312
3520 4780 6088 8276
3520 4780 6100 8264
3520 4780 6980 7384
3520 4919 5315 8910
3520 4919 6088 8137
3520 4919 6745 7480
3520 4919 7105 7120
3520 4960 5560 8624
3520 4960 5694 8490
3520 4960 6800 7384
3520 4960 7000 7184
3520 5000 6384 7760
3520 5052 5972 8120
3520 5052 6384 7708
3520 5173 5834 8137
3520 5208 6956 6980
3520 5315 6849 6980
3520 5408 5976 7760
3520 5408 6012 7724
3520 5455 6522 7167
3520 5455 6579 7110
3520 5455 6584 7105
3520 5560 6224 7360
3520 5560 6384 7200
3520 5560 6584 7000
3520 5632 5752 7760
3520 5632 6088 7424
3520 5637 5840 7667
3520 5736 6224 7184
3520 5736 6608 6800
3520 5762 6012 7370
3520 5785 6490 6869
3520 5834 5840 7470
3520 5834 5859 7451
3520 5840 6120 7184
3520 5859 6224 7061
3520 5972 6490 6682
3520 6012 6088 7044
3520 6020 6384 6740
3520 6088 6100 6956
3520 6120 6224 6800
3520 6120 6502 6522
3520 6170 6390 6584
3556 3620 5840 9648
3556 3626 5632 9850
3556 3626 5834 9648
3556 3626 6170 9312
3556 3626 6869 8613
3556 3644 5752 9712
3556 3644 5972 9492
3556 3644 7200 8264
3556 3728 6740 8640
3556 3728 7480 7900
3556 3750 5762 9596
3556 3750 6608 8750
3556 3750 6745 8613
3556 3758 6600 8750
3556 3758 7184 8166
3556 3786 6012 9310
3556 3786 6682 8640
3556 3786 6728 8594
3556 3800 6390 8918
3556 3800 7044 8264
3556 3814 5834 9460
3556 3814 6384 8910
3556 3814 7000 8294
3556 3820 5976 9312
3556 3820 6120 9168
3556 3904 6170 9034
3556 3904 6730 8474
3556 3904 6869 8335
3556 3904 7480 7724
3556 3950 6170 8988
3556 3950 6728 8430
3556 3969 6849 8290
3556 4088 5560 9460
3556 4088 6100 8920
3556 4088 6730 8290
3556 4088 7120 7900
3556 4100 5752 9256
3556 4100 5840 9168
3556 4100 6020 8988
3556 4100 6088 8920
3556 4100 6384 8624
3556 4112 6522 8474
3556 4112 7200 7796
3556 4135 6390 8583
3556 4196 6980 7932
3556 4233 7167 7708
3556 4233 7424 7451
3556 4272 6490 8346
3556 4272 7040 7796
3556 4292 5560 9256
3556 4292 5976 8840
3556 4292 6522 8294
3556 4311 4807 9990
3556 4331 5859 8918
3556 4331 6012 8765
3556 4331 6608 8169
3556 4331 6794 7983
3556 4331 7110 7667
3556 4400 5408 9300
3556 4400 7000 7708
3556 4412 5976 8720
3556 4440 5208 9460
3556 4440 6502 8166
3556 4500 4960 9648
3556 4500 5736 8872
3556 4500 7184 7424
3556 4563 6170 8375
3556 4595 5900 8613
3556 4604 5632 8872
3556 4604 6384 8120
3556 4604 7120 7384
3556 4636 5632 8840
3556 4636 5752 8720
3556 4636 5859 8613
3556 4656 4960 9492
3556 4656 6728 7724
3556 4720 6088 8300
3556 4720 6584 7804
3556 4730 6088 8290
3556 4776 6608 7724
3556 4780 5408 8920
3556 4780 6849 7479
3556 4807 5173 9128
3556 4919 6020 8169
3556 4919 6522 7667
3556 4970 5972 8166
3556 4970 6458 7680
3556 5000 5762 8346
3556 5000 6384 7724
3556 5052 5762 8294
3556 5052 6995 7061
3556 5173 5560 8375
3556 5408 5976 7724
3556 5408 6020 7680
3556 5560 5752 7796
3556 5560 5840 7708
3556 5632 5752 7724
3556 5632 6682 6794
3556 5637 6020 7451
3556 5694 5900 7514
3556 5694 6458 6956
3556 5736 6012 7360
3556 5752 5972 7384
3556 5762 5976 7370
3556 5762 6390 6956
3556 5840 6224 7044
3556 5900 6088 7120
3556 5900 6600 6608
3556 5976 6012 7120
3556 5976 6088 7044
3556 6020 6088 7000
3620 3626 6384 9034
3620 3626 6794 8624
3620 3644 5752 9648
3620 3644 6088 9312
3620 3644 6100 9300
3620 3644 6490 8910
3620 3644 6800 8600
3620 3644 7110 8290
3620 3728 7040 8276
3620 3728 7384 7932
3620 3728 7520 7796
3620 3750 5834 9460
3620 3750 6384 8910
3620 3750 7000 8294
3620 3758 5637 9649
3620 3758 5976 9310
3620 3758 7120 8166
3620 3786 5408 9850
3620 3786 6224 9034
3620 3800 5315 9929
3620 3800 5736 9508
3620 3800 5752 9492
3620 3800 6869 8375
3620 3800 6980 8264
3620 3800 7520 7724
3620 3814 6390 8840
3620 3814 6740 8490
3620 3814 6800 8430
3620 3814 7061 8169
3620 3814 7110 8120
3620 3814 7470 7760
3620 3820 6384 8840
3620 3820 6584 8640
3620 3820 6600 8624
3620 3820 6794 8430
3620 3820 6849 8375
3620 3904 5632 9508
3620 3904 5840 9300
3620 3904 5972 9168
3620 3904 6012 9128
3620 3904 6390 8750
3620 3904 6794 8346
3620 3950 6794 8300
3620 3950 6800 8294
3620 3950 7370 7724
3620 3969 5785 9290
3620 3969 6740 8335
3620 4100 5632 9312
3620 4100 6224 8720
3620 4100 7044 7900
3620 4100 7184 7760
3620 4100 7424 7520
3620 4112 5632 9300
3620 4112 6012 8920
3620 4112 6458 8474
3620 4112 6502 8430
3620 4112 7000 7932
3620 4135 4919 9990
3620 4135 5597 9312
3620 4135 6740 8169
3620 4135 7040 7869
3620 4135 7105 7804
3620 4191 5173 9680
3620 4191 5597 9256
3620 4191 6088 8765
3620 4196 4919 9929
3620 4196 5976 8872
3620 4196 6224 8624
3620 4196 6502 8346
3620 4196 6584 8264
3620 4196 6682 8166
3620 4196 6728 8120
3620 4196 7044 7804
3620 4225 5785 9034
3620 4225 6682 8137
3620 4233 7331 7480
3620 4233 7360 7451
3620 4272 5900 8872
3620 4272 7105 7667
3620 4292 5834 8918
3620 4292 6458 8294
3620 4292 6956 7796
3620 4292 7044 7708
3620 4311 6120 8613
3620 4331 6100 8613
3620 4331 6730 7983
3620 4400 6020 8624
3620 4400 6170 8474
3620 4440 5694 8910
3620 4440 6800 7804
3620 4500 4604 9940
3620 4500 5052 9492
3620 4500 6740 7804
3620 4500 7120 7424
3620 4500 7184 7360
3620 4604 5840 8600
3620 4636 6728 7680
3620 4656 6088 8300
3620 4656 6584 7804
3620 4720 5834 8490
3620 4720 6600 7724
3620 4730 4919 9395
3620 4730 5840 8474
3620 4730 6020 8294
3620 4730 6794 7520
3620 4730 6800 7514
3620 4780 5834 8430
3620 4780 6579 7685
3620 4780 6584 7680
3620 4780 6794 7470
3620 4807 5597 8640
3620 4807 5637 8600
3620 4807 6100 8137
3620 4919 6458 7667
3620 4919 6794 7331
3620 4960 7040 7044
3620 5000 7000 7044
3620 5052 6522 7470
3620 5052 6608 7384
3620 5208 5560 8276
3620 5315 5560 8169
3620 5408 5736 7900
3620 5408 5840 7796
3620 5455 5785 7804
3620 5455 6740 6849
3620 5560 6100 7384
3620 5597 5762 7685
3620 5632 6682 6730
3620 5762 6600 6682
3620 5785 6390 6869
3620 5834 5840 7370
3620 5834 6100 7110
3620 5834 6170 7040
3620 5840 6020 7184
3620 5840 6224 6980
3620 5840 6522 6682
3620 5900 6100 7044
3620 5972 6390 6682
3620 5976 6088 6980
3620 6020 6224 6800
3620 6020 6502 6522
3620 6170 6384 6490
3626 3644 6522 8872
3626 3644 6794 8600
3626 3644 6800 8594
3626 3728 6020 9290
3626 3728 6120 9190
3626 3728 6390 8920
3626 3728 7514 7796
3626 3750 5976 9312
3626 3750 6120 9168
3626 3758 5632 9648
3626 3758 6980 8300
3626 3758 7520 7760
3626 3786 6502 8750
3626 3800 7514 7724
3626 3814 6384 8840
3626 3814 6584 8640
3626 3814 6600 8624
3626 3814 6794 8430
3626 3814 6849 8375
3626 3820 6728 8490
3626 3904 5834 9300
3626 3904 6100 9034
3626 3904 6224 8910
3626 3904 6384 8750
3626 3950 5408 9680
3626 3950 6100 8988
3626 3950 6170 8918
3626 3950 6794 8294
3626 3950 7105 7983
3626 3969 6579 8490
3626 3969 7200 7869
3626 3969 7384 7685
3626 4088 4960 9990
3626 4088 5694 9256
3626 4088 7470 7480
3626 4100 6020 8918
3626 4100 7424 7514
3626 4112 5736 9190
3626 4135 7424 7479
3626 4191 5859 8988
3626 4191 7167 7680
3626 4225 7105 7708
3626 4233 5637 9168
3626 4233 7120 7685
3626 4272 4776 9990
3626 4272 5052 9714
3626 4272 6490 8276
3626 4272 6502 8264
3626 4272 6600 8166
3626 4292 7061 7685
3626 4331 7040 7667
3626 4412 4636 9990
3626 4412 4776 9850
3626 4440 5408 9190
3626 4440 6794 7804
3626 4563 6100 8375
3626 4563 6995 7480
3626 4563 7105 7370
3626 4595 5315 9128
3626 4595 5455 8988
3626 4604 4720 9714
3626 4604 5834 8600
3626 4604 5840 8594
3626 4604 6088 8346
3626 4604 6170 8264
3626 4604 6502 7932
3626 4636 5637 8765
3626 4636 5762 8640
3626 4636 5972 8430
3626 4636 6502 7900
3626 4656 5632 8750
3626 4656 6088 8294
3626 4720 5408 8910
3626 4720 5694 8624
3626 4720 5972 8346
3626 4720 6522 7796
3626 4730 5052 9256
3626 4730 5834 8474
3626 4730 6584 7724
3626 4730 6600 7708
3626 4730 6794 7514
3626 4776 5972 8290
3626 4776 6458 7804
3626 4776 6502 7760
3626 4807 4919 9312
3626 4807 5637 8594
3626 4960 6608 7470
3626 4970 5455 8613
3626 5000 5455 8583
3626 5000 5762 8276
3626 5173 6745 7120
3626 5208 5455 8375
3626 5315 6728 6995
3626 5408 5834 7796
3626 5455 5859 7724
3626 5455 6522 7061
3626 5560 6522 6956
3626 5597 5637 7804
3626 5694 6224 7120
3626 5736 6502 6800
3626 5785 6384 6869
3626 5834 6020 7184
3626 5834 6224 6980
3626 5834 6522 6682
3626 5840 6088 7110
3626 5840 6458 6740
3626 5859 6012 7167
3626 5859 6579 6600
3626 5972 6384 6682
3626 5972 6458 6608
3626 6020 6224 6794
3644 3728 7360 7932
3644 3750 5762 9508
3644 3750 6800 8470
3644 3750 6980 8290
3644 3750 7370 7900
3644 3758 5972 9290
3644 3758 6390 8872
3644 3800 6730 8490
3644 3800 6956 8264
3644 3800 7424 7796
3644 3814 7040 8166
3644 3820 5900 9300
3644 3820 6600 8600
3644 3820 6730 8470
3644 3820 7331 7869
3644 3820 7520 7680
3644 3904 6522 8594
3644 3904 7184 7932
3644 3950 6600 8470
3644 3950 6794 8276
3644 3969 5455 9596
3644 3969 7384 7667
3644 4031 6224 8765
3644 4031 6869 8120
3644 4031 7120 7869
3644 4088 5632 9300
3644 4088 6012 8920
3644 4088 6458 8474
3644 4088 6502 8430
3644 4088 7000 7932
3644 4100 5208 9712
3644 4100 5752 9168
3644 4100 6170 8750
3644 4100 6490 8430
3644 4100 6800 8120
3644 4112 6608 8300
3644 4112 7184 7724
3644 4112 7200 7708
3644 4135 5173 9712
3644 4135 6120 8765
3644 4135 7200 7685
3644 4191 7105 7724
3644 4196 6224 8600
3644 4225 7110 7685
3644 4233 5597 9190
3644 4233 7120 7667
3644 4272 6458 8290
3644 4272 6579 8169
3644 4272 7040 7708
3644 4292 5560 9168
3644 4292 5694 9034
3644 4292 6088 8640
3644 4292 6608 8120
3644 4292 6745 7983
3644 4292 7061 7667
3644 4311 4780 9929
3644 4400 5632 8988
3644 4400 5900 8720
3644 4400 6020 8600
3644 4412 4960 9648
3644 4412 5736 8872
3644 4412 7184 7424
3644 4440 4730 9850
3644 4440 7110 7470
3644 4500 5208 9312
3644 4500 7000 7520
3644 4500 7040 7480
3644 4595 4776 9649
3644 4595 5785 8640
3644 4595 6740 7685
3644 4595 6745 7680
3644 4636 6120 8264
3644 4636 7000 7384
3644 4636 7184 7200
3644 4656 5052 9312
3644 4656 6088 8276
3644 4656 6100 8264
3644 4656 6980 7384
3644 4720 5000 9300
3644 4720 6849 7451
3644 4730 5000 9290
3644 4730 6170 8120
3644 4730 6390 7900
3644 4776 6730 7514
3644 4776 7044 7200
3644 4780 5976 8264
3644 4780 6120 8120
3644 4780 7040 7200
3644 4919 7040 7061
3644 4970 5560 8490
3644 5000 5900 8120
3644 5000 6088 7932
3644 5000 6120 7900
3644 5000 6224 7796
3644 5000 6980 7040
3644 5052 6584 7384
3644 5052 6608 7360
3644 5208 6088 7724
3644 5315 6020 7685
3644 5315 6600 7105
3644 5408 6502 7110
3644 5560 5736 7724
3644 5560 5752 7708
3644 5560 6100 7360
3644 5597 5972 7451
3644 5736 5900 7384
3644 5736 6100 7184
3644 5736 6490 6794
3644 5752 6224 7044
3644 5762 5834 7424
3644 5762 6458 6800
3644 5785 6490 6745
3644 5834 6458 6728
3644 5840 6224 6956
3644 5859 6100 7061
3644 5900 6120 7000
3644 5900 6390 6730
3644 5976 6088 6956
3644 6100 6120 6800
3644 6120 6170 6730
3728 3750 5694 9492
3728 3758 6458 8720
3728 3758 6584 8594
3728 3758 7470 7708
3728 3786 5840 9310
3728 3786 7167 7983
3728 3786 7470 7680
3728 3800 7451 7685
3728 3814 5408 9714
3728 3814 6088 9034
3728 3814 6522 8600
3728 3814 6956 8166
3728 3820 6522 8594
3728 3820 7184 7932
3728 3904 5637 9395
3728 3950 6849 8137
3728 3969 6384 8583
3728 4088 4919 9929
3728 4088 5976 8872
3728 4088 6224 8624
3728 4088 6502 8346
3728 4088 6584 8264
3728 4088 6682 8166
3728 4088 6728 8120
3728 4088 7044 7804
3728 4100 6490 8346
3728 4100 7040 7796
3728 4112 6224 8600
3728 4135 6869 7932
3728 4135 7331 7470
3728 4191 5455 9290
3728 4191 6579 8166
3728 4191 6608 8137
3728 4196 5752 8988
3728 4196 5900 8840
3728 4196 6020 8720
3728 4196 6100 8640
3728 4196 6980 7760
3728 4225 5455 9256
3728 4225 6728 7983
3728 4225 7044 7667
3728 4233 5785 8918
3728 4233 6120 8583
3728 4233 6995 7708
3728 4272 5408 9256
3728 4272 6956 7708
3728 4272 7184 7480
3728 4292 6020 8624
3728 4292 6170 8474
3728 4311 5315 9310
3728 4311 5637 8988
3728 4311 5785 8840
3728 4311 6012 8613
3728 4311 7105 7520
3728 4331 5315 9290
3728 4331 5840 8765
3728 4400 5408 9128
3728 4400 6740 7796
3728 4400 6869 7667
3728 4412 4595 9929
3728 4412 5900 8624
3728 4412 6224 8300
3728 4412 6728 7796
3728 4412 6800 7724
3728 4412 7044 7480
3728 4500 6728 7708
3728 4500 6956 7480
3728 4500 7105 7331
3728 4563 5455 8918
3728 4563 6390 7983
3728 4595 5173 9168
3728 4604 6608 7724
3728 4636 5000 9300
3728 4636 6849 7451
3728 4656 4970 9310
3728 4656 5408 8872
3728 4656 5560 8720
3728 4656 6600 7680
3728 4656 6800 7480
3728 4720 4960 9256
3728 4730 5736 8470
3728 4776 4970 9190
3728 4776 5560 8600
3728 4776 5785 8375
3728 4776 6800 7360
3728 4776 7040 7120
3728 4780 6224 7932
3728 4780 6956 7200
3728 4807 6745 7384
3728 4919 6956 7061
3728 4970 6170 7796
3728 5000 6956 6980
3728 5052 6088 7796
3728 5173 5597 8166
3728 5173 6579 7184
3728 5208 5859 7869
3728 5208 6020 7708
3728 5208 6608 7120
3728 5208 6728 7000
3728 5315 5455 8166
3728 5315 5752 7869
3728 5315 6170 7451
3728 5408 6728 6800
3728 5597 5859 7480
3728 5597 6490 6849
3728 5632 5637 7667
3728 5632 5834 7470
3728 5632 6120 7184
3728 5637 5785 7514
3728 5694 5762 7480
3728 5694 6502 6740
3728 5736 5840 7360
3728 5752 6384 6800
3728 5752 6390 6794
3728 5752 6502 6682
3728 5752 6584 6600
3728 5834 6502 6600
3728 5840 5976 7120
3728 5859 5972 7105
3728 5972 6170 6794
3728 5972 6224 6740
3728 5976 6458 6502
3728 6088 6120 6728
3728 6088 6390 6458
3750 3758 5560 9596
3750 3758 5900 9256
3750 3758 6682 8474
3750 3758 7360 7796
3750 3800 6490 8624
3750 3814 5972 9128
3750 3814 6800 8300
3750 3814 6980 8120
3750 3814 7200 7900
3750 3820 6794 8300
3750 3820 6800 8294
3750 3820 7370 7724
3750 3904 5976 9034
3750 3904 6100 8910
3750 3904 6170 8840
3750 3904 7110 7900
3750 3950 5315 9649
3750 3950 5976 8988
3750 3950 6490 8474
3750 4100 6384 8430
3750 4112 6502 8300
3750 4112 6682 8120
3750 4135 5859 8920
3750 4191 6740 7983
3750 4196 5408 9310
3750 4196 6849 7869
3750 4233 5173 9508
3750 4233 7167 7514
3750 4272 6522 8120
3750 4292 6502 8120
3750 4311 5208 9395
3750 4311 6020 8583
3750 4331 5455 9128
3750 4331 6600 7983
3750 4400 6224 8290
3750 4400 7000 7514
3750 4400 7044 7470
3750 4412 5752 8750
3750 4412 6012 8490
3750 4412 6794 7708
3750 4440 5834 8640
3750 4440 6794 7680
3750 4440 6995 7479
3750 4500 5694 8720
3750 4500 6120 8294
3750 4500 7044 7370
3750 4563 5976 8375
3750 4563 7167 7184
3750 4595 5736 8583
3750 4595 6849 7470
3750 4604 5000 9310
3750 4604 5560 8750
3750 4604 5840 8470
3750 4604 6020 8290
3750 4604 7110 7200
3750 4720 5859 8335
3750 4720 5900 8294
3750 4720 6390 7804
3750 4730 5560 8624
3750 4730 5694 8490
3750 4730 6800 7384
3750 4730 7000 7184
3750 4776 4970 9168
3750 4776 5972 8166
3750 4776 6458 7680
3750 4780 5834 8300
3750 4780 5840 8294
3750 4807 5637 8470
3750 4919 6012 7983
3750 4919 6995 7000
3750 4960 5785 8169
3750 4960 5834 8120
3750 4960 6584 7370
3750 4960 6849 7105
3750 4970 6012 7932
3750 4970 6584 7360
3750 5000 6490 7424
3750 5000 6730 7184
3750 5000 6794 7120
3750 5052 6502 7360
3750 5208 6522 7184
3750 5315 6120 7479
3750 5315 6730 6869
3750 5408 5637 7869
3750 5560 5834 7520
3750 5560 5840 7514
3750 5560 6170 7184
3750 5597 5632 7685
3750 5597 5637 7680
3750 5632 5762 7520
3750 5632 6600 6682
3750 5694 6020 7200
3750 5694 6100 7120
3750 5694 6490 6730
3750 5736 6384 6794
3750 5785 6384 6745
3750 5834 6100 6980
3750 5840 6490 6584
3750 6020 6100 6794
3758 3786 5408 9712
3758 3786 6745 8375
3758 3786 7000 8120
3758 3786 7360 7760
3758 3814 5632 9460
3758 3814 7384 7708
3758 3820 6740 8346
3758 3904 5834 9168
3758 3969 5637 9300
3758 3969 6800 8137
3758 4031 7167 7708
3758 4031 7424 7451
3758 4088 5900 8918
3758 4088 6224 8594
3758 4088 7110 7708
3758 4112 6170 8624
3758 4112 7370 7424
3758 4191 7331 7384
3758 4196 4720 9990
3758 4196 4780 9930
3758 4196 5315 9395
3758 4225 5173 9508
3758 4225 7167 7514
3758 4233 6869 7804
3758 4272 5762 8872
3758 4272 7120 7514
3758 4292 5694 8920
3758 4292 6020 8594
3758 4292 6682 7932
3758 4292 6745 7869
3758 4311 6012 8583
3758 4311 6458 8137
3758 4331 7061 7514
3758 4331 7105 7470
3758 4400 4656 9850
3758 4412 4780 9714
3758 4412 5900 8594
3758 4412 6020 8474
3758 4412 6980 7514
3758 4412 7110 7384
3758 4440 5976 8490
3758 4440 6120 8346
3758 4500 5976 8430
3758 4500 6682 7724
3758 4595 5976 8335
3758 4595 6980 7331
3758 4604 6012 8290
3758 4636 4960 9310
3758 4636 4970 9300
3758 4636 5840 8430
3758 4636 5976 8294
3758 4636 6800 7470
3758 4656 4960 9290
3758 4656 5637 8613
3758 4656 6490 7760
3758 4656 6730 7520
3758 4720 5840 8346
3758 4720 6020 8166
3758 4720 6390 7796
3758 4730 5900 8276
3758 4776 5840 8290
3758 4780 5208 8918
3758 4807 6579 7520
3758 4960 6522 7424
3758 4970 6956 6980
3758 5000 5560 8346
3758 5000 6522 7384
3758 5052 5560 8294
3758 5052 6384 7470
3758 5208 5408 8290
3758 5408 5694 7804
3758 5408 6458 7040
3758 5455 5972 7479
3758 5455 6120 7331
3758 5455 6390 7061
3758 5560 5976 7370
3758 5560 6390 6956
3758 5597 6579 6730
3758 5694 6012 7200
3758 5736 6170 7000
3758 5762 6100 7044
3758 5834 6390 6682
3758 5840 6384 6682
3758 5840 6458 6608
3758 6012 6100 6794
3758 6020 6384 6502
3786 3800 6608 8470
3786 3800 7370 7708
3786 3814 5752 9312
3786 3814 6224 8840
3786 3814 6800 8264
3786 3814 7384 7680
3786 3820 5208 9850
3786 3820 6458 8600
3786 3820 6584 8474
3786 3820 6794 8264
3786 3904 6224 8750
3786 3904 7105 7869
3786 3950 6088 8840
3786 3950 6458 8470
3786 3969 4919 9990
3786 3969 5597 9312
3786 3969 6740 8169
3786 3969 7040 7869
3786 3969 7105 7804
3786 4031 5859 8988
3786 4031 7167 7680
3786 4088 6490 8300
3786 4088 7105 7685
3786 4088 7110 7680
3786 4100 6502 8276
3786 4112 4776 9990
3786 4112 5052 9714
3786 4112 6490 8276
3786 4112 6502 8264
3786 4112 6600 8166
3786 4191 7167 7520
3786 4196 4970 9712
3786 4196 5694 8988
3786 4196 5762 8920
3786 4196 6088 8594
3786 4225 6849 7804
3786 4233 5455 9190
3786 4233 6745 7900
3786 4233 6849 7796
3786 4272 6012 8594
3786 4292 4656 9930
3786 4311 4919 9648
3786 4311 6584 7983
3786 4331 5637 8910
3786 4400 4970 9508
3786 4400 5560 8918
3786 4400 6682 7796
3786 4412 5976 8490
3786 4412 6120 8346
3786 4440 6730 7708
3786 4500 4730 9648
3786 4500 6088 8290
3786 4563 4807 9508
3786 4604 6794 7480
3786 4636 5052 9190
3786 4636 5208 9034
3786 4636 5752 8490
3786 4636 6728 7514
3786 4656 4730 9492
3786 4656 5752 8470
3786 4720 5408 8750
3786 4776 5632 8470
3786 4776 6170 7932
3786 4780 4970 9128
3786 4780 5752 8346
3786 4780 5834 8264
3786 4780 6390 7708
3786 4780 6584 7514
3786 4780 6728 7370
3786 4807 5597 8474
3786 4807 5736 8335
3786 4807 6088 7983
3786 4807 6740 7331
3786 4919 5976 7983
3786 4919 6849 7110
3786 4960 5000 8918
3786 4960 5752 8166
3786 4970 5632 8276
3786 4970 5976 7932
3786 5000 5408 8470
3786 5000 6170 7708
3786 5173 6020 7685
3786 5173 6600 7105
3786 5315 5694 7869
3786 5315 6458 7105
3786 5315 6502 7061
3786 5408 5762 7708
3786 5408 5785 7685
3786 5408 6100 7370
3786 5408 6490 6980
3786 5408 6730 6740
3786 5455 5972 7451
3786 5637 5762 7479
3786 5694 6384 6800
3786 5694 6390 6794
3786 5694 6502 6682
3786 5694 6584 6600
3786 5752 6170 6956
3786 5762 5785 7331
3786 5785 6224 6869
3786 5834 6088 6956
3786 5859 6170 6849
3786 5972 6224 6682
3786 5972 6384 6522
3786 6100 6170 6608
3800 3814 7370 7680
3800 3820 7061 7983
3800 3904 4970 9990
3800 3904 5972 8988
3800 3904 6088 8872
3800 3904 6120 8840
3800 3904 6490 8470
3800 3904 6794 8166
3800 3904 7200 7760
3800 3950 6579 8335
3800 3950 6745 8169
3800 3950 6794 8120
3800 3950 7110 7804
3800 3969 6995 7900
3800 4031 6458 8375
3800 4088 6980 7796
3800 4100 5052 9712
3800 4100 6170 8594
3800 4100 7040 7724
3800 4112 5834 8918
3800 4112 6458 8294
3800 4112 6956 7796
3800 4112 7044 7708
3800 4135 7044 7685
3800 4191 6869 7804
3800 4196 5208 9460
3800 4196 6502 8166
3800 4225 6502 8137
3800 4233 4919 9712
3800 4233 5597 9034
3800 4272 5752 8840
3800 4292 5972 8600
3800 4311 4563 9990
3800 4311 6384 8169
3800 4331 4604 9929
3800 4400 5208 9256
3800 4400 5840 8624
3800 4400 6170 8294
3800 4400 6740 7724
3800 4400 7040 7424
3800 4412 4960 9492
3800 4412 6728 7724
3800 4440 4776 9648
3800 4440 7000 7424
3800 4440 7040 7384
3800 4500 5052 9312
3800 4500 6088 8276
3800 4500 6100 8264
3800 4500 6980 7384
3800 4563 5173 9128
3800 4595 6100 8169
3800 4595 6584 7685
3800 4604 4960 9300
3800 4604 4970 9290
3800 4604 6740 7520
3800 4636 4720 9508
3800 4636 7044 7184
3800 4636 7061 7167
3800 4656 6088 8120
3800 4656 6728 7480
3800 4720 6384 7760
3800 4730 5834 8300
3800 4730 5840 8294
3800 4776 4960 9128
3800 4776 6608 7480
3800 4776 6728 7360
3800 4780 7040 7044
3800 4807 6390 7667
3800 4919 5455 8490
3800 4919 6745 7200
3800 4960 5972 7932
3800 4960 6100 7804
3800 4960 6224 7680
3800 4960 6384 7520
3800 4960 6390 7514
3800 4960 6794 7110
3800 4970 6170 7724
3800 5000 6384 7480
3800 5000 6869 6995
3800 5052 6088 7724
3800 5208 5976 7680
3800 5408 5976 7480
3800 5560 5637 7667
3800 5560 5834 7470
3800 5560 6120 7184
3800 5597 6100 7167
3800 5597 6522 6745
3800 5632 5752 7480
3800 5632 5762 7470
3800 5632 6502 6730
3800 5694 6170 7000
3800 5736 6088 7040
3800 5752 6384 6728
3800 5762 6502 6600
3800 5840 6224 6800
3800 5840 6502 6522
3800 5859 5900 7105
3800 5900 6170 6794
3800 5900 6224 6740
3800 5972 6390 6502
3800 5976 6088 6800
3800 6012 6170 6682
3814 3820 5840 9190
3814 3820 6120 8910
3814 3820 6390 8640
3814 3820 6600 8430
3814 3820 6730 8300
3814 3820 6740 8290
3814 3904 6600 8346
3814 3904 6682 8264
3814 3950 4960 9940
3814 3950 4970 9930
3814 3950 5408 9492
3814 3950 6600 8300
3814 3950 7000 7900
3814 4031 5785 9034
3814 4031 6682 8137
3814 4088 6012 8750
3814 4100 5560 9190
3814 4100 5762 8988
3814 4100 5840 8910
3814 4100 6584 8166
3814 4112 6869 7869
3814 4135 7331 7384
3814 4191 4730 9929
3814 4191 6490 8169
3814 4191 6522 8137
3814 4196 5736 8918
3814 4196 6224 8430
3814 4196 6390 8264
3814 4196 7184 7470
3814 4225 5315 9310
3814 4225 5637 8988
3814 4225 5785 8840
3814 4225 6012 8613
3814 4225 7105 7520
3814 4272 6088 8490
3814 4272 6458 8120
3814 4292 6088 8470
3814 4292 7044 7514
3814 4331 4807 9712
3814 4331 7040 7479
3814 4400 5976 8474
3814 4400 6020 8430
3814 4400 6980 7470
3814 4412 6730 7708
3814 4440 4730 9680
3814 4440 6120 8290
3814 4440 6730 7680
3814 4440 7040 7370
3814 4500 4636 9714
3814 4500 6980 7370
3814 4563 6579 7708
3814 4563 6956 7331
3814 4563 7120 7167
3814 4595 5785 8470
3814 4604 5900 8346
3814 4604 6522 7724
3814 4604 6579 7667
3814 4636 6490 7724
3814 4656 5859 8335
3814 4656 5900 8294
3814 4656 6390 7804
3814 4720 5840 8290
3814 4730 5785 8335
3814 4730 6600 7520
3814 4730 7000 7120
3814 4780 6170 7900
3814 4780 6390 7680
3814 4780 6600 7470
3814 4919 5637 8294
3814 4919 5762 8169
3814 4919 6600 7331
3814 4960 4970 8920
3814 4970 6120 7760
3814 5000 5560 8290
3814 5000 6170 7680
3814 5000 6490 7360
3814 5000 6730 7120
3814 5000 6740 7110
3814 5000 6745 7105
3814 5052 5632 8166
3814 5173 5694 7983
3814 5173 6682 6995
3814 5208 6458 7184
3814 5208 6522 7120
3814 5315 6579 6956
3814 5408 5762 7680
3814 5408 5972 7470
3814 5560 6170 7120
3814 5560 6490 6800
3814 5560 6608 6682
3814 5597 6384 6869
3814 5632 5834 7384
3814 5632 6490 6728
3814 5637 5762 7451
3814 5694 5972 7184
3814 5736 6384 6730
3814 5752 6490 6608
3814 5762 6088 7000
3814 5834 5972 7044
3814 5834 5976 7040
3814 5840 5900 7110
3814 5976 6384 6490
3814 6020 6100 6730
3820 3904 5000 9940
3820 3904 6020 8920
3820 3904 6100 8840
3820 3904 7040 7900
3820 3950 5976 8918
3820 3950 6600 8294
3820 3950 6728 8166
3820 3950 7424 7470
3820 3969 7167 7708
3820 3969 7424 7451
3820 4031 7105 7708
3820 4100 5834 8910
3820 4100 6120 8624
3820 4100 7360 7384
3820 4112 5052 9680
3820 4112 6012 8720
3820 4112 6800 7932
3820 4135 4780 9929
3820 4191 6849 7804
3820 4196 5000 9648
3820 4196 5052 9596
3820 4196 6384 8264
3820 4225 4970 9649
3820 4225 7105 7514
3820 4272 5972 8600
3820 4292 5632 8920
3820 4311 4604 9929
3820 4331 5900 8613
3820 4400 4730 9714
3820 4400 5694 8750
3820 4412 4720 9712
3820 4412 5560 8872
3820 4440 6600 7804
3820 4440 6608 7796
3820 4440 6980 7424
3820 4440 7044 7360
3820 4500 6224 8120
3820 4500 6584 7760
3820 4604 4780 9460
3820 4604 5976 8264
3820 4604 6120 8120
3820 4604 7040 7200
3820 4636 6088 8120
3820 4636 6728 7480
3820 4656 6384 7804
3820 4720 5694 8430
3820 4720 5834 8290
3820 4720 6224 7900
3820 4720 6740 7384
3820 4730 6390 7724
3820 4730 6600 7514
3820 4730 6730 7384
3820 4776 5455 8613
3820 4780 6384 7680
3820 4780 6584 7480
3820 4807 5900 8137
3820 4919 5455 8470
3820 4960 6088 7796
3820 4970 6490 7384
3820 5000 6120 7724
3820 5000 6800 7044
3820 5000 6849 6995
3820 5052 6608 7184
3820 5052 6682 7110
3820 5208 5736 7900
3820 5208 5840 7796
3820 5315 5597 7932
3820 5408 5632 7804
3820 5408 6012 7424
3820 5560 5900 7384
3820 5560 6100 7184
3820 5560 6490 6794
3820 5597 6502 6745
3820 5632 6012 7200
3820 5694 6170 6980
3820 5752 5972 7120
3820 5762 5972 7110
3820 5785 5859 7200
3820 5834 5900 7110
3820 6012 6224 6608
3820 6020 6224 6600
3904 3950 4960 9850
3904 3950 5900 8910
3904 3950 6170 8640
3904 3950 7331 7479
3904 3969 6995 7796
3904 4031 7044 7685
3904 4088 4960 9712
3904 4088 5752 8920
3904 4088 5762 8910
3904 4088 6740 7932
3904 4100 4720 9940
3904 4100 4730 9930
3904 4100 6020 8640
3904 4100 6170 8490
3904 4100 6384 8276
3904 4100 6728 7932
3904 4100 6980 7680
3904 4112 5000 9648
3904 4112 5052 9596
3904 4112 6384 8264
3904 4135 5315 9310
3904 4135 5637 8988
3904 4135 5785 8840
3904 4135 6012 8613
3904 4135 7105 7520
3904 4196 7044 7520
3904 4225 4595 9940
3904 4225 5785 8750
3904 4233 5762 8765
3904 4233 6390 8137
3904 4233 7167 7360
3904 4272 4776 9712
3904 4272 6224 8264
3904 4272 6728 7760
3904 4292 4960 9508
3904 4292 7044 7424
3904 4331 4500 9929
3904 4331 4780 9649
3904 4331 5173 9256
3904 4400 5736 8624
3904 4400 6600 7760
3904 4400 7000 7360
3904 4412 4636 9712
3904 4412 6869 7479
3904 4440 6020 8300
3904 4440 6800 7520
3904 4440 6869 7451
3904 4440 7120 7200
3904 4500 4960 9300
3904 4500 4970 9290
3904 4500 6740 7520
3904 4563 5597 8600
3904 4604 6224 7932
3904 4604 6956 7200
3904 4636 5694 8430
3904 4636 5834 8290
3904 4636 6224 7900
3904 4636 6740 7384
3904 4656 5840 8264
3904 4656 6584 7520
3904 4720 4730 9310
3904 4720 5052 8988
3904 4720 5694 8346
3904 4720 7000 7040
3904 4730 5560 8470
3904 4730 5736 8294
3904 4730 6579 7451
3904 4776 5694 8290
3904 4776 6224 7760
3904 4776 6600 7384
3904 4776 6800 7184
3904 4780 6980 7000
3904 4807 4919 9034
3904 4807 6502 7451
3904 4919 5972 7869
3904 4919 6390 7451
3904 4960 5900 7900
3904 4960 6120 7680
3904 4960 6600 7200
3904 4960 6800 7000
3904 4970 5455 8335
3904 5000 6390 7370
3904 5052 5408 8300
3904 5052 6728 6980
3904 5315 6384 7061
3904 5455 5597 7708
3904 5455 5785 7520
3904 5560 5840 7360
3904 5597 6579 6584
3904 5632 6088 7040
3904 5694 6384 6682
3904 5694 6458 6608
3904 5736 5840 7184
3904 5736 6224 6800
3904 5736 6502 6522
3904 5762 6390 6608
3904 5840 5859 7061
3904 5840 6120 6800
3904 5900 6120 6740
3904 6012 6020 6728
3904 6088 6170 6502
3904 6100 6170 6490
3950 3969 5455 9290
3950 3969 6579 8166
3950 3969 6608 8137
3950 4031 6100 8583
3950 4088 4636 9990
3950 4088 4776 9850
3950 4100 5694 8920
3950 4100 6020 8594
3950 4100 6682 7932
3950 4100 6745 7869
3950 4112 5762 8840
3950 4135 5859 8720
3950 4191 7044 7479
3950 4196 5208 9310
3950 4196 6088 8430
3950 4196 6224 8294
3950 4196 6794 7724
3950 4225 5455 9034
3950 4225 7105 7384
3950 4272 4730 9712
3950 4272 5408 9034
3950 4272 5859 8583
3950 4272 5972 8470
3950 4272 6012 8430
3950 4272 6682 7760
3950 4292 6490 7932
3950 4292 6522 7900
3950 4311 4807 9596
3950 4331 6579 7804
3950 4331 6869 7514
3950 4400 4919 9395
3950 4400 5840 8474
3950 4400 6020 8294
3950 4400 6794 7520
3950 4400 6800 7514
3950 4412 6012 8290
3950 4440 6794 7480
3950 4500 6490 7724
3950 4595 4807 9312
3950 4604 5834 8276
3950 4604 6740 7370
3950 4604 7000 7110
3950 4636 6608 7470
3950 4656 6579 7479
3950 4720 4960 9034
3950 4720 5694 8300
3950 4720 6794 7200
3950 4730 5694 8290
3950 4730 6224 7760
3950 4730 6600 7384
3950 4730 6800 7184
3950 4776 5173 8765
3950 4776 6458 7480
3950 4807 4919 8988
3950 4807 6740 7167
3950 4919 6800 6995
3950 4960 5408 8346
3950 4960 6384 7370
3950 4970 6020 7724
3950 4970 6224 7520
3950 4970 6384 7360
3950 5052 5762 7900
3950 5052 6682 6980
3950 5208 5637 7869
3950 5455 6390 6869
3950 5597 5637 7480
3950 5597 6012 7105
3950 5632 5972 7110
3950 5637 5972 7105
3950 5694 5900 7120
3950 5694 5976 7044
3950 5694 6020 7000
3950 5752 5762 7200
3950 5762 5785 7167
3950 5762 5972 6980
3950 5762 6224 6728
3950 5834 5840 7040
3950 5834 5900 6980
3950 5834 6390 6490
3950 5840 6384 6490
3950 5900 6020 6794
3950 5972 6012 6730
3950 6012 6020 6682
3950 6100 6224 6390
3969 4031 5408 9256
3969 4031 6956 7708
3969 4031 7184 7480
3969 4100 6012 8583
3969 4100 6458 8137
3969 4112 5455 9128
3969 4112 6600 7983
3969 4135 5052 9508
3969 4135 5840 8720
3969 4135 6800 7760
3969 4135 7040 7520
3969 4135 7200 7360
3969 4191 5632 8872
3969 4191 6384 8120
3969 4191 7120 7384
3969 4196 5859 8640
3969 4225 5560 8910
3969 4225 6170 8300
3969 4225 6956 7514
3969 4225 7000 7470
3969 4225 7110 7360
3969 4233 4970 9492
3969 4233 5972 8490
3969 4272 5840 8583
3969 4272 6088 8335
3969 4292 4807 9596
3969 4311 6120 8264
3969 4311 7000 7384
3969 4311 7184 7200
3969 4331 5052 9312
3969 4331 6088 8276
3969 4331 6100 8264
3969 4331 6980 7384
3969 4400 5455 8840
3969 4440 5785 8470
3969 4500 6995 7200
3969 4563 6012 8120
3969 4595 6730 7370
3969 4595 6740 7360
3969 4595 6980 7120
3969 4595 6995 7105
3969 4604 5173 8918
3969 4636 6579 7480
3969 4636 6608 7451
3969 4636 6728 7331
3969 4656 6170 7869
3969 4656 6995 7044
3969 4720 4807 9168
3969 4720 6980 6995
3969 4780 5315 8600
3969 4780 6584 7331
3969 4807 4970 8918
3969 4919 5972 7804
3969 4960 4970 8765
3969 4960 5752 7983
3969 4960 6740 6995
3969 4970 6730 6995
3969 4970 6745 6980
3969 5052 5173 8470
3969 5052 5976 7667
3969 5052 6794 6849
3969 5173 5762 7760
3969 5173 6522 7000
3969 5173 6728 6794
3969 5315 5900 7480
3969 5315 6020 7360
3969 5408 6120 7167
3969 5455 5560 7680
3969 5455 6120 7120
3969 5560 6390 6745
3969 5597 6490 6608
3969 5637 6458 6600
3969 5694 5834 7167
3969 5785 6170 6740
3969 5834 6012 6849
4031 4088 6170 8375
4031 4100 4604 9929
4031 4112 4807 9714
4031 4112 6384 8137
4031 4135 5208 9290
4031 4135 7167 7331
4031 4191 4730 9712
4031 4191 5408 9034
4031 4191 5859 8583
4031 4191 5972 8470
4031 4191 6012 8430
4031 4191 6682 7760
4031 4196 5597 8840
4031 4225 6728 7680
4031 4233 4720 9680
4031 4233 5560 8840
4031 4233 6100 8300
4031 4233 7040 7360
4031 4272 6224 8137
4031 4292 4412 9929
4031 4292 5173 9168
4031 4311 5976 8346
4031 4311 6390 7932
4031 4331 6012 8290
4031 4400 5315 8918
4031 4400 6849 7384
4031 4412 5597 8624
4031 4500 6682 7451
4031 4563 4780 9290
4031 4563 6170 7900
4031 4563 6390 7680
4031 4563 6600 7470
4031 4595 5455 8583
4031 4595 5762 8276
4031 4604 5694 8335
4031 4636 4807 9190
4031 4656 5840 8137
4031 4720 5637 8276
4031 4720 6869 7044
4031 4780 6522 7331
4031 4970 5173 8490
4031 4970 5859 7804
4031 4970 6794 6869
4031 5052 5785 7796
4031 5173 5560 7900
4031 5173 5736 7724
4031 5173 5752 7708
4031 5173 6100 7360
4031 5408 6120 7105
4031 5455 6384 6794
4031 5560 6012 7061
4031 5560 6224 6849
4031 5632 5834 7167
4031 5694 5834 7105
4031 5752 6012 6869
4031 5785 6120 6728
4031 5785 6390 6458
4031 5859 6384 6390
4088 4100 6956 7520
4088 4112 5208 9256
4088 4112 5840 8624
4088 4112 6170 8294
4088 4112 6740 7724
4088 4112 7040 7424
4088 4135 6458 7983
4088 4135 7110 7331
4088 4191 5785 8600
4088 4196 4440 9940
4088 4196 6584 7796
4088 4196 6956 7424
4088 4225 5976 8375
4088 4225 7167 7184
4088 4272 4656 9648
4088 4272 5834 8470
4088 4272 7120 7184
4088 4292 4604 9680
4088 4292 4636 9648
4088 4292 4776 9508
4088 4292 6020 8264
4088 4292 6384 7900
4088 4311 6745 7520
4088 4331 5632 8613
4088 4331 6794 7451
4088 4331 7061 7184
4088 4400 5900 8276
4088 4412 4656 9508
4088 4412 5694 8470
4088 4412 5900 8264
4088 4412 6740 7424
4088 4412 6794 7370
4088 4412 6980 7184
4088 4412 7044 7120
4088 4500 4776 9300
4088 4500 6745 7331
4088 4500 6956 7120
4088 4563 5173 8840
4088 4563 6682 7331
4088 4595 6502 7479
4088 4604 5052 8920
4088 4604 5597 8375
4088 4604 5637 8335
4088 4604 6458 7514
4088 4604 6502 7470
4088 4636 6740 7200
4088 4656 4730 9190
4088 4656 5000 8920
4088 4656 6020 7900
4088 4656 6800 7120
4088 4720 5736 8120
4088 4776 4960 8840
4088 4776 5900 7900
4088 4776 6120 7680
4088 4776 6600 7200
4088 4776 6800 7000
4088 4780 6088 7708
4088 4807 5632 8137
4088 4807 5900 7869
4088 4919 5972 7685
4088 4919 6490 7167
4088 5052 6100 7424
4088 5052 6730 6794
4088 5173 5736 7667
4088 5315 6579 6682
4088 5560 5632 7384
4088 5560 5972 7044
4088 5560 5976 7040
4088 5597 5859 7120
4088 5632 5834 7110
4088 5632 5900 7044
4088 5637 5834 7105
4088 5694 5762 7120
4088 5694 6088 6794
4088 5736 5840 7000
4088 5736 6100 6740
4088 5752 6224 6600
4088 5762 5834 6980
4088 5762 6020 6794
4088 5834 6012 6730
4088 5859 5972 6745
4088 5972 6020 6584
4100 4112 4960 9492
4100 4112 6728 7724
4100 4135 4500 9929
4100 4135 4780 9649
4100 4135 5173 9256
4100 4191 5455 8918
4100 4191 6390 7983
4100 4196 4656 9712
4100 4196 4720 9648
4100 4196 5785 8583
4100 4196 6608 7760
4100 4225 6170 8169
4100 4225 6579 7760
4100 4225 6869 7470
4100 4233 7000 7331
4100 4272 6584 7708
4100 4292 4780 9492
4100 4292 4960 9312
4100 4292 5632 8640
4100 4292 5972 8300
4100 4292 7105 7167
4100 4311 4604 9649
4100 4311 6384 7869
4100 4311 6869 7384
4100 4331 5315 8918
4100 4331 6849 7384
4100 4400 4656 9508
4100 4400 5694 8470
4100 4400 5900 8264
4100 4400 6740 7424
4100 4400 6794 7370
4100 4400 6980 7184
4100 4400 7044 7120
4100 4412 4440 9712
4100 4412 6682 7470
4100 4412 6728 7424
4100 4440 5694 8430
4100 4440 5834 8290
4100 4440 6224 7900
4100 4440 6740 7384
4100 4500 4604 9460
4100 4500 6384 7680
4100 4500 6584 7480
4100 4563 6522 7479
4100 4595 6100 7869
4100 4595 6490 7479
4100 4595 6849 7120
4100 4604 5840 8120
4100 4604 6490 7470
4100 4604 6600 7360
4100 4636 5208 8720
4100 4636 5315 8613
4100 4636 5762 8166
4100 4636 6458 7470
4100 4636 6728 7200
4100 4656 4780 9128
4100 4656 5632 8276
4100 4656 5976 7932
4100 4720 6120 7724
4100 4720 6800 7044
4100 4720 6849 6995
4100 4730 6794 7040
4100 4780 6584 7200
4100 4780 6600 7184
4100 4780 6740 7044
4100 4807 5637 8120
4100 4919 6584 7061
4100 4970 5000 8594
4100 4970 5694 7900
4100 4970 5834 7760
4100 4970 6170 7424
4100 4970 6224 7370
4100 4970 6745 6849
4100 4970 6794 6800
4100 5000 5632 7932
4100 5000 5840 7724
4100 5000 6584 6980
4100 5000 6608 6956
4100 5052 5752 7760
4100 5052 6088 7424
4100 5173 5408 7983
4100 5173 6224 7167
4100 5173 6522 6869
4100 5208 5560 7796
4100 5208 5632 7724
4100 5208 5972 7384
4100 5408 5972 7184
4100 5597 5972 6995
4100 5632 5976 6956
4100 5736 6088 6740
4100 5736 6100 6728
4100 5752 6012 6800
4100 5762 6120 6682
4112 4135 5834 8583
4112 4191 6224 8137
4112 4196 5762 8594
4112 4225 5455 8872
4112 4225 6458 7869
4112 4233 5736 8583
4112 4233 6849 7470
4112 4272 4970 9310
4112 4272 5408 8872
4112 4272 5560 8720
4112 4272 6600 7680
4112 4272 6800 7480
4112 4292 4331 9929
4112 4292 4960 9300
4112 4292 4970 9290
4112 4292 6740 7520
4112 4331 5597 8624
4112 4400 4440 9712
4112 4400 6682 7470
4112 4400 6728 7424
4112 4412 5840 8300
4112 4412 6020 8120
4112 4412 6956 7184
4112 4440 4604 9508
4112 4440 6728 7384
4112 4500 5752 8300
4112 4500 5762 8290
4112 4500 6120 7932
4112 4500 6682 7370
4112 4563 6120 7869
4112 4563 6869 7120
4112 4595 6088 7869
4112 4604 4636 9312
4112 4604 4780 9168
4112 4604 4960 8988
4112 4604 6224 7724
4112 4636 6120 7796
4112 4656 5632 8264
4112 4656 6100 7796
4112 4720 4960 8872
4112 4720 5208 8624
4112 4720 5900 7932
4112 4776 5972 7804
4112 4780 5052 8720
4112 4780 5840 7932
4112 4780 5976 7796
4112 4780 6012 7760
4112 4780 6728 7044
4112 4807 5315 8430
4112 4807 5455 8290
4112 4807 5762 7983
4112 4807 6745 7000
4112 4960 5455 8137
4112 5052 6020 7480
4112 5052 6390 7110
4112 5173 5694 7685
4112 5173 5859 7520
4112 5173 5900 7479
4112 5173 6384 6995
4112 5173 6579 6800
4112 5208 6224 7120
4112 5408 6100 7044
4112 5560 5632 7360
4112 5560 6012 6980
4112 5560 6384 6608
4112 5560 6490 6502
4112 5632 5736 7184
4112 5632 5859 7061
4112 5632 6120 6800
4112 5637 6170 6745
4112 5736 6088 6728
4112 5762 5834 6956
4112 5840 5972 6740
4135 4196 5859 8474
4135 4225 4656 9648
4135 4225 5834 8470
4135 4225 7120 7184
4135 4233 6020 8276
4135 4272 6088 8169
4135 4272 6120 8137
4135 4292 5597 8640
4135 4292 5637 8600
4135 4292 6100 8137
4135 4311 6458 7760
4135 4311 6794 7424
4135 4331 6490 7708
4135 4331 6728 7470
4135 4400 6745 7384
4135 4412 4807 9310
4135 4500 5694 8335
4135 4563 4656 9310
4135 4563 4776 9190
4135 4563 6170 7796
4135 4604 5455 8470
4135 4636 5173 8720
4135 4636 6849 7044
4135 4656 5597 8276
4135 4656 5736 8137
4135 4780 5455 8294
4135 4807 6522 7200
4135 4807 6682 7040
4135 4919 4970 8640
4135 4919 6490 7120
4135 4960 5637 7932
4135 4970 6579 6980
4135 5000 5597 7932
4135 5052 6608 6869
4135 5173 5560 7796
4135 5173 5632 7724
4135 5173 5972 7384
4135 5208 5597 7724
4135 5315 5694 7520
4135 5315 6170 7044
4135 5455 5560 7514
4135 5455 6490 6584
4135 5560 5785 7184
4135 5560 5859 7110
4135 5560 6100 6869
4135 5560 6120 6849
4135 5560 6224 6745
4135 5560 6390 6579
4135 5597 5976 6956
4135 5637 6390 6502
4135 5694 5840 6995
4191 4196 4563 9714
4191 4196 5637 8640
4191 4196 5694 8583
4191 4196 7110 7167
4191 4225 5408 8840
4191 4225 5972 8276
4191 4225 6728 7520
4191 4233 4311 9929
4191 4233 4780 9460
4191 4233 5976 8264
4191 4233 6120 8120
4191 4233 7040 7200
4191 4292 4331 9850
4191 4292 6012 8169
4191 4292 6730 7451
4191 4292 7061 7120
4191 4311 6682 7480
4191 4311 6995 7167
4191 4331 5976 8166
4191 4412 5785 8276
4191 4412 6730 7331
4191 4412 6956 7105
4191 4412 7000 7061
4191 4440 6849 7184
4191 4500 5208 8765
4191 4500 6522 7451
4191 4563 4720 9190
4191 4563 5000 8910
4191 4563 6390 7520
4191 4563 6579 7331
4191 4563 6800 7110
4191 4563 6849 7061
4191 4595 4960 8918
4191 4595 5408 8470
4191 4595 6170 7708
4191 4604 6390 7479
4191 4604 6869 7000
4191 4636 4919 8918
4191 4636 6170 7667
4191 4656 5052 8765
4191 4656 5834 7983
4191 4730 5408 8335
4191 4730 6682 7061
4191 4776 5560 8137
4191 4776 6012 7685
4191 4919 4960 8594
4191 4919 5208 8346
4191 4919 6170 7384
4191 5000 5173 8300
4191 5000 6728 6745
4191 5052 5736 7685
4191 5173 6100 7200
4191 5208 5785 7480
4191 5455 5834 7184
4191 5455 6224 6794
4191 5632 5736 7105
4191 5632 5972 6869
4191 5752 5976 6745
4191 5785 6088 6600
4191 5859 6224 6390
4196 4225 4563 9680
4196 4225 4595 9648
4196 4233 5315 8920
4196 4233 5900 8335
4196 4272 5208 8988
4196 4272 6682 7514
4196 4272 6745 7451
4196 4292 5900 8276
4196 4311 6020 8137
4196 4311 6490 7667
4196 4331 5762 8375
4196 4400 5455 8613
4196 4412 5762 8294
4196 4412 6995 7061
4196 4440 5752 8276
4196 4440 5859 8169
4196 4440 6224 7804
4196 4500 4656 9312
4196 4500 6584 7384
4196 4500 6608 7360
4196 4563 4595 9310
4196 4563 5736 8169
4196 4563 5785 8120
4196 4563 6800 7105
4196 4595 5597 8276
4196 4595 5736 8137
4196 4604 6384 7480
4196 4604 6869 6995
4196 4636 4960 8872
4196 4636 5208 8624
4196 4636 5900 7932
4196 4656 6088 7724
4196 4730 6224 7514
4196 4776 5052 8640
4196 4776 6012 7680
4196 4807 5315 8346
4196 4807 5976 7685
4196 4807 6600 7061
4196 4960 5173 8335
4196 4960 5208 8300
4196 4970 5208 8290
4196 4970 5694 7804
4196 4970 6458 7040
4196 5000 6728 6740
4196 5052 5736 7680
4196 5208 5900 7360
4196 5408 6020 7040
4196 5694 6384 6390
4196 5736 5752 6980
4196 5752 5976 6740
4196 5762 5976 6730
4196 5785 5834 6849
4196 5834 5840 6794
4196 5840 5900 6728
4196 5840 6020 6608
4196 5840 6170 6458
4225 4233 5736 8470
4225 4272 7000 7167
4225 4292 6980 7167
4225 4311 4636 9492
4225 4311 4960 9168
4225 4311 5000 9128
4225 4311 5208 8920
4225 4311 5408 8720
4225 4311 5834 8294
4225 4311 6608 7520
4225 4331 5762 8346
4225 4331 6384 7724
4225 4400 6170 7869
4225 4400 6995 7044
4225 4412 5597 8430
4225 4440 4604 9395
4225 4500 5315 8624
4225 4500 6579 7360
4225 4500 6608 7331
4225 4563 5976 7900
4225 4595 6120 7724
4225 4595 6800 7044
4225 4595 6849 6995
4225 4604 6384 7451
4225 4604 6730 7105
4225 4636 5637 8166
4225 4656 5408 8375
4225 4720 5455 8264
4225 4720 5736 7983
4225 4730 5840 7869
4225 4776 5173 8490
4225 4776 5859 7804
4225 4776 6794 6869
4225 4807 6522 7110
4225 4919 5840 7680
4225 4970 6600 6869
4225 5052 5455 7932
4225 5173 5752 7514
4225 5173 6584 6682
4225 5208 5752 7479
4225 5208 5900 7331
4225 5208 6170 7061
4225 5315 6384 6740
4225 5455 5560 7424
4225 5455 6384 6600
4225 5597 6384 6458
4225 5637 5762 7040
4225 5637 6120 6682
4225 5736 5834 6869
4225 5785 5972 6682
4225 5840 5859 6740
4225 5840 6020 6579
4225 5859 5972 6608
4233 4272 4563 9596
4233 4272 5859 8300
4233 4311 4440 9680
4233 4311 5785 8335
4233 4311 6600 7520
4233 4311 7000 7120
4233 4331 6730 7370
4233 4331 6740 7360
4233 4331 6980 7120
4233 4331 6995 7105
4233 4400 4636 9395
4233 4440 5408 8583
4233 4500 5637 8294
4233 4500 5762 8169
4233 4500 6600 7331
4233 4595 5560 8276
4233 4636 4807 8988
4233 4636 6800 6995
4233 4656 6608 7167
4233 4730 6745 6956
4233 4776 5859 7796
4233 4807 5000 8624
4233 4807 5455 8169
4233 4807 5900 7724
4233 4807 6584 7040
4233 4919 5752 7760
4233 4919 6088 7424
4233 4960 6020 7451
4233 5000 6100 7331
4233 5052 5694 7685
4233 5052 5859 7520
4233 5052 5900 7479
4233 5052 6384 6995
4233 5052 6579 6800
4233 5173 5834 7424
4233 5173 6458 6800
4233 5315 5408 7708
4233 5315 5637 7479
4233 5315 5785 7331
4233 5455 5976 7000
4233 5455 6020 6956
4233 5597 5834 7000
4233 5632 5694 7105
4233 5752 6100 6579
4233 5840 6012 6579
4233 5859 5972 6600
4272 4292 6730 7370
4272 4292 6740 7360
4272 4292 6980 7120
4272 4292 6995 7105
4272 4331 4412 9649
4272 4331 5785 8276
4272 4331 6730 7331
4272 4331 6956 7105
4272 4331 7000 7061
4272 4400 4500 9492
4272 4400 6522 7470
4272 4400 6608 7384
4272 4412 6980 7000
4272 4440 6020 7932
4272 4500 4636 9256
4272 4500 5052 8840
4272 4500 6088 7804
4272 4500 6522 7370
4272 4563 4919 8910
4272 4563 6849 6980
4272 4595 5173 8624
4272 4636 5173 8583
4272 4636 6800 6956
4272 4656 5976 7760
4272 4656 6012 7724
4272 4720 5408 8264
4272 4730 5762 7900
4272 4730 6682 6980
4272 4780 6502 7110
4272 4807 5900 7685
4272 4919 5173 8300
4272 4919 6728 6745
4272 4960 5752 7680
4272 4970 6682 6740
4272 5000 5632 7760
4272 5052 5408 7932
4272 5052 5632 7708
4272 5052 6384 6956
4272 5052 6600 6740
4272 5173 5859 7360
4272 5173 6224 6995
4272 5208 5315 7869
4272 5208 6384 6800
4272 5208 6390 6794
4272 5208 6502 6682
4272 5208 6584 6600
4272 5315 5597 7480
4272 5315 5972 7105
4272 5408 5560 7424
4272 5408 6384 6600
4272 5455 6088 6849
4272 5560 5632 7200
4272 5560 6224 6608
4272 5632 6020 6740
4272 5637 5694 7061
4272 5752 5840 6800
4272 5752 5900 6740
4272 5762 5900 6730
4272 5834 6100 6458
4292 4311 4412 9649
4292 4311 5785 8276
4292 4311 6730 7331
4292 4311 6956 7105
4292 4311 7000 7061
4292 4331 6980 7061
4292 4400 5052 8920
4292 4400 5597 8375
4292 4400 5637 8335
4292 4400 6458 7514
4292 4400 6502 7470
4292 4412 4500 9460
4292 4412 5840 8120
4292 4412 6490 7470
4292 4412 6600 7360
4292 4440 5597 8335
4292 4440 5632 8300
4292 4440 6224 7708
4292 4500 5000 8872
4292 4500 5752 8120
4292 4500 5972 7900
4292 4500 6502 7370
4292 4604 4780 8988
4292 4604 5785 7983
4292 4604 5972 7796
4292 4604 6088 7680
4292 4604 6384 7384
4292 4604 6584 7184
4292 4604 6728 7040
4292 4636 5976 7760
4292 4636 6012 7724
4292 4720 4780 8872
4292 4720 5052 8600
4292 4720 5752 7900
4292 4720 5972 7680
4292 4720 6608 7044
4292 4730 6458 7184
4292 4730 6522 7120
4292 4780 5455 8137
4292 4919 6458 6995
4292 4919 6584 6869
4292 4960 6682 6730
4292 4970 5694 7708
4292 4970 6608 6794
4292 5000 6012 7360
4292 5052 5560 7760
4292 5052 5840 7480
4292 5052 6120 7200
4292 5208 5694 7470
4292 5208 6120 7044
4292 5408 5859 7105
4292 5408 6170 6794
4292 5408 6224 6740
4292 5560 6012 6800
4292 5632 6012 6728
4292 5752 6012 6608
4292 5752 6020 6600
4292 5762 6088 6522
4292 5762 6120 6490
4292 5785 5859 6728
4292 5900 6088 6384
4292 5976 6012 6384
4311 4331 6502 7520
4311 4400 4919 9034
4311 4400 6502 7451
4311 4412 6490 7451
4311 4440 5637 8276
4311 4440 6869 7044
4311 4500 4563 9290
4311 4500 6522 7331
4311 4563 5455 8335
4311 4604 5455 8294
4311 4636 4807 8910
4311 4636 5597 8120
4311 4636 5785 7932
4311 4656 5560 8137
4311 4656 6012 7685
4311 4730 6579 7044
4311 4776 5408 8169
4311 4776 6728 6849
4311 4780 4960 8613
4311 4807 6502 7044
4311 4919 4960 8474
4311 4919 6390 7044
4311 4960 5597 7796
4311 5000 6608 6745
4311 5173 6224 6956
4311 5208 5694 7451
4311 5208 5785 7360
4311 5408 5840 7105
4311 5455 6170 6728
4311 5632 5976 6745
4311 5637 5736 6980
4311 5637 5976 6740
4311 5694 5859 6800
4311 5762 6012 6579
4311 5785 5840 6728
4311 5859 5972 6522
4331 4412 5752 8169
4331 4440 5173 8720
4331 4440 6849 7044
4331 4500 6502 7331
4331 4500 6728 7105
4331 4563 6730 7040
4331 4595 6224 7514
4331 4604 5560 8169
4331 4636 5560 8137
4331 4636 6012 7685
4331 4656 5694 7983
4331 4656 6682 6995
4331 4720 5000 8613
4331 4730 5173 8430
4331 4730 6608 6995
4331 4776 4807 8750
4331 4776 6390 7167
4331 4780 4970 8583
4331 4807 5052 8474
4331 4807 5859 7667
4331 4807 6012 7514
4331 4919 5900 7514
4331 4919 6458 6956
4331 4960 5859 7514
4331 4960 6579 6794
4331 5173 5736 7424
4331 5173 5976 7184
4331 5173 6120 7040
4331 5208 6020 7105
4331 5315 5834 7184
4331 5315 6224 6794
4331 5408 5455 7470
4331 5455 5694 7184
4331 5455 5834 7044
4331 5597 5736 7000
4331 5637 6088 6608
4331 5859 5972 6502
4400 4440 4656 9168
4400 4440 5560 8264
4400 4440 6020 7804
4400 4440 6100 7724
4400 4500 4636 9128
4400 4500 4730 9034
4400 4500 4776 8988
4400 4563 6745 6956
4400 4595 4919 8750
4400 4595 6502 7167
4400 4595 6608 7061
4400 4595 6800 6869
4400 4604 5900 7760
4400 4636 6584 7044
4400 4656 5900 7708
4400 4656 6088 7520
4400 4656 6224 7384
4400 4656 6608 7000
4400 4720 5859 7685
4400 4720 6120 7424
4400 4730 6020 7514
4400 4730 6490 7044
4400 4730 6740 6794
4400 4780 5208 8276
4400 4780 5315 8169
4400 4780 6100 7384
4400 4807 6608 6849
4400 4919 4970 8375
4400 4919 5208 8137
4400 4919 5637 7708
4400 4919 6600 6745
4400 4960 5637 7667
4400 4960 5834 7470
4400 4960 6120 7184
4400 4970 5000 8294
4400 5000 5597 7667
4400 5000 5785 7479
4400 5000 5840 7424
4400 5000 6224 7040
4400 5052 5408 7804
4400 5052 6012 7200
4400 5208 5632 7424
4400 5208 6012 7044
4400 5208 6100 6956
4400 5315 6100 6849
4400 5408 5736 7120
4400 5408 5900 6956
4400 5560 5976 6728
4400 5560 6120 6584
4400 5597 6088 6579
4400 5632 5637 6995
4400 5694 5840 6730
4400 5762 6012 6490
4400 5785 5900 6579
4400 5834 5972 6458
4412 4440 4500 9312
4412 4440 6088 7724
4412 4500 5632 8120
4412 4563 6522 7167
4412 4563 6579 7110
4412 4563 6584 7105
4412 4595 5972 7685
4412 4595 6490 7167
4412 4604 4730 8918
4412 4604 4776 8872
4412 4604 6224 7424
4412 4604 6608 7040
4412 4636 4776 8840
4412 4720 4919 8613
4412 4720 5632 7900
4412 4720 5736 7796
4412 4720 6012 7520
4412 4730 5052 8470
4412 4730 5762 7760
4412 4730 6522 7000
4412 4730 6728 6794
4412 4776 5752 7724
4412 4776 6682 6794
4412 4780 5208 8264
4412 4780 6088 7384
4412 4807 6384 7061
4412 4970 5597 7685
4412 4970 5762 7520
4412 4970 6600 6682
4412 5000 6458 6794
4412 5000 6522 6730
4412 5052 5840 7360
4412 5208 6088 6956
4412 5315 6088 6849
4412 5455 5597 7200
4412 5455 5736 7061
4412 5560 5736 6956
4412 5560 6170 6522
4412 5632 6012 6608
4412 5632 6020 6600
4412 5694 6100 6458
4412 5736 5834 6682
4412 5752 5900 6600
4412 5762 6100 6390
4412 5785 5859 6608
4440 4563 5315 8346
4440 4563 5976 7685
4440 4563 6600 7061
4440 4604 4780 8840
4440 4604 5637 7983
4440 4604 6100 7520
4440 4636 6608 6980
4440 4656 6088 7480
4440 4656 6384 7184
4440 4656 6458 7110
4440 4720 6120 7384
4440 4720 6384 7120
4440 4730 6384 7110
4440 4776 6088 7360
4440 4776 6579 6869
4440 4780 4970 8474
4440 4780 5736 7708
4440 4780 6020 7424
4440 4919 4970 8335
4440 4919 5597 7708
4440 4919 5785 7520
4440 4960 4970 8294
4440 4960 5000 8264
4440 4960 5597 7667
4440 4960 5785 7479
4440 4960 5840 7424
4440 4960 6224 7040
4440 5000 5840 7384
4440 5000 6224 7000
4440 5052 5972 7200
4440 5052 6490 6682
4440 5208 5632 7384
4440 5208 5972 7044
4440 5208 5976 7040
4440 5408 5632 7184
4440 5408 6088 6728
4440 5455 5900 6869
4440 5597 5632 6995
4440 5637 5859 6728
4440 5694 5736 6794
4440 5694 5785 6745
4440 5752 6088 6384
4440 5762 5972 6490
4440 5834 5900 6490
4440 5900 6100 6224
4500 4595 5637 7932
4500 4604 4720 8840
4500 4604 4960 8600
4500 4636 4656 8872
4500 4636 5408 8120
4500 4636 6728 6800
4500 4656 5173 8335
4500 4656 5208 8300
4500 4720 4970 8474
4500 4720 5736 7708
4500 4720 6020 7424
4500 4730 4960 8474
4500 4730 6390 7044
4500 4780 6384 7000
4500 4780 6584 6800
4500 4807 5597 7760
4500 4919 5560 7685
4500 4960 5408 7796
4500 4960 5834 7370
4500 4960 6020 7184
4500 4960 6224 6980
4500 4960 6522 6682
4500 4970 5834 7360
4500 5000 5694 7470
4500 5000 6120 7044
4500 5052 5632 7480
4500 5052 5752 7360
4500 5052 6384 6728
4500 5208 5976 6980
4500 5455 5840 6869
4500 5560 5859 6745
4500 5560 6020 6584
4500 5694 6012 6458
4500 5762 5900 6502
4500 5762 6012 6390
4500 5834 5840 6490
4500 5840 6100 6224
4500 5976 6088 6100
4563 4595 5637 7869
4563 4604 5597 7900
4563 4604 6502 6995
4563 4636 5785 7680
4563 4656 6384 7061
4563 4730 6502 6869
4563 4730 6522 6849
4563 4780 5597 7724
4563 4807 4919 8375
4563 4807 5000 8294
4563 5000 6522 6579
4563 5173 5408 7520
4563 5173 5597 7331
4563 5173 5972 6956
4563 5315 5455 7331
4563 5408 5632 7061
4563 5560 5859 6682
4563 5597 6120 6384
4563 5637 5736 6728
4563 5752 5859 6490
4595 4604 5785 7680
4595 4636 5637 7796
4595 4636 6584 6849
4595 4720 4919 8430
4595 4730 5173 8166
4595 4730 5859 7480
4595 4730 6490 6849
4595 4776 5173 8120
4595 4807 6522 6740
4595 4919 6170 6980
4595 5000 6490 6579
4595 5208 5694 7167
4595 5208 6012 6849
4595 5315 6170 6584
4595 5455 6224 6390
4595 5597 6088 6384
4595 5632 5637 6800
4595 5752 5859 6458
4595 5762 5785 6522
4595 5785 5900 6384
4604 4636 6224 7200
4604 4636 6384 7040
4604 4656 4780 8624
4604 4656 6020 7384
4604 4720 5408 7932
4604 4720 5632 7708
4604 4720 6384 6956
4604 4720 6600 6740
4604 4730 6600 6730
4604 4776 5560 7724
4604 4776 5900 7384
4604 4776 6100 7184
4604 4776 6490 6794
4604 4780 6170 7110
4604 4807 6384 6869
4604 4960 5900 7200
4604 4960 6100 7000
4604 4960 6120 6980
4604 4970 6490 6600
4604 5000 6020 7040
4604 5173 5408 7479
4604 5208 6170 6682
4604 5455 5736 6869
4604 5560 5900 6600
4604 5694 5976 6390
4604 5736 5834 6490
4604 5736 6100 6224
4604 5762 5840 6458
4604 5840 6100 6120
4636 4656 6012 7360
4636 4720 5408 7900
4636 4730 5315 7983
4636 4776 6458 6794
4636 4776 6522 6730
4636 4807 5052 8169
4636 4960 6088 6980
4636 4970 6458 6600
4636 5052 5976 7000
4636 5052 6020 6956
4636 5208 5840 6980
4636 5208 6020 6800
4636 5408 6012 6608
4636 5408 6020 6600
4636 5597 5637 6794
4636 5632 6012 6384
4636 5736 5834 6458
4636 5785 5859 6384
4636 5840 6088 6100
4656 4720 6088 7200
4656 4776 5752 7480
4656 4776 5762 7470
4656 4776 6502 6730
4656 4960 5597 7451
4656 5052 5976 6980
4656 5173 5315 7520
4656 5173 5840 6995
4656 5315 5632 7061
4656 5408 5560 7040
4656 5455 5597 6956
4656 5560 5840 6608
4656 5632 5694 6682
4656 5900 6020 6088
4656 5976 6012 6020
4720 4730 5694 7520
4720 4730 6170 7044
4720 4776 5408 7760
4720 4780 5694 7470
4720 4780 6120 7044
4720 4807 5000 8137
4720 4919 5694 7331
4720 4960 5052 7932
4720 4960 5560 7424
4720 4960 6384 6600
4720 4970 6390 6584
4720 5000 5560 7384
4720 5000 5834 7110
4720 5000 5900 7044
4720 5052 6390 6502
4720 5208 5736 7000
4720 5408 5736 6800
4720 5632 6088 6224
4720 5637 5785 6522
4720 5736 6088 6120
4720 5762 6012 6170
4730 4919 6020 6995
4730 4960 6390 6584
4730 4970 5859 7105
4730 4970 6170 6794
4730 4970 6224 6740
4730 5000 5455 7479
4730 5052 5762 7120
4730 5052 6088 6794
4730 5208 6224 6502
4730 5455 5900 6579
4730 5632 5694 6608
4730 5752 6012 6170
4730 5834 6012 6088
4776 4780 5208 7900
4776 4807 5976 7105
4776 4807 6020 7061
4776 4807 6502 6579
4776 4919 5173 7796
4776 4919 5455 7514
4776 4919 5785 7184
4776 4919 5859 7110
4776 4919 6100 6869
4776 4919 6120 6849
4776 4919 6224 6745
4776 4919 6390 6579
4776 4960 5408 7520
4776 4960 5597 7331
4776 4960 5972 6956
4776 5000 5208 7680
4776 5000 5408 7480
4776 5000 6088 6800
4776 5208 5560 7120
4776 5408 5752 6728
4776 5694 5736 6458
4776 5736 5762 6390
4776 5900 5976 6012
4780 4807 5208 7869
4780 4807 5597 7480
4780 4807 5972 7105
4780 4970 6120 6794
4780 5000 5840 7044
4780 5052 5408 7424
4780 5052 5632 7200
4780 5052 6224 6608
4780 5208 5632 7044
4780 5408 5736 6740
4780 5455 5560 6869
4780 5560 5834 6490
4780 5560 6100 6224
4780 5597 5785 6502
4780 5632 5762 6490
4780 5694 6020 6170
4780 5752 6012 6120
4780 5900 5972 6012
4807 4960 5173 7724
4807 4970 5408 7479
4807 5000 5752 7105
4807 5173 6100 6584
4807 5315 6020 6522
4807 5455 5900 6502
4807 5455 6012 6390
4807 5637 5762 6458
4807 5637 6100 6120
4807 5785 5972 6100
4919 4960 5315 7470
4919 4960 5785 7000
4919 5052 5173 7520
4919 5052 5632 7061
4919 5173 5972 6600
4919 5315 5972 6458
4919 5408 5597 6740
4919 5455 5560 6730
4919 5455 5900 6390
4919 5455 6120 6170
4919 5637 6020 6088
4919 5736 5785 6224
4919 5785 5840 6120
4960 4970 5694 7040
4960 5000 5976 6728
4960 5000 6120 6584
4960 5052 5173 7479
4960 5455 5859 6390
4960 5632 5972 6100
4960 5694 5840 6170
4970 5000 5694 7000
4970 5000 5900 6794
4970 5000 6012 6682
4970 5052 6120 6522
4970 5208 5637 6849
4970 5560 5632 6502
4970 5694 5900 6100
4970 5834 5840 6020
5000 5052 5632 6980
5000 5052 6012 6600
5000 5315 5859 6490
5000 5632 6012 6020
5000 5736 5840 6088
5000 5752 5900 6012
5000 5785 5859 6020
5052 5173 5694 6745
5052 5208 6020 6384
5052 5736 5900 5976
5052 5752 5840 6020
5173 5315 5597 6579
5173 5408 5859 6224
5173 5637 5834 6020
5173 5694 5785 6012
5208 5632 5736 6088
5315 5597 5632 6120
5315 5637 5736 5976
5408 5637 5785 5834
5455 5560 5637 6012
5597 5637 5694 5736
