62 180 7472 8190
62 211 7711 7920
62 290 6152 9400
62 290 6444 9108
62 316 5534 9992
62 316 6820 8706
62 316 7416 8110
62 540 6020 9282
62 540 6406 8896
62 540 7584 7718
62 588 5534 9720
62 588 6606 8648
62 624 7298 7920
62 625 6028 9189
62 625 6511 8706
62 654 6028 9160
62 690 7533 7619
62 706 6028 9108
62 706 6585 8551
62 706 6606 8530
62 800 5642 9400
62 820 5740 9282
62 820 6710 8312
62 852 5830 9160
62 852 6230 8760
62 852 6678 8312
62 872 6264 8706
62 888 6678 8276
62 888 7236 7718
62 888 7370 7584
62 904 5331 9607
62 904 5830 9108
62 1042 5748 9052
62 1042 6020 8780
62 1042 6152 8648
62 1042 6230 8570
62 1061 5077 9704
62 1061 6230 8551
62 1073 7236 7533
62 1254 6264 8324
62 1254 6821 7767
62 1254 6870 7718
62 1254 6969 7619
62 1262 4700 9880
62 1262 6560 8020
62 1262 6820 7760
62 1290 4560 9992
62 1290 4848 9704
62 1290 4945 9607
62 1290 6834 7718
62 1332 5614 8896
62 1332 7180 7330
62 1347 4888 9607
62 1347 4945 9550
62 1512 5682 8648
62 1558 6264 8020
62 1588 5682 8572
62 1675 4560 9607
62 1675 5519 8648
62 1716 5366 8760
62 1716 6710 7416
62 1744 4990 9108
62 1744 5519 8579
62 1858 6560 7424
62 1900 4542 9400
62 1900 4660 9282
62 2039 5928 7875
62 2039 6834 6969
62 2080 5986 7776
62 2109 4945 8788
62 2163 6710 6969
62 2179 5077 8586
62 2179 5748 7915
62 2192 4100 9550
62 2192 4542 9108
62 2192 5614 8036
62 2294 4440 9108
62 2294 5830 7718
62 2294 6152 7396
62 2294 6678 6870
62 2320 4470 9052
62 2320 6152 7370
62 2340 3662 9840
62 2340 3782 9720
62 2364 5642 7836
62 2450 3552 9840
62 2450 3672 9720
62 2450 6028 7364
62 2460 3390 9992
62 2460 3662 9720
62 2460 4100 9282
62 2460 5532 7850
62 2460 5986 7396
62 2462 4600 8780
62 2462 5620 7760
62 2462 6560 6820
62 2596 4315 8931
62 2596 4660 8586
62 2596 5331 7915
62 2596 5830 7416
62 2602 4440 8800
62 2602 5830 7410
62 2602 6406 6834
62 2690 3672 9480
62 2690 4100 9052
62 2690 4372 8780
62 2690 5077 8075
62 2696 3596 9550
62 2696 4440 8706
62 2696 4560 8586
62 2720 4848 8274
62 2720 6444 6678
62 2810 3152 9880
62 2810 3552 9480
62 2810 3872 9160
62 3056 3066 9720
62 3056 3325 9461
62 3056 5456 7330
62 3066 3276 9500
62 3066 3315 9461
62 3066 4190 8586
62 3066 4500 8276
62 3066 5366 7410
62 3075 3662 9105
62 3136 4631 8075
62 3136 5290 7416
62 3136 6028 6678
62 3152 3662 9028
62 3152 4500 8190
62 3152 5682 7008
62 3250 5584 7008
62 3250 5986 6606
62 3276 4848 7718
62 3276 5366 7200
62 3315 3596 8931
62 3315 3821 8706
62 3315 5519 7008
62 3390 3672 8780
62 3392 3662 8788
62 3392 4600 7850
62 3392 5740 6710
62 3552 3584 8706
62 3552 3849 8441
62 3552 4100 8190
62 3552 4440 7850
62 3552 5456 6834
62 3584 3672 8586
62 3584 3788 8470
62 3584 4848 7410
62 3584 4888 7370
62 3584 6028 6230
62 3596 3776 8470
62 3596 4470 7776
62 3662 5620 6560
62 3662 6028 6152
62 3672 4320 7850
62 3672 4800 7370
62 3672 4990 7180
62 3738 5519 6585
62 3776 4736 7330
62 3782 5830 6230
62 3788 4470 7584
62 3808 4624 7410
62 3808 4736 7298
62 3808 5200 6834
62 3814 4848 7180
62 3814 5584 6444
62 3821 5200 6821
62 3872 4560 7410
62 3872 4600 7370
62 3872 5740 6230
62 3939 5928 5975
62 4100 4372 7370
62 4100 4542 7200
62 4152 4320 7370
62 4190 4372 7280
62 4190 5532 6120
62 4320 4553 6969
62 4320 5258 6264
62 4372 4600 6870
62 4500 4736 6606
62 4560 5534 5748
62 4624 5290 5928
62 4631 4700 6511
62 4700 4736 6406
62 4700 4990 6152
62 4736 5366 5740
62 5186 5200 5456
62 5186 5290 5366
124 180 6120 9480
124 180 6820 8780
124 180 7410 8190
124 211 7533 8036
124 290 6710 8780
124 290 6870 8620
124 316 5584 9880
124 540 5740 9500
124 540 6710 8530
124 588 5200 9992
124 588 5642 9550
124 588 6606 8586
124 588 7416 7776
124 600 6020 9160
124 600 6152 9028
124 600 6560 8620
124 600 6710 8470
124 600 7330 7850
124 624 7236 7920
124 624 7396 7760
124 625 6585 8570
124 625 7041 8114
124 625 7280 7875
124 654 5519 9607
124 654 6230 8896
124 690 6511 8579
124 690 6560 8530
124 690 7330 7760
124 706 7298 7776
124 800 5519 9461
124 800 5928 9052
124 800 6870 8110
124 800 7396 7584
124 820 7200 7760
124 852 7008 7920
124 872 5748 9160
124 872 6120 8788
124 904 6406 8470
124 932 5740 9108
124 1042 5258 9480
124 1042 5456 9282
124 1042 6152 8586
124 1061 5258 9461
124 1061 5614 9105
124 1061 7008 7711
124 1073 5227 9480
124 1254 5366 9160
124 1254 5975 8551
124 1254 6606 7920
124 1290 4990 9500
124 1290 6020 8470
124 1347 4553 9880
124 1512 5620 8648
124 1512 5682 8586
124 1558 6511 7711
124 1588 5620 8572
124 1607 6406 7767
124 1675 4945 9160
124 1675 5077 9028
124 1675 5519 8586
124 1675 6230 7875
124 1716 5534 8530
124 1716 5740 8324
124 1716 6028 8036
124 1858 4315 9607
124 1858 4372 9550
124 1864 4888 9028
124 1864 5642 8274
124 1864 6444 7472
124 1900 6120 7760
124 1940 4440 9400
124 1940 6444 7396
124 1940 6560 7280
124 2109 4271 9400
124 2179 6560 7041
124 2192 3596 9992
124 2192 4560 9028
124 2192 4800 8788
124 2294 3782 9704
124 2320 4190 9270
124 2320 4271 9189
124 2320 4660 8800
124 2320 4700 8760
124 2320 4888 8572
124 2320 4990 8470
124 2320 5186 8274
124 2340 4660 8780
124 2340 6606 6834
124 2364 6020 7396
124 2450 4542 8788
124 2450 4624 8706
124 2450 4800 8530
124 2460 4560 8760
124 2460 4700 8620
124 2460 6120 7200
124 2462 4848 8470
124 2462 6020 7298
124 2514 4560 8706
124 2514 4736 8530
124 2514 4990 8276
124 2514 5682 7584
124 2514 5986 7280
124 2602 5258 7920
124 2690 3250 9840
124 2690 3808 9282
124 2690 4470 8620
124 2690 4560 8530
124 2696 3584 9500
124 2696 3814 9270
124 2696 5366 7718
124 2696 6264 6820
124 2696 6406 6678
124 2720 4164 8896
124 2720 4440 8620
124 2720 4736 8324
124 2733 3939 9108
124 2810 3250 9720
124 2810 4190 8780
124 2810 4440 8530
124 2810 4500 8470
124 3056 3672 9052
124 3056 4152 8572
124 3056 4888 7836
124 3066 3662 9052
124 3066 4440 8274
124 3066 4600 8114
124 3066 5290 7424
124 3066 5534 7180
124 3075 4945 7760
124 3075 6120 6585
124 3091 3584 9105
124 3136 4320 8324
124 3136 4624 8020
124 3152 4553 8075
124 3152 5258 7370
124 3152 5620 7008
124 3250 5200 7330
124 3276 3315 9189
124 3276 5366 7138
124 3387 3814 8579
124 3387 3821 8572
124 3390 4315 8075
124 3390 4470 7920
124 3390 5830 6560
124 3584 3872 8324
124 3584 4800 7396
124 3584 5227 6969
124 3596 3872 8312
124 3596 4164 8020
124 3596 4600 7584
124 3596 5740 6444
124 3662 5077 7041
124 3776 3814 8190
124 3776 5740 6264
124 3782 3808 8190
124 3782 4700 7298
124 3782 4990 7008
124 3808 4500 7472
124 3808 4736 7236
124 3808 5366 6606
124 3814 4190 7776
124 3814 4542 7424
124 3821 3849 8110
124 3821 3939 8020
124 3821 4990 6969
124 3849 4164 7767
124 3872 4190 7718
124 3939 4800 7041
124 4100 4500 7180
124 4100 4542 7138
124 4152 5642 5986
124 4271 5534 5975
124 4315 4631 6834
124 4320 5532 5928
124 4372 4848 6560
124 4440 4470 6870
124 4470 4600 6710
124 4470 5290 6020
124 4500 5532 5748
124 4542 4560 6678
124 4560 4660 6560
124 4560 4990 6230
124 4560 5200 6020
124 4600 4736 6444
124 4660 5290 5830
124 4800 5366 5614
124 4848 5290 5642
124 4990 5258 5532
180 290 6152 9282
180 290 6406 9028
180 290 7584 7850
180 316 5928 9480
180 316 7298 8110
180 316 7533 7875
180 540 7424 7760
180 588 6028 9108
180 588 6585 8551
180 588 6606 8530
180 600 6545 8579
180 600 7364 7760
180 624 5620 9480
180 624 5830 9270
180 624 7180 7920
180 654 5366 9704
180 690 5534 9500
180 690 6710 8324
180 706 5748 9270
180 706 6230 8788
180 800 5642 9282
180 800 6028 8896
180 820 5200 9704
180 852 6560 8312
180 888 6264 8572
180 888 6560 8276
180 888 7364 7472
180 904 6020 8800
180 904 6710 8110
180 904 7236 7584
180 904 7396 7424
180 932 4800 9992
180 932 5331 9461
180 932 5740 9052
180 932 6678 8114
180 1042 6152 8530
180 1042 6406 8276
180 1254 4990 9480
180 1254 5200 9270
180 1254 5682 8788
180 1254 6710 7760
180 1262 4470 9992
180 1262 5682 8780
180 1346 6264 8114
180 1346 7008 7370
180 1512 4372 9840
180 1512 5642 8570
180 1512 5682 8530
180 1558 5366 8800
180 1558 6406 7760
180 1588 4736 9400
180 1607 5186 8931
180 1607 6406 7711
180 1675 5519 8530
180 1675 7008 7041
180 1716 4848 9160
180 1716 5077 8931
180 1716 6678 7330
180 1716 6710 7298
180 1716 6870 7138
180 1744 4100 9880
180 1744 4500 9480
180 1744 5200 8780
180 1858 5830 8036
180 1864 4700 9160
180 1864 5290 8570
180 1864 5584 8276
180 1864 6444 7416
180 1900 4542 9282
180 1940 4624 9160
180 1940 4888 8896
180 1940 5748 8036
180 2039 6152 7533
180 2080 4164 9480
180 2080 5534 8110
180 2080 6444 7200
180 2109 5740 7875
180 2163 4100 9461
180 2163 4372 9189
180 2163 6028 7533
180 2179 4440 9105
180 2192 4372 9160
180 2192 5258 8274
180 2192 5682 7850
180 2294 6020 7410
180 2294 6230 7200
180 2294 6560 6870
180 2320 4624 8780
180 2320 5290 8114
180 2340 3392 9992
180 2340 4624 8760
180 2340 4736 8648
180 2340 5534 7850
180 2340 6020 7364
180 2364 4560 8800
180 2364 4600 8760
180 2364 5584 7776
180 2364 5642 7718
180 2460 4990 8274
180 2460 6028 7236
180 2460 6444 6820
180 2462 3782 9480
180 2514 4624 8586
180 2514 4631 8579
180 2514 5290 7920
180 2596 3136 9992
180 2596 3939 9189
180 2596 4100 9028
180 2596 4542 8586
180 2596 5830 7298
180 2596 5928 7200
180 2596 6120 7008
180 2602 4848 8274
180 2602 6444 6678
180 2690 5258 7776
180 2696 5748 7280
180 2696 6020 7008
180 2720 5532 7472
180 2720 6444 6560
180 2733 3939 9052
180 2733 4440 8551
180 2733 5519 7472
180 2733 6406 6585
180 2810 4800 8114
180 2810 5584 7330
180 3056 5258 7410
180 3066 5186 7472
180 3075 3849 8800
180 3136 3788 8800
180 3136 3808 8780
180 3136 5258 7330
180 3136 5290 7298
180 3136 6028 6560
180 3152 4736 7836
180 3250 4624 7850
180 3276 3552 8896
180 3276 5614 6834
180 3315 3939 8470
180 3390 5928 6406
180 3392 3552 8780
180 3552 4152 8020
180 3552 4553 7619
180 3552 4700 7472
180 3552 6020 6152
180 3584 5534 6606
180 3584 6020 6120
180 3596 4848 7280
180 3596 4990 7138
180 3596 5258 6870
180 3662 3738 8324
180 3662 3788 8274
180 3662 3872 8190
180 3662 5456 6606
180 3672 3776 8276
180 3738 3872 8114
180 3738 4315 7671
180 3738 4848 7138
180 3738 4945 7041
180 3776 5928 6020
180 3782 4271 7671
180 3782 4470 7472
180 3788 4100 7836
180 3788 4700 7236
180 3788 4736 7200
180 3788 5258 6678
180 3808 4500 7416
180 3808 4736 7180
180 3808 5331 6585
180 3814 4500 7410
180 3814 5200 6710
180 3821 5928 5975
180 3849 4164 7711
180 3849 5290 6585
180 3939 5200 6585
180 4100 4152 7472
180 4152 4372 7200
180 4164 4190 7370
180 4164 5532 6028
180 4190 4700 6834
180 4271 4315 7138
180 4315 4440 6969
180 4372 5200 6152
180 4372 5366 5986
180 4470 4848 6406
180 4470 4990 6264
180 4553 4660 6511
180 4660 4800 6264
180 4736 5456 5532
180 4990 5200 5534
211 624 5077 9992
211 624 5519 9550
211 675 5748 9270
211 675 6230 8788
211 690 5975 9028
211 690 7236 7767
211 852 6821 8020
211 872 6545 8276
211 888 6969 7836
211 904 5519 9270
211 932 5830 8931
211 1061 7236 7396
211 1073 6545 8075
211 1254 5331 9108
211 1254 6820 7619
211 1262 6511 7920
211 1290 6870 7533
211 1332 6511 7850
211 1332 6585 7776
211 1346 5077 9270
211 1346 6511 7836
211 1347 5186 9160
211 1512 4631 9550
211 1512 5740 8441
211 1558 5584 8551
211 1588 4945 9160
211 1588 5077 9028
211 1588 5519 8586
211 1588 6230 7875
211 1675 4736 9282
211 1675 4990 9028
211 1675 5258 8760
211 1716 6444 7533
211 1716 6969 7008
211 1744 6585 7364
211 1858 4553 9282
211 1864 6821 7008
211 1900 5519 8274
211 1940 5986 7767
211 2039 3662 9992
211 2039 3814 9840
211 2039 4372 9282
211 2039 6230 7424
211 2039 6820 6834
211 2080 4152 9461
211 2109 5748 7836
211 2163 6120 7410
211 2163 6710 6820
211 2179 6545 6969
211 2192 5227 8274
211 2192 5830 7671
211 2294 3849 9550
211 2294 4848 8551
211 2294 5975 7424
211 2340 4164 9189
211 2340 4553 8800
211 2340 5077 8276
211 2340 5642 7711
211 2340 5682 7671
211 2364 3849 9480
211 2364 4888 8441
211 2450 3782 9461
211 2450 5532 7711
211 2460 5614 7619
211 2460 6264 6969
211 2514 4600 8579
211 2596 5077 8020
211 2602 3387 9704
211 2602 3821 9270
211 2602 5331 7760
211 2690 3814 9189
211 2690 5227 7776
211 2696 3390 9607
211 2696 3808 9189
211 2696 5077 7920
211 2696 6028 6969
211 2720 6152 6821
211 2733 5200 7760
211 2810 3276 9607
211 2810 5519 7364
211 3056 3849 8788
211 3056 5227 7410
211 3066 4315 8312
211 3075 5748 6870
211 3091 3814 8788
211 3091 5186 7416
211 3091 5366 7236
211 3136 5227 7330
211 3152 4100 8441
211 3276 4542 7875
211 3276 4945 7472
211 3315 3672 8706
211 3315 3808 8570
211 3315 4542 7836
211 3315 4660 7718
211 3325 3662 8706
211 3325 3782 8586
211 3325 5534 6834
211 3387 3776 8530
211 3387 4470 7836
211 3552 4470 7671
211 3596 3821 8276
211 3596 5227 6870
211 3662 4271 7760
211 3662 4320 7711
211 3662 4990 7041
211 3672 5200 6821
211 3776 4553 7364
211 3782 4631 7280
211 3782 5077 6834
211 3782 5366 6545
211 3788 4372 7533
211 3788 5227 6678
211 3808 3849 8036
211 3821 4542 7330
211 3821 5642 6230
211 3849 4372 7472
211 3849 5614 6230
211 4100 4624 6969
211 4152 4500 7041
211 4164 4560 6969
211 4271 5682 5740
211 4315 4700 6678
211 4315 5258 6120
211 4320 4553 6820
211 4372 4500 6821
211 4372 4736 6585
211 4560 5519 5614
290 316 5748 9550
290 316 6028 9270
290 316 6678 8620
290 540 7298 7776
290 588 5186 9840
290 588 6406 8620
290 588 6585 8441
290 600 5534 9480
290 600 5614 9400
290 600 5986 9028
290 600 6444 8570
290 624 5830 9160
290 624 6230 8760
290 624 6678 8312
290 625 6969 8020
290 625 7370 7619
290 654 7200 7760
290 690 5642 9282
290 690 6028 8896
290 706 5748 9160
290 706 6120 8788
290 800 5532 9282
290 820 6264 8530
290 820 7370 7424
290 888 5456 9270
290 888 5830 8896
290 888 6020 8706
290 888 7008 7718
290 888 7330 7396
290 904 4990 9720
290 904 5682 9028
290 932 6152 8530
290 932 6406 8276
290 1042 5290 9282
290 1042 5986 8586
290 1061 6678 7875
290 1061 6969 7584
290 1073 6870 7671
290 1073 7008 7533
290 1254 5200 9160
290 1254 5740 8620
290 1254 5830 8530
290 1262 5456 8896
290 1262 6028 8324
290 1262 6585 7767
290 1290 6606 7718
290 1346 5620 8648
290 1346 5682 8586
290 1347 4660 9607
290 1347 6969 7298
290 1512 5532 8570
290 1512 6678 7424
290 1558 6020 8036
290 1558 6820 7236
290 1588 5456 8570
290 1607 5227 8780
290 1607 5456 8551
290 1675 6406 7533
290 1744 4320 9550
290 1744 4470 9400
290 1744 4600 9270
290 1744 6020 7850
290 1744 6152 7718
290 1858 5186 8570
290 1858 5642 8114
290 1864 4990 8760
290 1864 5830 7920
290 1900 4164 9550
290 1940 6264 7410
290 2039 4470 9105
290 2039 6606 6969
290 2080 3814 9720
290 2080 5258 8276
290 2080 5614 7920
290 2163 5740 7711
290 2192 3872 9550
290 2192 4152 9270
290 2294 4560 8760
290 2294 4700 8620
290 2294 6120 7200
290 2320 3814 9480
290 2320 5258 8036
290 2320 5534 7760
290 2364 4470 8780
290 2364 5532 7718
290 2450 4888 8276
290 2450 5740 7424
290 2450 5748 7416
290 2450 5928 7236
290 2460 3872 9282
290 2460 4624 8530
290 2460 5682 7472
290 2460 6444 6710
290 2462 3672 9480
290 2462 4100 9052
290 2462 4372 8780
290 2462 5077 8075
290 2514 4320 8780
290 2514 4990 8110
290 2514 6230 6870
290 2596 5258 7760
290 2602 4440 8572
290 2602 4542 8470
290 2602 4700 8312
290 2602 4736 8276
290 2602 5642 7370
290 2602 5682 7330
290 2602 6406 6606
290 2690 3872 9052
290 2690 4164 8760
290 2690 4600 8324
290 2690 4888 8036
290 2696 5200 7718
290 2696 5620 7298
290 2696 5682 7236
290 2720 4315 8579
290 2720 5614 7280
290 2733 3776 9105
290 2733 4440 8441
290 2810 3776 9028
290 3056 3276 9282
290 3056 3662 8896
290 3056 6152 6406
290 3066 3788 8760
290 3075 4624 7915
290 3075 6028 6511
290 3091 4990 7533
290 3136 4945 7533
290 3152 3662 8800
290 3152 3814 8648
290 3152 4542 7920
290 3152 4990 7472
290 3152 5642 6820
290 3250 3584 8780
290 3276 3808 8530
290 3276 5200 7138
290 3315 5258 7041
290 3325 3738 8551
290 3387 4152 8075
290 3387 5186 7041
290 3387 5258 6969
290 3387 5642 6585
290 3387 5682 6545
290 3390 4553 7671
290 3390 4800 7424
290 3392 4372 7850
290 3552 3738 8324
290 3552 3788 8274
290 3552 3872 8190
290 3552 5456 6606
290 3584 4660 7370
290 3584 4700 7330
290 3584 5519 6511
290 3662 4542 7410
290 3672 4271 7671
290 3672 4470 7472
290 3738 4100 7776
290 3738 5331 6545
290 3776 4700 7138
290 3808 5200 6606
290 3814 4470 7330
290 3814 4600 7200
290 3849 4945 6820
290 3872 4372 7370
290 3872 4542 7200
290 4152 4164 7298
290 4152 5534 5928
290 4164 5186 6264
290 4164 5620 5830
290 4320 4888 6406
290 4320 5366 5928
290 4440 5532 5642
290 4470 4700 6444
290 4500 5186 5928
290 4500 5366 5748
290 4624 5456 5534
290 4736 5258 5620
290 4800 5200 5614
290 4990 5258 5366
316 540 6020 9028
316 540 6152 8896
316 540 7330 7718
316 588 7416 7584
316 600 7138 7850
316 624 5682 9282
316 654 5534 9400
316 654 6820 8114
316 690 7138 7760
316 690 7180 7718
316 706 5830 9052
316 706 5986 8896
316 706 6606 8276
316 706 7298 7584
316 706 7410 7472
316 800 6028 8760
316 800 6678 8110
316 800 7364 7424
316 820 4888 9880
316 820 5740 9028
316 820 6120 8648
316 820 6444 8324
316 820 7008 7760
316 852 5186 9550
316 852 6821 7915
316 852 6969 7767
316 872 5928 8788
316 872 6606 8110
316 888 5200 9500
316 888 6230 8470
316 888 7330 7370
316 904 5077 9607
316 904 6834 7850
316 932 6820 7836
316 1042 6710 7836
316 1073 5584 8931
316 1254 5534 8800
316 1254 5748 8586
316 1262 5620 8706
316 1262 5740 8586
316 1262 6406 7920
316 1290 5986 8312
316 1332 5456 8800
316 1332 6406 7850
316 1332 6545 7711
316 1332 6585 7671
316 1346 6406 7836
316 1347 7041 7200
316 1512 4372 9704
316 1512 5456 8620
316 1558 4190 9840
316 1558 6606 7424
316 1588 4500 9500
316 1588 4600 9400
316 1588 5200 8800
316 1588 6820 7180
316 1607 6585 7396
316 1675 4631 9282
316 1716 4152 9720
316 1716 4372 9500
316 1716 5682 8190
316 1744 4736 9108
316 1744 5258 8586
316 1744 5532 8312
316 1858 3738 9992
316 1858 5200 8530
316 1858 5456 8274
316 1858 5620 8110
316 1864 5534 8190
316 1864 5614 8110
316 1864 6444 7280
316 1900 3808 9880
316 1900 4660 9028
316 1900 4888 8800
316 1900 5928 7760
316 1900 6264 7424
316 1940 3808 9840
316 1940 4848 8800
316 1940 4888 8760
316 1940 5534 8114
316 2080 3788 9720
316 2080 4888 8620
316 2080 5748 7760
316 2080 5975 7533
316 2109 3872 9607
316 2163 4320 9105
316 2179 5534 7875
316 2179 5642 7767
316 2192 4500 8896
316 2192 5620 7776
316 2192 5986 7410
316 2294 3814 9480
316 2294 5258 8036
316 2294 5534 7760
316 2320 3276 9992
316 2320 3788 9480
316 2320 4372 8896
316 2340 4542 8706
316 2340 4600 8648
316 2450 3738 9400
316 2450 5519 7619
316 2460 3136 9992
316 2460 3939 9189
316 2460 4100 9028
316 2460 4542 8586
316 2460 5830 7298
316 2460 5928 7200
316 2460 6120 7008
316 2462 5290 7836
316 2462 5366 7760
316 2514 4800 8274
316 2596 3152 9840
316 2596 4372 8620
316 2596 5077 7915
316 2602 6152 6834
316 2690 3738 9160
316 2690 4624 8274
316 2690 5227 7671
316 2690 5534 7364
316 2690 6028 6870
316 2696 3392 9500
316 2696 4320 8572
316 2720 4848 8020
316 3056 3250 9282
316 3075 5928 6585
316 3091 3392 9105
316 3091 3849 8648
316 3091 5456 7041
316 3091 5986 6511
316 3136 3672 8780
316 3152 3276 9160
316 3152 3788 8648
316 3152 4600 7836
316 3152 4660 7776
316 3152 5200 7236
316 3152 5830 6606
316 3250 3808 8530
316 3250 5200 7138
316 3276 3552 8760
316 3276 3782 8530
316 3276 4888 7424
316 3325 3939 8324
316 3387 5331 6870
316 3392 3872 8324
316 3392 4800 7396
316 3392 5227 6969
316 3552 4800 7236
316 3584 3814 8190
316 3584 5740 6264
316 3662 5366 6560
316 3672 4500 7416
316 3672 4736 7180
316 3672 5331 6585
316 3738 3814 8036
316 3738 4440 7410
316 3738 5290 6560
316 3738 5620 6230
316 3738 5830 6020
316 3776 5227 6585
316 3782 5200 6606
316 3788 4470 7330
316 3788 4600 7200
316 3808 4500 7280
316 3808 4600 7180
316 3814 4190 7584
316 3849 4315 7424
316 3872 4320 7396
316 4100 4190 7298
316 4100 5258 6230
316 4100 5740 5748
316 4271 5331 5986
316 4372 4631 6585
316 4372 5534 5682
316 4440 4470 6678
316 4440 4542 6606
316 4440 5534 5614
316 4470 4888 6230
316 4470 5534 5584
316 4500 5258 5830
316 4600 5456 5532
316 4624 4700 6264
316 4700 4736 6152
540 588 5748 9028
540 600 7180 7584
540 624 6120 8620
540 624 6820 7920
540 624 7330 7410
540 654 4990 9720
540 654 5682 9028
540 675 5584 9105
540 690 6560 8114
540 706 5258 9400
540 800 5456 9108
540 800 7200 7364
540 820 7180 7364
540 872 4500 9992
540 872 6821 7671
540 888 6152 8324
540 904 6545 7915
540 904 6585 7875
540 904 7180 7280
540 932 4440 9992
540 932 6120 8312
540 932 7008 7424
540 1042 5534 8788
540 1061 6585 7718
540 1073 5186 9105
540 1073 5740 8551
540 1254 4560 9550
540 1262 5532 8570
540 1262 6678 7424
540 1290 6678 7396
540 1290 6710 7364
540 1332 4152 9880
540 1332 6560 7472
540 1346 4736 9282
540 1346 4990 9028
540 1346 5258 8760
540 1347 6545 7472
540 1512 4372 9480
540 1512 4800 9052
540 1558 3814 9992
540 1558 5186 8620
540 1558 5227 8579
540 1558 5532 8274
540 1558 6606 7200
540 1588 4315 9461
540 1588 5740 8036
540 1588 6406 7370
540 1607 5227 8530
540 1607 5682 8075
540 1675 3849 9840
540 1675 4500 9189
540 1675 5614 8075
540 1716 3808 9840
540 1716 4848 8800
540 1716 4888 8760
540 1716 5534 8114
540 1744 5584 8036
540 1858 4800 8706
540 1864 4100 9400
540 1864 4700 8800
540 1864 5740 7760
540 1864 6028 7472
540 1864 6264 7236
540 1900 3584 9880
540 1900 5614 7850
540 1900 6264 7200
540 1940 3584 9840
540 1940 4372 9052
540 1940 4624 8800
540 1940 6028 7396
540 2039 5614 7711
540 2080 5986 7298
540 2080 6606 6678
540 2109 5584 7671
540 2109 5975 7280
540 2109 6545 6710
540 2163 4553 8648
540 2163 4631 8570
540 2192 3672 9500
540 2192 4372 8800
540 2192 4600 8572
540 2192 4848 8324
540 2192 5748 7424
540 2294 3788 9282
540 2294 4500 8570
540 2294 4600 8470
540 2294 5740 7330
540 2320 3939 9105
540 2320 5620 7424
540 2340 4700 8324
540 2340 5614 7410
540 2364 4470 8530
540 2364 5584 7416
540 2450 4800 8114
540 2450 5584 7330
540 2460 5186 7718
540 2460 5534 7370
540 2462 4372 8530
540 2462 5532 7370
540 2514 4271 8579
540 2514 4320 8530
540 2514 4660 8190
540 2514 4736 8114
540 2514 5614 7236
540 2514 6406 6444
540 2596 3872 8896
540 2596 4848 7920
540 2596 5532 7236
540 2602 4190 8572
540 2602 5290 7472
540 2602 5366 7396
540 2602 5928 6834
540 2690 3392 9282
540 2690 4560 8114
540 2690 5258 7416
540 2690 6230 6444
540 2696 5258 7410
540 2720 4320 8324
540 2720 4624 8020
540 2733 4190 8441
540 2733 6120 6511
540 2810 4440 8114
540 3056 3738 8570
540 3056 5748 6560
540 3066 4888 7410
540 3066 5290 7008
540 3066 5620 6678
540 3075 3738 8551
540 3152 4848 7364
540 3152 5534 6678
540 3250 3584 8530
540 3276 3776 8312
540 3276 3814 8274
540 3276 4888 7200
540 3276 5682 6406
540 3315 3939 8110
540 3325 3849 8190
540 3325 4164 7875
540 3387 4553 7424
540 3390 3662 8312
540 3392 3782 8190
540 3392 4500 7472
540 3392 4736 7236
540 3392 5366 6606
540 3552 3776 8036
540 3552 5227 6585
540 3584 4500 7280
540 3584 4600 7180
540 3596 4372 7396
540 3596 4470 7298
540 3596 5740 6028
540 3596 5748 6020
540 3662 3782 7920
540 3662 4372 7330
540 3662 5258 6444
540 3662 5682 6020
540 3738 3776 7850
540 3776 3821 7767
540 3776 4164 7424
540 3776 5077 6511
540 3788 4152 7424
540 3788 5456 6120
540 3808 4320 7236
540 3808 4736 6820
540 3814 4542 7008
540 3814 4990 6560
540 3821 3872 7671
540 3849 4315 7200
540 4190 5532 5642
540 4320 4600 6444
540 4440 4660 6264
540 4500 4600 6264
540 4542 5290 5532
540 4542 5366 5456
540 4553 5227 5584
540 4600 4736 6028
540 4700 4736 5928
540 4736 4888 5740
540 4888 5186 5290
588 600 5928 8788
588 600 6606 8110
588 624 4700 9992
588 624 5532 9160
588 624 5584 9108
588 624 5986 8706
588 624 6120 8572
588 654 7298 7364
588 690 6606 8020
588 706 5830 8780
588 706 6834 7776
588 706 7138 7472
588 706 7200 7410
588 706 7280 7330
588 800 5620 8896
588 800 5986 8530
588 800 6406 8110
588 800 7236 7280
588 852 4624 9840
588 852 6152 8312
588 852 6444 8020
588 872 6120 8324
588 888 5532 8896
588 888 6152 8276
588 888 6710 7718
588 932 5584 8800
588 1061 5227 9028
588 1073 6710 7533
588 1254 5532 8530
588 1262 5584 8470
588 1290 5456 8570
588 1332 6560 7424
588 1346 4470 9500
588 1346 4700 9270
588 1346 6120 7850
588 1346 6560 7410
588 1346 6606 7364
588 1347 6545 7424
588 1512 4100 9704
588 1512 5614 8190
588 1512 6028 7776
588 1558 5186 8572
588 1588 4700 9028
588 1588 5258 8470
588 1588 5614 8114
588 1607 5519 8190
588 1675 5200 8441
588 1675 6820 6821
588 1716 4100 9500
588 1716 4440 9160
588 1716 4800 8800
588 1716 6230 7370
588 1858 3738 9720
588 1858 4888 8570
588 1858 5682 7776
588 1858 5740 7718
588 1858 5986 7472
588 1864 5532 7920
588 1864 6028 7424
588 1864 6444 7008
588 1900 6020 7396
588 1940 3672 9704
588 1940 4271 9105
588 1940 5186 8190
588 1940 5456 7920
588 2080 5200 8036
588 2163 5534 7619
588 2163 5620 7533
588 2192 4800 8324
588 2192 4848 8276
588 2192 5986 7138
588 2294 5186 7836
588 2294 6152 6870
588 2320 3276 9720
588 2320 3596 9400
588 2320 4100 8896
588 2340 3136 9840
588 2340 4700 8276
588 2340 5200 7776
588 2340 5258 7718
588 2340 5740 7236
588 2364 3552 9400
588 2364 4152 8800
588 2364 4164 8788
588 2364 5077 7875
588 2450 3584 9282
588 2450 3596 9270
588 2450 3814 9052
588 2450 4315 8551
588 2450 4542 8324
588 2450 5456 7410
588 2460 3136 9720
588 2460 3152 9704
588 2460 5620 7236
588 2460 5986 6870
588 2462 3584 9270
588 2462 4542 8312
588 2462 6020 6834
588 2514 2810 9992
588 2596 4100 8620
588 2596 4190 8530
588 2596 4700 8020
588 2596 4800 7920
588 2602 3662 9052
588 2602 4440 8274
588 2602 4600 8114
588 2602 5290 7424
588 2602 5534 7180
588 2690 6020 6606
588 2696 4600 8020
588 2696 4700 7920
588 2696 5290 7330
588 2720 3808 8788
588 2720 4320 8276
588 2720 4560 8036
588 2720 5186 7410
588 2720 5200 7396
588 2720 6152 6444
588 2733 4271 8312
588 2733 5614 6969
588 2810 4470 8036
588 2810 4631 7875
588 3056 3152 9108
588 3056 4500 7760
588 3056 4542 7718
588 3066 4631 7619
588 3066 5986 6264
588 3066 6020 6230
588 3075 3136 9105
588 3075 3662 8579
588 3075 5200 7041
588 3091 4945 7280
588 3136 3152 9028
588 3136 3392 8788
588 3136 5620 6560
588 3136 6028 6152
588 3152 4631 7533
588 3152 4800 7364
588 3250 3596 8470
588 3250 4736 7330
588 3276 3392 8648
588 3276 4190 7850
588 3276 4624 7416
588 3315 4631 7370
588 3315 5456 6545
588 3325 4320 7671
588 3325 4372 7619
588 3387 4631 7298
588 3387 4888 7041
588 3390 5366 6560
588 3392 3814 8110
588 3392 3849 8075
588 3392 4164 7760
588 3392 4500 7424
588 3392 4560 7364
588 3552 3849 7915
588 3552 5534 6230
588 3596 4440 7280
588 3596 5456 6264
588 3662 5534 6120
588 3672 3808 7836
588 3672 5200 6444
588 3738 4440 7138
588 3738 5748 5830
588 3782 4164 7370
588 3782 4700 6834
588 3788 4164 7364
588 3808 4500 7008
588 3821 4315 7180
588 3872 4164 7280
588 3872 4624 6820
588 3872 5614 5830
588 4100 4631 6585
588 4100 5534 5682
588 4164 4888 6264
588 4164 5532 5620
588 4271 4500 6545
588 4372 4500 6444
588 4440 4470 6406
588 4440 4848 6028
588 4500 4888 5928
588 4560 4736 6020
588 4631 4945 5740
588 4660 5200 5456
588 4660 5290 5366
600 624 4800 9880
600 624 5200 9480
600 624 6406 8274
600 624 6969 7711
600 625 5519 9160
600 625 5748 8931
600 625 7008 7671
600 654 6120 8530
600 654 7280 7370
600 690 6028 8586
600 706 6028 8570
600 706 6678 7920
600 800 4624 9880
600 800 4800 9704
600 800 6230 8274
600 820 5456 9028
600 872 4440 9992
600 872 6120 8312
600 872 7008 7424
600 888 5227 9189
600 888 5830 8586
600 888 5975 8441
600 888 7180 7236
600 904 4560 9840
600 904 5620 8780
600 904 5830 8570
600 932 5584 8788
600 932 7008 7364
600 1042 4542 9720
600 1042 5331 8931
600 1042 5366 8896
600 1042 5614 8648
600 1042 5642 8620
600 1042 5986 8276
600 1042 6152 8110
600 1042 6678 7584
600 1061 6710 7533
600 1073 4624 9607
600 1073 6560 7671
600 1073 6821 7410
600 1254 4500 9550
600 1254 4945 9105
600 1254 5290 8760
600 1254 5975 8075
600 1254 6870 7180
600 1262 4542 9500
600 1262 4990 9052
600 1262 5456 8586
600 1262 5928 8114
600 1262 6678 7364
600 1290 4553 9461
600 1290 5366 8648
600 1290 5740 8274
600 1290 6834 7180
600 1332 6834 7138
600 1346 5682 8276
600 1346 6678 7280
600 1346 6820 7138
600 1512 5682 8110
600 1558 5986 7760
600 1558 6028 7718
600 1588 5186 8530
600 1607 5077 8620
600 1607 5227 8470
600 1607 5986 7711
600 1675 4440 9189
600 1675 5519 8110
600 1716 3596 9992
600 1716 4560 9028
600 1716 4800 8788
600 1744 4800 8760
600 1744 4990 8570
600 1744 6230 7330
600 1858 4164 9282
600 1864 4660 8780
600 1864 6606 6834
600 1900 4624 8780
600 1900 5290 8114
600 1940 3814 9550
600 2039 6444 6821
600 2109 3315 9880
600 2163 4700 8441
600 2179 4553 8572
600 2192 3392 9720
600 2192 4542 8570
600 2192 4800 8312
600 2192 5748 7364
600 2294 3821 9189
600 2294 4440 8570
600 2294 4736 8274
600 2294 4990 8020
600 2294 5614 7396
600 2294 5830 7180
600 2320 3584 9400
600 2320 4660 8324
600 2320 5614 7370
600 2320 5620 7364
600 2320 5748 7236
600 2340 4164 8800
600 2364 3390 9550
600 2364 4152 8788
600 2364 4320 8620
600 2364 4470 8470
600 2364 5642 7298
600 2364 5740 7200
600 2364 6120 6820
600 2364 6230 6710
600 2450 3584 9270
600 2450 4542 8312
600 2450 6020 6834
600 2460 5077 7767
600 2462 3814 9028
600 2462 4372 8470
600 2462 5258 7584
600 2462 5642 7200
600 2514 3390 9400
600 2514 3738 9052
600 2514 4320 8470
600 2514 4600 8190
600 2514 5366 7424
600 2514 6230 6560
600 2596 4990 7718
600 2596 6264 6444
600 2602 3152 9550
600 2690 3814 8800
600 2690 4500 8114
600 2696 3808 8800
600 2696 4848 7760
600 2720 4470 8114
600 2733 3091 9480
600 2733 5986 6585
600 2810 3788 8706
600 2810 5258 7236
600 2810 6230 6264
600 3056 3662 8586
600 3056 5642 6606
600 3075 3788 8441
600 3075 5519 6710
600 3091 3662 8551
600 3091 3939 8274
600 3091 4542 7671
600 3136 3596 8572
600 3136 4888 7280
600 3152 3392 8760
600 3152 4736 7416
600 3152 5331 6821
600 3250 3584 8470
600 3250 4470 7584
600 3276 4848 7180
600 3276 5584 6444
600 3315 4271 7718
600 3387 4553 7364
600 3390 4945 6969
600 3390 5928 5986
600 3392 4152 7760
600 3392 4440 7472
600 3392 4542 7370
600 3392 5682 6230
600 3584 4440 7280
600 3584 5456 6264
600 3596 3672 8036
600 3596 3788 7920
600 3596 3872 7836
600 3596 4700 7008
600 3596 4888 6820
600 3662 5614 6028
600 3672 3782 7850
600 3672 3872 7760
600 3672 4624 7008
600 3738 4888 6678
600 3776 4164 7364
600 3782 4152 7370
600 3782 4553 6969
600 3782 5258 6264
600 3788 4100 7416
600 3788 4152 7364
600 3808 4100 7396
600 3814 4945 6545
600 3821 5077 6406
600 3821 5331 6152
600 3872 4152 7280
600 4100 5456 5748
600 4100 5584 5620
600 4152 4888 6264
600 4152 5532 5620
600 4164 4320 6820
600 4190 5186 5928
600 4190 5366 5748
600 4372 5290 5642
600 4440 4600 6264
600 4470 4848 5986
600 4553 4631 6120
600 4560 4624 6120
600 4624 4660 6020
600 4700 4990 5614
624 625 6545 8110
624 654 6606 8020
624 675 6585 8020
624 690 5830 8760
624 690 6020 8570
624 690 6120 8470
624 690 7180 7410
624 706 7041 7533
624 800 4600 9880
624 800 5584 8896
624 800 6444 8036
624 800 6560 7920
624 800 7008 7472
624 800 7200 7280
624 820 6545 7915
624 820 6585 7875
624 820 7180 7280
624 852 5532 8896
624 852 6152 8276
624 852 6710 7718
624 872 5620 8788
624 932 4848 9500
624 932 5642 8706
624 1042 4631 9607
624 1042 5186 9052
624 1042 5532 8706
624 1073 4600 9607
624 1254 5456 8570
624 1262 4736 9282
624 1262 4990 9028
624 1262 5258 8760
624 1290 4440 9550
624 1290 6230 7760
624 1290 6406 7584
624 1290 6710 7280
624 1332 5928 8020
624 1332 6028 7920
624 1332 6230 7718
624 1347 5227 8706
624 1512 3776 9992
624 1512 4660 9108
624 1512 5456 8312
624 1512 5748 8020
624 1558 4440 9282
624 1558 5532 8190
624 1675 4500 9105
624 1675 4553 9052
624 1675 5331 8274
624 1675 5986 7619
624 1716 4164 9400
624 1716 5290 8274
624 1744 4736 8800
624 1744 4888 8648
624 1744 6120 7416
624 1858 3872 9550
624 1858 4152 9270
624 1864 6020 7396
624 1900 4600 8780
624 1900 5620 7760
624 1900 6560 6820
624 1940 4560 8780
624 2039 4800 8441
624 2039 5366 7875
624 2080 4440 8760
624 2080 4888 8312
624 2080 5830 7370
624 2080 6020 7180
624 2163 5584 7533
624 2163 6511 6606
624 2179 4631 8470
624 2179 4660 8441
624 2179 5186 7915
624 2192 4440 8648
624 2294 6152 6834
624 2320 5200 7760
624 2340 3390 9550
624 2340 4152 8788
624 2340 4320 8620
624 2340 4470 8470
624 2340 5642 7298
624 2340 5740 7200
624 2340 6120 6820
624 2340 6230 6710
624 2364 3808 9108
624 2450 5532 7298
624 2450 6120 6710
624 2450 6152 6678
624 2460 4800 8020
624 2460 4945 7875
624 2460 5456 7364
624 2460 5584 7236
624 2460 5620 7200
624 2460 5682 7138
624 2460 5986 6834
624 2462 4542 8276
624 2514 3738 9028
624 2514 4990 7776
624 2596 3788 8896
624 2596 4372 8312
624 2596 4848 7836
624 2602 3782 8896
624 2696 4470 8114
624 2720 4800 7760
624 2720 5519 7041
624 2720 5740 6820
624 2720 5975 6585
624 2733 3387 9160
624 2733 4271 8276
624 2810 5290 7180
624 3056 4553 7671
624 3056 4800 7424
624 3066 4100 8114
624 3075 5620 6585
624 3075 5975 6230
624 3136 4560 7584
624 3136 5584 6560
624 3152 4848 7280
624 3152 4990 7138
624 3152 5258 6870
624 3250 4660 7370
624 3250 4700 7330
624 3250 5519 6511
624 3276 3814 8190
624 3276 5740 6264
624 3390 3776 8114
624 3390 4271 7619
624 3390 4560 7330
624 3552 3808 7920
624 3584 3776 7920
624 3584 3821 7875
624 3584 5290 6406
624 3596 4100 7584
624 3596 4320 7364
624 3596 5532 6152
624 3662 3782 7836
624 3662 4320 7298
624 3672 4372 7236
624 3672 4470 7138
624 3672 4600 7008
624 3672 5456 6152
624 3738 3782 7760
624 3738 5614 5928
624 3788 3821 7671
624 3808 3939 7533
624 3808 5642 5830
624 3849 5456 5975
624 3872 4848 6560
624 3939 4372 6969
624 3939 4631 6710
624 3939 5077 6264
624 3939 5366 5975
624 4100 4470 6710
624 4100 4736 6444
624 4152 5200 5928
624 4164 5532 5584
624 4315 4945 6020
624 4315 4990 5975
624 4372 4888 6020
624 4500 4660 6120
624 4542 4990 5748
624 4560 4600 6120
624 4560 4700 6020
624 4560 5186 5534
624 4600 4660 6020
624 4624 5200 5456
624 4624 5290 5366
624 4945 5077 5258
625 654 6511 8114
625 654 6710 7915
625 654 7041 7584
625 675 7180 7424
625 706 5642 8931
625 800 5290 9189
625 800 5928 8551
625 852 5986 8441
625 872 4800 9607
625 904 5186 9189
625 932 5077 9270
625 932 6511 7836
625 1042 5077 9160
625 1042 6821 7416
625 1061 5748 8470
625 1061 6028 8190
625 1073 5620 8586
625 1254 5584 8441
625 1254 6406 7619
625 1262 6545 7472
625 1290 4800 9189
625 1290 5519 8470
625 1346 5227 8706
625 1347 5620 8312
625 1588 6020 7671
625 1588 6511 7180
625 1588 6821 6870
625 1675 5584 8020
625 1675 6020 7584
625 1744 5620 7915
625 1858 3814 9607
625 1864 3808 9607
625 1864 4945 8470
625 1864 6545 6870
625 1900 3387 9992
625 1900 4190 9189
625 1900 4271 9108
625 1900 4800 8579
625 1900 6545 6834
625 1940 3939 9400
625 1940 5975 7364
625 2039 4440 8800
625 2039 5830 7410
625 2039 6406 6834
625 2080 3738 9461
625 2080 6230 6969
625 2109 4600 8570
625 2109 4700 8470
625 2163 3276 9840
625 2163 5532 7584
625 2163 6406 6710
625 2179 4320 8780
625 2179 4990 8110
625 2179 6230 6870
625 2294 5366 7619
625 2364 3075 9840
625 2364 5331 7584
625 2364 5519 7396
625 2450 4553 8276
625 2460 5200 7619
625 2462 5519 7298
625 2596 5642 7041
625 2690 4315 8274
625 2690 4553 8036
625 2690 5620 6969
625 2696 4271 8312
625 2696 5614 6969
625 2720 3939 8620
625 2720 4848 7711
625 2720 4888 7671
625 2733 3066 9480
625 2733 3276 9270
625 2733 4631 7915
625 2733 5366 7180
625 2733 5986 6560
625 2810 3821 8648
625 2810 3849 8620
625 2810 3939 8530
625 2810 5331 7138
625 3056 3672 8551
625 3056 3782 8441
625 3066 3662 8551
625 3066 3939 8274
625 3066 4542 7671
625 3075 3152 9052
625 3075 3584 8620
625 3091 3136 9052
625 3091 4152 8036
625 3091 4470 7718
625 3152 5975 6152
625 3276 4470 7533
625 3276 5975 6028
625 3315 3392 8572
625 3315 4600 7364
625 3325 4624 7330
625 3387 3782 8110
625 3387 3872 8020
625 3387 5740 6152
625 3390 3814 8075
625 3390 4848 7041
625 3584 4271 7424
625 3596 3808 7875
625 3596 5077 6606
625 3662 5642 5975
625 3738 4500 7041
625 3788 3872 7619
625 3788 5227 6264
625 3808 4271 7200
625 3814 4631 6834
625 3821 4320 7138
625 3821 4624 6834
625 3849 4100 7330
625 3849 4560 6870
625 3849 5200 6230
625 3849 5682 5748
625 3939 4470 6870
625 4152 4542 6585
625 4271 4888 6120
625 4271 5366 5642
625 4315 4700 6264
625 4320 4553 6406
625 4372 5077 5830
625 4470 5290 5519
625 4560 5077 5642
625 4560 5200 5519
625 4800 4945 5534
654 690 5290 9270
654 690 5532 9028
654 690 6710 7850
654 706 7180 7364
654 800 5290 9160
654 800 5519 8931
654 800 5830 8620
654 820 5534 8896
654 820 5642 8788
654 852 4848 9550
654 852 5290 9108
654 852 5928 8470
654 872 6264 8114
654 872 7008 7370
654 904 5186 9160
654 932 5290 9028
654 932 5748 8570
654 932 7138 7180
654 1042 7008 7200
654 1061 5258 8931
654 1061 5748 8441
654 1254 4888 9108
654 1254 5290 8706
654 1262 5200 8788
654 1262 6152 7836
654 1290 4560 9400
654 1290 4800 9160
654 1290 5200 8760
654 1290 5519 8441
654 1332 5642 8276
654 1346 6606 7298
654 1347 5331 8572
654 1347 6028 7875
654 1512 6020 7718
654 1588 3782 9880
654 1588 5642 8020
654 1607 3939 9704
654 1607 5331 8312
654 1675 4470 9105
654 1675 6606 6969
654 1716 3814 9720
654 1716 5258 8276
654 1716 5614 7920
654 1744 4800 8706
654 1858 3552 9840
654 1858 3672 9720
654 1858 6028 7364
654 1864 4800 8586
654 1864 4945 8441
654 1864 5366 8020
654 1900 4190 9160
654 1900 5986 7364
654 1900 6020 7330
654 1940 3849 9461
654 1940 5200 8110
654 1940 5290 8020
654 1940 5534 7776
654 2039 4315 8896
654 2039 4660 8551
654 2039 5975 7236
654 2080 4600 8570
654 2080 4700 8470
654 2109 4700 8441
654 2179 4271 8800
654 2179 6511 6560
654 2192 3066 9992
654 2192 3776 9282
654 2192 3788 9270
654 2192 5642 7416
654 2294 5532 7424
654 2320 5534 7396
654 2340 4440 8470
654 2340 4800 8110
654 2340 4990 7920
654 2364 5748 7138
654 2450 3250 9550
654 2450 4152 8648
654 2450 5620 7180
654 2460 3390 9400
654 2460 3738 9052
654 2460 4320 8470
654 2460 4600 8190
654 2460 5366 7424
654 2460 6230 6560
654 2462 5077 7711
654 2514 4164 8572
654 2514 4700 8036
654 2514 5366 7370
654 2514 5456 7280
654 2596 5258 7396
654 2596 5290 7364
654 2602 3596 9052
654 2602 4372 8276
654 2602 4888 7760
654 2690 2720 9840
654 2690 4800 7760
654 2690 5519 7041
654 2690 5740 6820
654 2690 5975 6585
654 2696 4440 8114
654 2720 2810 9720
654 2720 5200 7330
654 2733 3056 9461
654 2810 4164 8276
654 2810 5620 6820
654 3056 5186 7008
654 3066 3872 8312
654 3066 4164 8020
654 3066 4600 7584
654 3066 5740 6444
654 3075 3387 8788
654 3075 3596 8579
654 3075 4100 8075
654 3091 5614 6545
654 3136 3584 8530
654 3152 3392 8706
654 3152 4800 7298
654 3250 4164 7836
654 3250 4800 7200
654 3250 5290 6710
654 3276 3662 8312
654 3315 3821 8114
654 3325 5519 6406
654 3387 3788 8075
654 3387 4152 7711
654 3390 3584 8276
654 3390 4100 7760
654 3390 4624 7236
654 3390 4660 7200
654 3390 4990 6870
654 3390 5740 6120
654 3392 3584 8274
654 3392 4560 7298
654 3392 5830 6028
654 3552 3584 8114
654 3552 3662 8036
654 3552 4560 7138
654 3596 5534 6120
654 3662 3738 7850
654 3662 3821 7767
654 3662 4164 7424
654 3662 5077 6511
654 3672 4440 7138
654 3672 5748 5830
654 3738 5584 5928
654 3738 5682 5830
654 3782 3849 7619
654 3788 4164 7298
654 3788 5534 5928
654 3808 5290 6152
654 3808 5456 5986
654 3872 4700 6678
654 3872 5258 6120
654 3939 4800 6511
654 4100 4440 6710
654 4152 4553 6545
654 4152 5456 5642
654 4190 4500 6560
654 4320 4700 6230
654 4372 5258 5620
654 4470 4660 6120
654 4553 5077 5620
654 4553 5331 5366
675 690 6821 7718
675 820 5830 8579
675 932 5366 8931
675 932 6678 7619
675 1061 6870 7298
675 1073 4164 9992
675 1073 5584 8572
675 1073 6120 8036
675 1254 4271 9704
675 1254 5534 8441
675 1254 6264 7711
675 1290 6406 7533
675 1332 5456 8441
675 1346 6264 7619
675 1346 6585 7298
675 1347 4600 9282
675 1347 5331 8551
675 1512 5642 8075
675 1558 4271 9400
675 1588 5200 8441
675 1588 6820 6821
675 1607 3782 9840
675 1675 4848 8706
675 1675 5534 8020
675 1675 6585 6969
675 1744 6444 7041
675 1858 3821 9550
675 1858 4440 8931
675 1858 5456 7915
675 1858 5975 7396
675 1864 5290 8075
675 1864 6545 6820
675 1900 3849 9480
675 1900 4888 8441
675 1940 4100 9189
675 1940 4848 8441
675 2039 4542 8648
675 2039 4660 8530
675 2039 5519 7671
675 2109 4320 8800
675 2109 4500 8620
675 2109 5200 7920
675 2163 5290 7776
675 2163 5642 7424
675 2163 5830 7236
675 2163 5928 7138
675 2179 5200 7850
675 2179 5290 7760
675 2179 6230 6820
675 2179 6444 6606
675 2192 5366 7671
675 2294 4315 8620
675 2294 5519 7416
675 2320 5290 7619
675 2340 5519 7370
675 2364 3315 9550
675 2364 4553 8312
675 2364 4945 7920
675 2364 4990 7875
675 2450 3075 9704
675 2460 4190 8579
675 2462 3662 9105
675 2514 3315 9400
675 2514 4164 8551
675 2514 4800 7915
675 2602 4315 8312
675 2690 4624 7915
675 2690 6028 6511
675 2720 3939 8570
675 2733 4660 7836
675 2733 4736 7760
675 2810 3849 8570
675 2810 4800 7619
675 2810 5975 6444
675 3056 3849 8324
675 3066 3584 8579
675 3075 3584 8570
675 3075 5748 6406
675 3091 3552 8586
675 3091 3814 8324
675 3091 5532 6606
675 3091 5986 6152
675 3136 3387 8706
675 3136 4560 7533
675 3152 5532 6545
675 3276 4945 7008
675 3315 4945 6969
675 3315 5928 5986
675 3325 4320 7584
675 3325 4624 7280
675 3387 5331 6511
675 3584 4315 7330
675 3596 4100 7533
675 3596 5227 6406
675 3662 3849 7718
675 3672 4736 6821
675 3738 3872 7619
675 3738 5227 6264
675 3776 3782 7671
675 3776 4315 7138
675 3782 5519 5928
675 3808 4600 6821
675 3821 4848 6560
675 3849 4100 7280
675 3849 4372 7008
675 3849 4560 6820
675 3939 4152 7138
675 3939 4470 6820
675 4164 4945 6120
675 4315 4470 6444
675 4320 5227 5682
675 4470 5077 5682
675 4470 5227 5532
675 4700 4945 5584
690 706 5456 9052
690 706 5748 8760
690 706 7138 7370
690 800 5614 8800
690 820 5366 9028
690 820 5614 8780
690 820 6120 8274
690 872 5290 9052
690 872 6152 8190
690 872 6870 7472
690 888 5620 8706
690 888 5740 8586
690 888 6406 7920
690 904 4470 9840
690 904 5258 9052
690 904 5740 8570
690 904 5986 8324
690 904 6120 8190
690 1042 5642 8530
690 1042 6152 8020
690 1254 4560 9400
690 1254 4800 9160
690 1254 5200 8760
690 1254 5519 8441
690 1262 5366 8586
690 1290 6560 7364
690 1332 4600 9282
690 1332 5331 8551
690 1346 4164 9704
690 1346 6444 7424
690 1512 4152 9550
690 1512 4542 9160
690 1512 5682 8020
690 1512 6230 7472
690 1558 3776 9880
690 1558 5077 8579
690 1558 5186 8470
690 1558 5620 8036
690 1588 6230 7396
690 1588 6585 7041
690 1607 5077 8530
690 1607 5331 8276
690 1607 5532 8075
690 1675 5227 8312
690 1675 5519 8020
690 1716 4470 9028
690 1716 5186 8312
690 1716 6678 6820
690 1744 5620 7850
690 1858 4736 8620
690 1858 5986 7370
690 1858 6120 7236
690 1864 4190 9160
690 1864 5986 7364
690 1864 6020 7330
690 1900 3814 9500
690 1900 4990 8324
690 1900 5200 8114
690 1900 6444 6870
690 2039 4624 8551
690 2039 5642 7533
690 2039 5975 7200
690 2080 3584 9550
690 2080 6264 6870
690 2109 6545 6560
690 2163 4271 8780
690 2163 4500 8551
690 2163 6230 6821
690 2179 3315 9720
690 2192 5186 7836
690 2192 6152 6870
690 2294 5740 7180
690 2320 4315 8579
690 2320 5614 7280
690 2340 4600 8274
690 2340 5290 7584
690 2364 4271 8579
690 2364 4320 8530
690 2364 4660 8190
690 2364 4736 8114
690 2364 5614 7236
690 2364 6406 6444
690 2450 4440 8324
690 2450 5584 7180
690 2460 5456 7298
690 2462 3821 8931
690 2462 4440 8312
690 2462 5614 7138
690 2514 3672 9028
690 2514 5290 7410
690 2514 5830 6870
690 2596 5748 6870
690 2602 3584 9028
690 2696 3738 8780
690 2696 3939 8579
690 2696 4800 7718
690 2720 3788 8706
690 2720 5258 7236
690 2720 6230 6264
690 2733 4631 7850
690 2810 5534 6870
690 2810 5584 6820
690 3056 4440 7718
690 3056 5928 6230
690 3066 3872 8276
690 3066 4372 7776
690 3066 6028 6120
690 3075 4372 7767
690 3091 3849 8274
690 3136 5258 6820
690 3152 3738 8324
690 3152 3788 8274
690 3152 3872 8190
690 3152 5456 6606
690 3250 3392 8572
690 3250 4600 7364
690 3276 3387 8551
690 3276 3662 8276
690 3276 4542 7396
690 3276 4800 7138
690 3276 5532 6406
690 3315 4315 7584
690 3325 3814 8075
690 3325 4848 7041
690 3390 3788 8036
690 3390 4624 7200
690 3390 4990 6834
690 3392 4542 7280
690 3552 4190 7472
690 3552 5077 6585
690 3552 5642 6020
690 3584 5186 6444
690 3584 5366 6264
690 3596 3782 7836
690 3596 4320 7298
690 3662 3776 7776
690 3662 4372 7180
690 3662 5532 6020
690 3672 3782 7760
690 3672 5614 5928
690 3738 5456 6020
690 3782 4152 7280
690 3788 4190 7236
690 3808 4800 6606
690 3814 4164 7236
690 3821 4848 6545
690 3872 4736 6606
690 4100 5186 5928
690 4100 5366 5748
690 4164 4372 6678
690 4372 5200 5642
690 4372 5258 5584
690 4470 4624 6120
690 4500 5258 5456
690 4542 4990 5682
690 4553 5077 5584
706 800 4848 9550
706 800 5290 9108
706 800 5928 8470
706 820 6264 8114
706 820 7008 7370
706 852 5186 9160
706 872 5620 8706
706 872 5740 8586
706 872 6406 7920
706 888 4470 9840
706 888 5258 9052
706 888 5740 8570
706 888 5986 8324
706 888 6120 8190
706 904 5186 9108
706 904 5534 8760
706 904 6020 8274
706 904 6444 7850
706 904 6710 7584
706 904 6870 7424
706 932 5077 9189
706 932 6152 8114
706 932 6230 8036
706 932 6870 7396
706 1042 4164 9992
706 1042 5584 8572
706 1042 6120 8036
706 1254 5620 8324
706 1254 5830 8114
706 1262 5366 8570
706 1262 6606 7330
706 1290 4800 9108
706 1290 5584 8324
706 1332 5830 8036
706 1346 4372 9480
706 1346 4800 9052
706 1512 5975 7711
706 1512 6406 7280
706 1512 6678 7008
706 1558 5366 8274
706 1558 5620 8020
706 1558 6230 7410
706 1588 4990 8620
706 1607 4660 8931
706 1716 6152 7330
706 1744 5534 7920
706 1858 4560 8780
706 1900 4190 9108
706 1900 5928 7370
706 1940 4470 8788
706 1940 5928 7330
706 1940 6120 7138
706 2039 3552 9607
706 2080 4470 8648
706 2080 5534 7584
706 2080 5748 7370
706 2109 6120 6969
706 2163 3315 9720
706 2179 3315 9704
706 2179 4440 8579
706 2192 5534 7472
706 2192 5642 7364
706 2294 5186 7718
706 2294 5534 7370
706 2320 3596 9282
706 2320 5642 7236
706 2320 5740 7138
706 2340 4152 8706
706 2364 3552 9282
706 2364 3782 9052
706 2364 4560 8274
706 2450 4100 8648
706 2450 5077 7671
706 2450 5740 7008
706 2450 5928 6820
706 2460 4152 8586
706 2460 4624 8114
706 2460 4888 7850
706 2460 6028 6710
706 2462 4164 8572
706 2462 4700 8036
706 2462 5366 7370
706 2462 5456 7280
706 2514 3788 8896
706 2514 4372 8312
706 2514 4848 7836
706 2596 3814 8788
706 2596 5186 7416
706 2596 5366 7236
706 2602 3808 8788
706 2602 4320 8276
706 2602 4560 8036
706 2602 5186 7410
706 2602 5200 7396
706 2602 6152 6444
706 2690 5830 6678
706 2696 4190 8312
706 2696 5682 6820
706 2720 4945 7533
706 2733 3276 9189
706 3056 3672 8470
706 3066 3662 8470
706 3066 3808 8324
706 3066 4372 7760
706 3066 4660 7472
706 3066 4736 7396
706 3075 3849 8274
706 3091 4271 7836
706 3136 3738 8324
706 3136 3788 8274
706 3136 3872 8190
706 3136 5456 6606
706 3152 5077 6969
706 3250 3672 8276
706 3250 5928 6020
706 3276 3392 8530
706 3276 3808 8114
706 3276 4624 7298
706 3315 3808 8075
706 3315 4553 7330
706 3387 4100 7711
706 3387 4631 7180
706 3387 4990 6821
706 3390 3788 8020
706 3390 4800 7008
706 3392 5200 6606
706 3584 4190 7424
706 3662 3776 7760
706 3672 3808 7718
706 3672 4848 6678
706 3738 5532 5928
706 3776 5682 5740
706 3782 5186 6230
706 3788 4700 6710
706 3788 5258 6152
706 3788 5290 6120
706 3808 4190 7200
706 3808 5642 5748
706 3814 5456 5928
706 3849 3939 7410
706 3849 5519 5830
706 3939 5331 5928
706 3939 5519 5740
706 4100 4553 6545
706 4100 5456 5642
706 4152 4440 6606
706 4190 4888 6120
706 4190 5366 5642
706 4315 4372 6511
706 4320 5258 5620
706 4470 4700 6028
706 4470 4800 5928
706 4542 5200 5456
706 4542 5290 5366
706 4624 4990 5584
706 4736 4848 5614
800 820 6264 8020
800 852 4372 9880
800 852 5200 9052
800 852 5682 8570
800 852 5928 8324
800 872 5584 8648
800 888 4736 9480
800 888 5456 8760
800 888 6545 7671
800 888 6820 7396
800 904 4320 9880
800 904 4700 9500
800 904 4800 9400
800 904 5614 8586
800 904 6870 7330
800 932 5642 8530
800 932 6152 8020
800 1042 5532 8530
800 1073 4631 9400
800 1073 6264 7767
800 1254 5740 8110
800 1254 5830 8020
800 1254 5975 7875
800 1262 4560 9282
800 1262 6606 7236
800 1262 6834 7008
800 1290 6230 7584
800 1290 6444 7370
800 1332 4372 9400
800 1332 5186 8586
800 1332 5200 8572
800 1332 5331 8441
800 1346 5186 8572
800 1347 5227 8530
800 1347 5682 8075
800 1512 3872 9720
800 1512 6120 7472
800 1558 3939 9607
800 1588 4736 8780
800 1588 5740 7776
800 1588 6120 7396
800 1588 6152 7364
800 1716 4600 8788
800 1716 6152 7236
800 1716 6678 6710
800 1744 4560 8800
800 1744 4600 8760
800 1744 5584 7776
800 1744 5642 7718
800 1858 4315 8931
800 1858 4660 8586
800 1858 5331 7915
800 1858 5830 7416
800 1864 4440 8800
800 1864 5830 7410
800 1864 6406 6834
800 1900 4152 9052
800 1900 5620 7584
800 1940 4888 8276
800 1940 5740 7424
800 1940 5748 7416
800 1940 5928 7236
800 2039 4624 8441
800 2039 4990 8075
800 2039 5532 7533
800 2080 4700 8324
800 2080 5614 7410
800 2163 4500 8441
800 2163 6120 6821
800 2192 4152 8760
800 2192 4600 8312
800 2192 5614 7298
800 2294 3782 9028
800 2294 4190 8620
800 2294 4700 8110
800 2320 4164 8620
800 2320 5200 7584
800 2320 5584 7200
800 2340 4440 8324
800 2340 5584 7180
800 2450 5258 7396
800 2450 5290 7364
800 2460 4320 8324
800 2460 4624 8020
800 2596 5830 6678
800 2602 4190 8312
800 2602 5682 6820
800 2690 4990 7424
800 2696 3788 8620
800 2696 4372 8036
800 2720 3276 9108
800 2720 3584 8800
800 2720 3596 8788
800 2720 3814 8570
800 2720 4624 7760
800 2720 4800 7584
800 2720 6120 6264
800 2733 4660 7711
800 2733 4700 7671
800 2810 5584 6710
800 3056 3152 8896
800 3056 4624 7424
800 3056 4848 7200
800 3056 5227 6821
800 3056 5642 6406
800 3056 5928 6120
800 3056 6020 6028
800 3066 3250 8788
800 3066 3390 8648
800 3066 4271 7767
800 3066 4320 7718
800 3136 5258 6710
800 3136 5290 6678
800 3152 4542 7410
800 3250 3939 7915
800 3276 3387 8441
800 3276 3552 8276
800 3276 3808 8020
800 3315 3939 7850
800 3315 4553 7236
800 3325 4945 6834
800 3552 3776 7776
800 3552 4372 7180
800 3552 5532 6020
800 3584 3849 7671
800 3584 4190 7330
800 3584 4320 7200
800 3584 4700 6820
800 3584 5290 6230
800 3584 5534 5986
800 3596 3672 7836
800 3596 4500 7008
800 3662 5290 6152
800 3662 5456 5986
800 3672 4152 7280
800 3738 3782 7584
800 3776 4190 7138
800 3776 4320 7008
800 3808 3872 7424
800 3808 4736 6560
800 3808 5614 5682
800 3814 4152 7138
800 3814 4470 6820
800 3849 5227 6028
800 4100 4560 6444
800 4152 4800 6152
800 4164 5200 5740
800 4164 5258 5682
800 4190 4470 6444
800 4320 5200 5584
800 4372 5200 5532
800 4440 4736 5928
800 4500 4990 5614
800 4660 5186 5258
800 4800 4848 5456
800 4800 5077 5227
820 852 5584 8648
820 872 4372 9840
820 872 5642 8570
820 872 5682 8530
820 904 4700 9480
820 904 5532 8648
820 932 5532 8620
820 932 5682 8470
820 1042 4542 9500
820 1042 4990 9052
820 1042 5456 8586
820 1042 5928 8114
820 1042 6678 7364
820 1073 5975 8036
820 1254 4560 9270
820 1254 5258 8572
820 1254 6406 7424
820 1262 5986 7836
820 1262 6406 7416
820 1332 3872 9880
820 1332 4470 9282
820 1332 4700 9052
820 1332 5642 8110
820 1346 6020 7718
820 1347 5186 8551
820 1588 3776 9720
820 1588 4600 8896
820 1588 4736 8760
820 1588 4848 8648
820 1588 4945 8551
820 1607 4372 9105
820 1675 5534 7875
820 1675 5642 7767
820 1716 5258 8110
820 1716 5532 7836
820 1716 6230 7138
820 1744 4560 8780
820 1858 5642 7584
820 1858 5830 7396
820 1858 5928 7298
820 1858 6406 6820
820 1864 4440 8780
820 1864 4600 8620
820 1864 5200 8020
820 1864 5748 7472
820 1864 6020 7200
820 1940 3152 9992
820 1940 5748 7396
820 2039 3325 9720
820 2039 3584 9461
820 2080 5532 7472
820 2080 6444 6560
820 2179 4631 8274
820 2179 4990 7915
820 2192 3392 9500
820 2192 4320 8572
820 2294 3390 9400
820 2294 3738 9052
820 2294 4320 8470
820 2294 4600 8190
820 2294 5366 7424
820 2294 6230 6560
820 2320 4440 8324
820 2320 5584 7180
820 2340 3584 9160
820 2340 4470 8274
820 2364 4100 8620
820 2364 4190 8530
820 2364 4700 8020
820 2364 4800 7920
820 2450 3738 8896
820 2450 4164 8470
820 2450 6028 6606
820 2460 3596 9028
820 2460 4848 7776
820 2460 5200 7424
820 2462 4152 8470
820 2462 5258 7364
820 2462 5614 7008
820 2514 2690 9880
820 2514 3782 8788
820 2514 4100 8470
820 2514 5200 7370
820 2514 5290 7280
820 2596 3782 8706
820 2596 4164 8324
820 2596 5519 6969
820 2596 5928 6560
820 2602 3776 8706
820 2602 4372 8110
820 2690 3808 8586
820 2720 3584 8780
820 2733 3821 8530
820 2733 4315 8036
820 2810 4164 8110
820 2810 5830 6444
820 3056 4848 7180
820 3056 5584 6444
820 3075 5331 6678
820 3091 3552 8441
820 3136 3672 8276
820 3136 5928 6020
820 3250 3814 8020
820 3250 4470 7364
820 3250 5682 6152
820 3276 3788 8020
820 3276 4800 7008
820 3315 3849 7920
820 3315 4631 7138
820 3315 4800 6969
820 3315 5258 6511
820 3387 3782 7915
820 3387 4164 7533
820 3387 5186 6511
820 3390 3584 8110
820 3392 3672 8020
820 3552 3814 7718
820 3552 3821 7711
820 3584 3782 7718
820 3584 4320 7180
820 3596 4190 7298
820 3596 5258 6230
820 3596 5740 5748
820 3662 5682 5740
820 3672 4542 6870
820 3782 4164 7138
820 3782 4624 6678
820 3782 5620 5682
820 3788 3872 7424
820 3788 4736 6560
820 3788 5614 5682
820 3808 5290 5986
820 3814 4560 6710
820 3821 4553 6710
820 3939 4560 6585
820 3939 4600 6545
820 4100 4164 6820
820 4152 4372 6560
820 4152 5290 5642
820 4164 4800 6120
820 4164 4945 5975
820 4320 4500 6264
820 4320 4736 6028
820 4372 4560 6152
820 4440 4624 6020
820 4553 5200 5331
820 4560 4990 5534
820 4600 4736 5748
820 4700 4800 5584
852 872 4700 9480
852 872 5532 8648
852 888 6545 7619
852 888 6834 7330
852 932 5534 8586
852 932 6710 7410
852 1042 6969 7041
852 1061 4271 9720
852 1073 4372 9607
852 1073 5331 8648
852 1262 4990 8800
852 1262 6821 6969
852 1290 5986 7776
852 1332 4320 9400
852 1332 4560 9160
852 1347 4600 9105
852 1347 4945 8760
852 1347 5830 7875
852 1512 5620 7920
852 1588 3584 9880
852 1588 5614 7850
852 1588 6264 7200
852 1607 5331 8114
852 1716 4440 8896
852 1744 3808 9500
852 1744 4660 8648
852 1744 4736 8572
852 1744 5532 7776
852 1744 6028 7280
852 1858 4624 8570
852 1858 5830 7364
852 1864 3788 9400
852 1900 3672 9480
852 1900 4100 9052
852 1900 4372 8780
852 1900 5077 8075
852 1940 3392 9720
852 1940 4542 8570
852 1940 4800 8312
852 1940 5748 7364
852 2039 3552 9461
852 2080 4660 8312
852 2080 5642 7330
852 2080 6152 6820
852 2109 4631 8312
852 2109 5519 7424
852 2163 5519 7370
852 2179 3821 9052
852 2192 3808 9052
852 2192 4100 8760
852 2192 4945 7915
852 2294 5620 7138
852 2294 6152 6606
852 2320 4542 8190
852 2320 5532 7200
852 2340 2720 9992
852 2340 3552 9160
852 2340 4271 8441
852 2340 4945 7767
852 2340 5532 7180
852 2340 6152 6560
852 2364 2696 9992
852 2450 3814 8788
852 2450 5186 7416
852 2450 5366 7236
852 2460 5584 7008
852 2460 5986 6606
852 2514 3738 8800
852 2514 5258 7280
852 2596 3056 9400
852 2596 3808 8648
852 2602 3662 8788
852 2602 4600 7850
852 2602 5740 6710
852 2690 3776 8586
852 2696 3596 8760
852 2696 4320 8036
852 2720 3552 8780
852 2733 3849 8470
852 2733 4700 7619
852 2810 3672 8570
852 2810 5532 6710
852 2810 5682 6560
852 3056 3672 8324
852 3056 4600 7396
852 3066 3662 8324
852 3066 3872 8114
852 3066 4315 7671
852 3066 4848 7138
852 3066 4945 7041
852 3075 4553 7424
852 3091 4631 7330
852 3091 5975 5986
852 3136 4500 7416
852 3136 4736 7180
852 3136 5331 6585
852 3152 4700 7200
852 3152 5456 6444
852 3152 5748 6152
852 3250 3782 8020
852 3250 5682 6120
852 3276 3662 8114
852 3276 5748 6028
852 3315 3662 8075
852 3315 5331 6406
852 3387 4624 7041
852 3390 3552 8110
852 3390 4190 7472
852 3390 5077 6585
852 3390 5642 6020
852 3552 3782 7718
852 3552 4320 7180
852 3584 3849 7619
852 3596 3738 7718
852 3596 3872 7584
852 3596 4945 6511
852 3662 3672 7718
852 3662 4190 7200
852 3662 5642 5748
852 3672 4100 7280
852 3672 4372 7008
852 3672 4560 6820
852 3776 5290 5986
852 3782 4560 6710
852 3808 4800 6444
852 3808 5258 5986
852 3814 4100 7138
852 3814 4560 6678
852 3821 4190 7041
852 3821 4553 6678
852 3872 4470 6710
852 3872 4736 6444
852 3939 4553 6560
852 4100 4800 6152
852 4152 4190 6710
852 4152 4315 6585
852 4152 5258 5642
852 4152 5366 5534
852 4164 4624 6264
852 4164 4736 6152
852 4320 5200 5532
852 4372 4560 6120
852 4372 4660 6020
852 4500 4624 5928
852 4500 5186 5366
872 888 4152 9992
872 888 4440 9704
872 888 5614 8530
872 888 6560 7584
872 932 4600 9500
872 932 4700 9400
872 932 5986 8114
872 932 6264 7836
872 932 6820 7280
872 1042 4440 9550
872 1042 6230 7760
872 1042 6406 7584
872 1042 6710 7280
872 1073 6821 7138
872 1254 4990 8788
872 1254 5227 8551
872 1254 5928 7850
872 1262 4500 9270
872 1262 4990 8780
872 1262 5200 8570
872 1262 6406 7364
872 1290 4553 9189
872 1290 5975 7767
872 1290 6444 7298
872 1346 5975 7711
872 1346 6406 7280
872 1346 6678 7008
872 1347 6152 7533
872 1512 4624 8896
872 1512 4990 8530
872 1558 4888 8586
872 1558 5200 8274
872 1588 6020 7424
872 1588 6028 7416
872 1588 6264 7180
872 1607 4320 9105
872 1716 3596 9720
872 1716 5986 7330
872 1716 6606 6710
872 1744 3584 9704
872 1744 3738 9550
872 1744 3788 9500
872 1744 3808 9480
872 1744 4500 8788
872 1858 5456 7718
872 1864 5584 7584
872 1900 4372 8760
872 1900 4553 8579
872 1900 4560 8572
872 1940 5620 7472
872 1940 5682 7410
872 2080 3552 9400
872 2080 4152 8800
872 2080 4164 8788
872 2080 5077 7875
872 2109 4372 8551
872 2109 4848 8075
872 2179 3392 9461
872 2179 5077 7776
872 2192 3136 9704
872 2192 3788 9052
872 2192 4990 7850
872 2192 6020 6820
872 2294 4152 8586
872 2294 4624 8114
872 2294 4888 7850
872 2294 6028 6710
872 2320 2720 9992
872 2320 3552 9160
872 2320 4271 8441
872 2320 4945 7767
872 2320 5532 7180
872 2320 6152 6560
872 2340 3584 9108
872 2340 5456 7236
872 2364 5258 7410
872 2450 3782 8800
872 2450 5186 7396
872 2450 5748 6834
872 2460 4736 7836
872 2462 2690 9880
872 2462 3782 8788
872 2462 4100 8470
872 2462 5200 7370
872 2462 5290 7280
872 2514 3738 8780
872 2514 3939 8579
872 2514 4800 7718
872 2596 3276 9160
872 2596 3788 8648
872 2596 4600 7836
872 2596 4660 7776
872 2596 5200 7236
872 2596 5830 6606
872 2602 3325 9105
872 2602 3782 8648
872 2602 4320 8110
872 2602 5986 6444
872 2690 3872 8470
872 2690 4152 8190
872 2690 4624 7718
872 2690 4631 7711
872 2696 3066 9270
872 2696 4500 7836
872 2696 4560 7776
872 2720 3152 9160
872 2720 3552 8760
872 2720 3782 8530
872 2720 4888 7424
872 2733 5258 7041
872 2810 4372 7850
872 3056 3390 8586
872 3056 4560 7416
872 3056 5532 6444
872 3066 3387 8579
872 3066 3776 8190
872 3066 4190 7776
872 3066 4542 7424
872 3075 3387 8570
872 3075 4190 7767
872 3091 3390 8551
872 3136 3276 8620
872 3136 3584 8312
872 3136 3782 8114
872 3136 3821 8075
872 3136 4500 7396
872 3136 4660 7236
872 3136 4888 7008
872 3136 5186 6710
872 3136 5290 6606
872 3152 4470 7410
872 3152 4600 7280
872 3152 4700 7180
872 3250 3672 8110
872 3250 4372 7410
872 3276 3315 8441
872 3387 4315 7330
872 3390 5614 6028
872 3392 4440 7200
872 3392 5620 6020
872 3552 4660 6820
872 3584 3672 7776
872 3584 4440 7008
872 3584 4888 6560
872 3662 4190 7180
872 3662 4500 6870
872 3662 4660 6710
872 3672 3776 7584
872 3672 4800 6560
872 3672 5620 5740
872 3738 4888 6406
872 3738 5366 5928
872 3776 5614 5642
872 3788 4800 6444
872 3788 5258 5986
872 3808 3814 7410
872 3814 5290 5928
872 3821 4700 6511
872 3872 4152 7008
872 3872 4600 6560
872 4100 4372 6560
872 4100 5290 5642
872 4152 4320 6560
872 4164 4190 6678
872 4164 4848 6020
872 4164 5186 5682
872 4190 5200 5642
872 4190 5258 5584
872 4271 5227 5534
872 4320 4560 6152
872 4470 4542 6020
872 4542 4660 5830
872 4542 4848 5642
872 4542 5200 5290
872 4553 4945 5534
872 4560 4888 5584
872 4600 4848 5584
872 4624 4660 5748
872 4624 5077 5331
872 4631 4945 5456
872 4700 4800 5532
888 904 5642 8470
888 932 5614 8470
888 1042 5186 8788
888 1061 6545 7410
888 1061 6585 7370
888 1073 6028 7915
888 1254 5986 7776
888 1346 4190 9480
888 1346 5200 8470
888 1512 4315 9189
888 1512 5584 7920
888 1558 3738 9720
888 1558 4888 8570
888 1558 5682 7776
888 1558 5740 7718
888 1558 5986 7472
888 1588 3821 9607
888 1588 4320 9108
888 1607 5534 7875
888 1607 5642 7767
888 1675 4152 9189
888 1675 4553 8788
888 1675 5227 8114
888 1716 3596 9704
888 1716 4500 8800
888 1716 5186 8114
888 1716 6020 7280
888 1716 6120 7180
888 1744 3392 9880
888 1744 3552 9720
888 1744 3872 9400
888 1744 4164 9108
888 1744 4624 8648
888 1744 4700 8572
888 1744 6264 7008
888 1858 5748 7410
888 1858 6020 7138
888 1864 3672 9480
888 1864 4100 9052
888 1864 4372 8780
888 1864 5077 8075
888 1900 3276 9840
888 1900 5532 7584
888 1900 6406 6710
888 1940 3596 9480
888 1940 4800 8276
888 2039 3788 9189
888 2039 3872 9105
888 2039 4271 8706
888 2080 3056 9880
888 2080 3776 9160
888 2080 4624 8312
888 2080 4660 8276
888 2080 5928 7008
888 2109 4631 8276
888 2163 3392 9461
888 2163 5077 7776
888 2179 5077 7760
888 2192 4500 8324
888 2192 6264 6560
888 2294 4152 8570
888 2294 5584 7138
888 2320 4372 8324
888 2320 4660 8036
888 2320 5077 7619
888 2320 5366 7330
888 2320 5986 6710
888 2340 3276 9400
888 2364 3152 9500
888 2364 3872 8780
888 2364 4542 8110
888 2450 3066 9500
888 2450 4848 7718
888 2450 5366 7200
888 2460 3056 9500
888 2460 3776 8780
888 2460 5186 7370
888 2460 5258 7298
888 2462 4440 8114
888 2514 4190 8312
888 2514 5682 6820
888 2596 3315 9105
888 2596 3392 9028
888 2596 4500 7920
888 2596 4660 7760
888 2602 4990 7424
888 2690 3056 9270
888 2690 5456 6870
888 2696 3672 8648
888 2696 4470 7850
888 2696 4553 7767
888 2696 4560 7760
888 2696 4736 7584
888 2696 4848 7472
888 2696 4990 7330
888 2696 5642 6678
888 2720 3136 9160
888 2733 3387 8896
888 3056 3390 8570
888 3066 4100 7850
888 3066 4190 7760
888 3066 5830 6120
888 3075 3390 8551
888 3091 5519 6406
888 3136 4470 7410
888 3136 4600 7280
888 3136 4700 7180
888 3152 3552 8312
888 3152 4440 7424
888 3152 4500 7364
888 3152 5186 6678
888 3152 5258 6606
888 3250 3325 8441
888 3250 4945 6821
888 3250 5614 6152
888 3276 4560 7180
888 3276 5620 6120
888 3315 4660 7041
888 3325 3776 7915
888 3325 4553 7138
888 3387 4660 6969
888 3390 3776 7850
888 3392 3788 7836
888 3392 4152 7472
888 3552 4100 7364
888 3552 5200 6264
888 3584 3596 7836
888 3584 3672 7760
888 3584 4152 7280
888 3596 4600 6820
888 3662 3821 7533
888 3662 5614 5740
888 3672 3872 7472
888 3672 4164 7180
888 3738 4600 6678
888 3738 5258 6020
888 3776 4271 6969
888 3782 5614 5620
888 3788 5200 6028
888 3814 3872 7330
888 3814 5227 5975
888 3872 4700 6444
888 4100 4888 6028
888 4152 4600 6264
888 4164 4700 6152
888 4190 4315 6511
888 4372 4624 6020
888 4470 4560 5986
888 4660 4736 5620
888 4660 4990 5366
888 4736 4990 5290
904 1042 5682 8276
904 1042 6678 7280
904 1042 6820 7138
904 1061 6406 7533
904 1073 4320 9607
904 1073 6511 7416
904 1254 5986 7760
904 1254 6028 7718
904 1262 6020 7718
904 1290 4440 9270
904 1332 3788 9880
904 1332 4560 9108
904 1332 4888 8780
904 1332 5227 8441
904 1332 5748 7920
904 1346 3662 9992
904 1346 3814 9840
904 1346 4372 9282
904 1346 6230 7424
904 1346 6820 6834
904 1347 6120 7533
904 1512 4700 8788
904 1558 3738 9704
904 1558 4736 8706
904 1558 5682 7760
904 1588 4624 8788
904 1607 5682 7711
904 1675 5614 7711
904 1716 5986 7298
904 1716 6606 6678
904 1744 3552 9704
904 1744 3776 9480
904 1744 6020 7236
904 1858 3662 9480
904 1858 3872 9270
904 1858 5227 7915
904 1858 5366 7776
904 1864 5740 7396
904 1900 4320 8780
904 1900 4990 8110
904 1900 6230 6870
904 1940 4164 8896
904 1940 4440 8620
904 1940 4736 8324
904 2039 5290 7671
904 2080 5740 7180
904 2109 4271 8620
904 2163 5077 7760
904 2179 4631 8190
904 2192 4888 7920
904 2294 4631 8075
904 2294 5290 7416
904 2294 6028 6678
904 2320 4660 8020
904 2320 6120 6560
904 2340 3390 9270
904 2340 3552 9108
904 2340 3872 8788
904 2340 4190 8470
904 2340 4470 8190
904 2340 4624 8036
904 2340 5290 7370
904 2364 3136 9500
904 2364 3584 9052
904 2364 4600 8036
904 2364 4800 7836
904 2364 5456 7180
904 2364 6230 6406
904 2450 3390 9160
904 2450 4440 8110
904 2450 4700 7850
904 2450 5186 7364
904 2460 5532 7008
904 2460 5830 6710
904 2462 3738 8800
904 2462 5258 7280
904 2514 4372 8114
904 2514 5975 6511
904 2596 5534 6870
904 2596 5584 6820
904 2602 4631 7767
904 2690 2810 9500
904 2690 3662 8648
904 2690 3738 8572
904 2696 3276 9028
904 2696 4190 8114
904 2696 4888 7416
904 2720 3091 9189
904 2733 4500 7767
904 2733 5682 6585
904 2810 3390 8800
904 2810 4315 7875
904 2810 4990 7200
904 2810 5584 6606
904 3066 4315 7619
904 3075 5519 6406
904 3136 3552 8312
904 3136 4440 7424
904 3136 4500 7364
904 3136 5186 6678
904 3136 5258 6606
904 3152 3276 8572
904 3152 3738 8110
904 3152 4315 7533
904 3152 5584 6264
904 3250 4470 7280
904 3276 3849 7875
904 3315 3849 7836
904 3315 4152 7533
904 3315 4315 7370
904 3387 3738 7875
904 3387 4315 7298
904 3390 3939 7671
904 3390 5682 5928
904 3392 4372 7236
904 3392 4470 7138
904 3392 4600 7008
904 3392 5456 6152
904 3552 3672 7776
904 3552 4440 7008
904 3552 4888 6560
904 3584 5186 6230
904 3662 4660 6678
904 3662 5186 6152
904 3672 4190 7138
904 3672 4320 7008
904 3738 5620 5642
904 3776 3808 7416
904 3776 3814 7410
904 3782 3808 7410
904 3782 5290 5928
904 3808 4372 6820
904 3814 5200 5986
904 3814 5258 5928
904 3821 3849 7330
904 3872 5200 5928
904 4100 4190 6710
904 4100 4315 6585
904 4100 5258 5642
904 4100 5366 5534
904 4315 4945 5740
904 4320 4560 6120
904 4320 4660 6020
904 4372 4600 6028
904 4372 4700 5928
904 4372 4888 5740
904 4470 4700 5830
904 4470 4848 5682
904 4470 4888 5642
904 4542 5200 5258
904 4560 4700 5740
904 4600 4660 5740
932 1042 4660 9270
932 1042 5740 8190
932 1042 6560 7370
932 1061 6870 7041
932 1254 5682 8036
932 1254 6710 7008
932 1262 4440 9270
932 1332 5366 8274
932 1332 5620 8020
932 1332 6230 7410
932 1346 6230 7396
932 1346 6585 7041
932 1347 4164 9461
932 1512 4190 9270
932 1512 4271 9189
932 1512 4660 8800
932 1512 4700 8760
932 1512 4888 8572
932 1512 4990 8470
932 1512 5186 8274
932 1558 5830 7584
932 1558 6406 7008
932 1588 3392 9992
932 1588 4624 8760
932 1588 4736 8648
932 1588 5534 7850
932 1588 6020 7364
932 1607 5290 8075
932 1607 6545 6820
932 1716 3552 9704
932 1716 3776 9480
932 1716 6020 7236
932 1744 4440 8788
932 1744 6028 7200
932 1858 4542 8572
932 1858 5642 7472
932 1864 4320 8788
932 1864 5258 7850
932 1864 5928 7180
932 1900 3672 9400
932 1900 4500 8572
932 1900 4542 8530
932 1900 4631 8441
932 1940 3152 9880
932 1940 3552 9480
932 1940 3872 9160
932 2080 3392 9500
932 2080 4320 8572
932 2163 5975 6834
932 2163 6264 6545
932 2192 3672 9108
932 2192 3849 8931
932 2192 5642 7138
932 2294 3782 8896
932 2320 3152 9500
932 2320 3872 8780
932 2320 4542 8110
932 2340 3152 9480
932 2340 3872 8760
932 2340 4320 8312
932 2364 3808 8800
932 2364 4848 7760
932 2460 4736 7776
932 2460 5642 6870
932 2462 4320 8190
932 2462 4660 7850
932 2514 3872 8586
932 2514 5258 7200
932 2514 5748 6710
932 2596 3596 8780
932 2596 4100 8276
932 2596 4600 7776
932 2690 3662 8620
932 2696 4440 7836
932 2696 4500 7776
932 2696 5456 6820
932 2720 3782 8470
932 2720 4888 7364
932 2733 4164 8075
932 2733 5975 6264
932 3056 3136 8780
932 3056 4500 7416
932 3056 4736 7180
932 3056 5331 6585
932 3066 4542 7364
932 3066 5642 6264
932 3075 3325 8572
932 3075 5077 6820
932 3136 3250 8586
932 3136 4440 7396
932 3136 4600 7236
932 3152 3250 8570
932 3250 3872 7850
932 3250 4542 7180
932 3250 4888 6834
932 3276 3776 7920
932 3276 3821 7875
932 3276 5290 6406
932 3315 3782 7875
932 3315 3821 7836
932 3315 3939 7718
932 3315 5682 5975
932 3390 3392 8190
932 3390 3662 7920
932 3392 4164 7416
932 3552 3584 7836
932 3552 4600 6820
932 3584 4152 7236
932 3596 4542 6834
932 3662 4440 6870
932 3662 4600 6710
932 3662 5290 6020
932 3672 4100 7200
932 3738 5614 5620
932 3776 5366 5830
932 3776 5456 5740
932 3782 4320 6870
932 3788 3814 7370
932 3788 4624 6560
932 4100 5258 5614
932 4152 4700 6120
932 4152 4800 6020
932 4152 4990 5830
932 4152 5200 5620
932 4190 4271 6511
932 4320 4500 6152
932 4320 4624 6028
932 4470 4888 5614
932 4500 4888 5584
932 4542 4600 5830
932 4600 4624 5748
932 4800 4945 5227
1042 1061 5331 8470
1042 1073 4600 9189
1042 1073 6820 6969
1042 1254 4500 9108
1042 1254 4848 8760
1042 1262 4100 9500
1042 1262 4440 9160
1042 1262 4800 8800
1042 1262 6230 7370
1042 1332 6120 7410
1042 1332 6710 6820
1042 1346 4736 8780
1042 1346 5740 7776
1042 1346 6120 7396
1042 1346 6152 7364
1042 1347 4945 8570
1042 1347 5748 7767
1042 1512 4190 9160
1042 1512 5986 7364
1042 1512 6020 7330
1042 1558 3584 9720
1042 1607 5584 7671
1042 1607 5975 7280
1042 1607 6545 6710
1042 1675 5077 8110
1042 1716 3596 9550
1042 1716 4440 8706
1042 1716 4560 8586
1042 1744 4470 8648
1042 1744 5534 7584
1042 1744 5748 7370
1042 1858 5532 7472
1042 1858 6444 6560
1042 1864 4888 8110
1042 1900 4848 8114
1042 1900 5186 7776
1042 1900 5682 7280
1042 1940 3315 9607
1042 1940 3814 9108
1042 1940 5642 7280
1042 2039 5290 7533
1042 2080 4470 8312
1042 2080 5366 7416
1042 2163 3939 8760
1042 2163 4624 8075
1042 2163 5227 7472
1042 2163 5519 7180
1042 2179 5642 7041
1042 2192 4100 8570
1042 2192 4560 8110
1042 2192 5532 7138
1042 2192 6264 6406
1042 2294 3672 8896
1042 2294 3788 8780
1042 2294 3808 8760
1042 2294 5748 6820
1042 2320 3782 8760
1042 2320 5534 7008
1042 2364 3390 9108
1042 2364 3738 8760
1042 2364 5200 7298
1042 2450 4100 8312
1042 2460 3782 8620
1042 2460 3872 8530
1042 2460 5532 6870
1042 2462 2696 9704
1042 2462 3814 8586
1042 2462 3821 8579
1042 2462 3849 8551
1042 2462 4624 7776
1042 2462 4990 7410
1042 2462 5200 7200
1042 2514 3066 9282
1042 2514 3776 8572
1042 2596 4152 8114
1042 2596 5258 7008
1042 2602 3152 9108
1042 2602 4500 7760
1042 2602 4542 7718
1042 2690 3276 8896
1042 2690 3392 8780
1042 2690 3552 8620
1042 2690 4152 8020
1042 2690 4553 7619
1042 2690 4700 7472
1042 2690 6020 6152
1042 2696 3596 8570
1042 2696 5456 6710
1042 2720 3672 8470
1042 2733 3939 8190
1042 2733 5584 6545
1042 2810 3776 8276
1042 3056 3276 8530
1042 3056 5200 6606
1042 3066 3776 8020
1042 3066 4372 7424
1042 3066 4560 7236
1042 3066 5532 6264
1042 3075 3872 7915
1042 3075 4315 7472
1042 3075 5077 6710
1042 3075 5227 6560
1042 3091 4100 7671
1042 3091 4152 7619
1042 3091 5186 6585
1042 3136 5740 5986
1042 3152 3596 8114
1042 3152 5682 6028
1042 3250 3776 7836
1042 3250 5584 6028
1042 3276 4190 7396
1042 3315 3672 7875
1042 3315 5519 6028
1042 3325 3662 7875
1042 3390 3552 7920
1042 3390 3939 7533
1042 3390 5642 5830
1042 3392 4100 7370
1042 3392 4190 7280
1042 3392 4600 6870
1042 3552 4440 6870
1042 3552 4600 6710
1042 3552 5290 6020
1042 3584 4600 6678
1042 3584 5258 6020
1042 3596 4660 6606
1042 3596 5584 5682
1042 3662 3776 7424
1042 3672 4320 6870
1042 3776 3788 7298
1042 3814 5366 5682
1042 3849 5331 5682
1042 3872 5456 5534
1042 4190 4990 5682
1042 4372 4470 6020
1042 4372 4660 5830
1042 4372 4848 5642
1042 4372 5200 5290
1042 4440 4888 5534
1042 4542 4700 5620
1042 4542 4736 5584
1042 4560 4660 5642
1061 1073 4500 9270
1061 1073 4990 8780
1061 1073 5200 8570
1061 1073 6406 7364
1061 1262 4553 9028
1061 1290 3849 9704
1061 1290 4271 9282
1061 1290 6020 7533
1061 1290 6545 7008
1061 1347 3776 9720
1061 1347 4600 8896
1061 1347 4736 8760
1061 1347 4848 8648
1061 1347 4945 8551
1061 1512 5456 7875
1061 1512 5620 7711
1061 1512 6511 6820
1061 1558 5614 7671
1061 1588 5584 7671
1061 1588 5975 7280
1061 1588 6545 6710
1061 1607 5200 8036
1061 1675 5584 7584
1061 1716 5456 7671
1061 1744 3939 9160
1061 1858 5366 7619
1061 1900 4631 8312
1061 1900 5519 7424
1061 2039 3776 9028
1061 2080 4848 7915
1061 2080 4888 7875
1061 2109 4164 8570
1061 2109 4624 8110
1061 2109 5534 7200
1061 2163 4660 8020
1061 2163 6120 6560
1061 2179 4888 7776
1061 2179 5366 7298
1061 2179 5830 6834
1061 2179 5986 6678
1061 2192 4100 8551
1061 2192 4631 8020
1061 2192 4736 7915
1061 2192 5227 7424
1061 2192 5682 6969
1061 2192 5830 6821
1061 2294 5077 7472
1061 2320 4990 7533
1061 2340 4736 7767
1061 2340 5534 6969
1061 2340 5682 6821
1061 2450 3814 8579
1061 2450 3821 8572
1061 2462 3276 9105
1061 2462 4271 8110
1061 2462 4848 7533
1061 2462 5975 6406
1061 2514 4553 7776
1061 2596 4372 7875
1061 2602 3136 9105
1061 2602 3662 8579
1061 2602 5200 7041
1061 2690 5642 6511
1061 2696 3387 8760
1061 2696 3596 8551
1061 2720 3849 8274
1061 2733 4190 7920
1061 2733 4700 7410
1061 2733 5290 6820
1061 2810 4315 7718
1061 2810 4500 7533
1061 3056 3872 7915
1061 3056 4315 7472
1061 3056 5077 6710
1061 3056 5227 6560
1061 3066 4736 7041
1061 3075 4372 7396
1061 3075 4470 7298
1061 3075 5740 6028
1061 3075 5748 6020
1061 3152 3250 8441
1061 3152 3776 7915
1061 3152 4553 7138
1061 3250 4624 6969
1061 3276 3849 7718
1061 3315 4164 7364
1061 3325 5366 6152
1061 3325 5532 5986
1061 3387 3738 7718
1061 3387 3872 7584
1061 3387 4945 6511
1061 3390 3782 7671
1061 3390 4315 7138
1061 3392 4271 7180
1061 3392 4631 6820
1061 3392 5331 6120
1061 3552 3672 7619
1061 3552 4470 6821
1061 3584 3849 7410
1061 3584 5331 5928
1061 3584 5519 5740
1061 3596 4736 6511
1061 3596 5227 6020
1061 3672 4660 6511
1061 3738 4271 6834
1061 3738 4560 6545
1061 3738 5077 6028
1061 3788 4470 6585
1061 3814 3849 7180
1061 3821 4152 6870
1061 3939 5290 5614
1061 4152 5077 5614
1061 4315 4500 6028
1061 4315 4542 5986
1061 4315 4553 5975
1061 4315 4600 5928
1061 4542 4553 5748
1061 4624 4700 5519
1061 4624 4888 5331
1073 1262 3849 9720
1073 1262 4990 8579
1073 1290 3821 9720
1073 1290 4271 9270
1073 1290 4990 8551
1073 1290 5830 7711
1073 1332 5584 7915
1073 1332 6678 6821
1073 1346 6444 7041
1073 1347 4553 8931
1073 1347 6120 7364
1073 1558 5740 7533
1073 1558 5975 7298
1073 1588 3782 9461
1073 1588 5532 7711
1073 1675 3276 9880
1073 1675 5740 7416
1073 1716 4315 8800
1073 1716 5200 7915
1073 1858 6152 6821
1073 1864 3939 9028
1073 1864 5200 7767
1073 1900 3091 9840
1073 1940 4271 8620
1073 2039 3392 9400
1073 2109 4152 8570
1073 2109 5584 7138
1073 2163 5258 7410
1073 2179 3152 9500
1073 2179 3872 8780
1073 2179 4542 8110
1073 2192 4315 8324
1073 2320 3939 8572
1073 2320 4800 7711
1073 2320 5331 7180
1073 2340 3091 9400
1073 2364 4631 7836
1073 2364 4700 7767
1073 2364 4848 7619
1073 2450 3276 9105
1073 2450 4271 8110
1073 2450 4848 7533
1073 2450 5975 6406
1073 2460 4660 7711
1073 2460 4700 7671
1073 2462 4945 7424
1073 2514 3738 8579
1073 2596 3075 9160
1073 2596 4315 7920
1073 2596 4320 7915
1073 2596 5227 7008
1073 2602 3788 8441
1073 2602 5519 6710
1073 2690 4470 7671
1073 2696 3584 8551
1073 2720 4440 7671
1073 2720 5290 6821
1073 2733 3392 8706
1073 2733 4800 7298
1073 2810 3315 8706
1073 2810 5200 6821
1073 3056 3939 7836
1073 3056 5331 6444
1073 3066 4945 6820
1073 3075 3136 8620
1073 3075 3315 8441
1073 3091 4560 7180
1073 3091 5620 6120
1073 3136 4271 7424
1073 3152 4315 7364
1073 3250 3814 7767
1073 3250 3821 7760
1073 3276 3788 7767
1073 3315 3596 7920
1073 3315 4100 7416
1073 3315 4152 7364
1073 3325 3392 8114
1073 3325 3788 7718
1073 3387 4164 7280
1073 3387 4624 6820
1073 3387 5614 5830
1073 3392 3672 7767
1073 3392 4470 6969
1073 3552 4271 7008
1073 3584 4736 6511
1073 3584 5227 6020
1073 3662 4624 6545
1073 3672 4190 6969
1073 3672 4553 6606
1073 3776 4470 6585
1073 3782 3849 7200
1073 3821 3872 7138
1073 3821 4190 6820
1073 3821 4990 6020
1073 3872 4553 6406
1073 4271 4440 6120
1073 4700 4800 5331
1073 4700 4945 5186
1254 1262 4600 8788
1254 1262 6152 7236
1254 1262 6678 6710
1254 1290 4560 8800
1254 1290 4600 8760
1254 1290 5584 7776
1254 1290 5642 7718
1254 1332 4848 8470
1254 1332 6020 7298
1254 1346 3584 9720
1254 1347 4372 8931
1254 1512 3738 9400
1254 1512 5519 7619
1254 1558 5620 7472
1254 1558 5682 7410
1254 1588 3662 9400
1254 1716 4660 8274
1254 1744 3066 9840
1254 1744 4320 8586
1254 1858 3392 9400
1254 1864 3066 9720
1254 1864 3325 9461
1254 1864 5456 7330
1254 1900 3250 9500
1254 1900 4164 8586
1254 1900 4560 8190
1254 1900 4990 7760
1254 1940 3814 8896
1254 1940 4600 8110
1254 2039 4736 7875
1254 2039 5331 7280
1254 2039 5642 6969
1254 2080 2690 9880
1254 2080 3782 8788
1254 2080 4100 8470
1254 2080 5200 7370
1254 2080 5290 7280
1254 2109 4100 8441
1254 2163 5077 7410
1254 2179 4800 7671
1254 2192 3872 8586
1254 2192 5258 7200
1254 2192 5748 6710
1254 2294 2364 9992
1254 2294 3596 8760
1254 2294 4320 8036
1254 2320 2450 9880
1254 2320 5620 6710
1254 2340 2810 9500
1254 2340 3662 8648
1254 2340 3738 8572
1254 2364 3390 8896
1254 2450 2720 9480
1254 2450 3552 8648
1254 2450 4164 8036
1254 2450 4440 7760
1254 2450 5366 6834
1254 2460 2690 9500
1254 2460 3390 8800
1254 2460 4315 7875
1254 2460 4990 7200
1254 2460 5584 6606
1254 2462 3136 9052
1254 2462 4152 8036
1254 2462 4470 7718
1254 2514 4100 8036
1254 2596 3584 8470
1254 2596 4470 7584
1254 2602 3152 8896
1254 2602 4624 7424
1254 2602 4848 7200
1254 2602 5227 6821
1254 2602 5642 6406
1254 2602 5928 6120
1254 2602 6020 6028
1254 2690 3390 8570
1254 2696 4624 7330
1254 2720 4560 7370
1254 2720 4600 7330
1254 2733 3387 8530
1254 2733 4553 7364
1254 2810 4470 7370
1254 2810 4542 7298
1254 2810 4560 7280
1254 2810 4660 7180
1254 3056 4553 7041
1254 3066 3808 7776
1254 3075 3808 7767
1254 3075 4990 6585
1254 3091 5584 5975
1254 3136 3738 7776
1254 3152 3662 7836
1254 3152 3738 7760
1254 3250 3325 8075
1254 3250 4164 7236
1254 3276 4553 6821
1254 3315 3939 7396
1254 3387 3552 7711
1254 3387 4553 6710
1254 3390 3788 7472
1254 3390 4440 6820
1254 3390 4700 6560
1254 3552 4553 6545
1254 3552 5456 5642
1254 3584 4660 6406
1254 3584 5532 5534
1254 3662 3788 7200
1254 3662 3808 7180
1254 3662 5456 5532
1254 3672 4372 6606
1254 3776 4164 6710
1254 3776 4888 5986
1254 3776 5290 5584
1254 3782 4190 6678
1254 3782 4848 6020
1254 3782 5186 5682
1254 3788 3821 7041
1254 3788 4152 6710
1254 3808 4164 6678
1254 3808 5200 5642
1254 3808 5258 5584
1254 3872 4100 6678
1254 3872 4372 6406
1254 3939 4736 5975
1254 4100 4320 6230
1254 4152 4470 6028
1254 4164 4500 5986
1254 4190 4440 6020
1254 4271 4631 5748
1254 4315 5077 5258
1254 4320 4500 5830
1254 4440 4470 5740
1254 4470 4560 5620
1254 4500 4631 5519
1254 4560 4800 5290
1254 4624 4660 5366
1254 4624 4736 5290
1254 4660 4700 5290
1262 1290 3872 9480
1262 1290 5928 7424
1262 1290 6152 7200
1262 1332 3849 9461
1262 1332 5200 8110
1262 1332 5290 8020
1262 1332 5534 7776
1262 1346 5186 8110
1262 1347 4190 9105
1262 1347 5519 7776
1262 1347 5584 7711
1262 1347 6585 6710
1262 1512 3250 9880
1262 1512 4560 8570
1262 1512 4600 8530
1262 1512 4660 8470
1262 1512 6545 6585
1262 1558 3584 9500
1262 1558 3814 9270
1262 1558 5366 7718
1262 1558 6264 6820
1262 1558 6406 6678
1262 1607 3315 9720
1262 1675 3939 9028
1262 1675 5200 7767
1262 1716 3821 9105
1262 1716 4736 8190
1262 1744 3738 9160
1262 1744 4624 8274
1262 1744 5227 7671
1262 1744 5534 7364
1262 1744 6028 6870
1262 1858 4164 8620
1262 1858 5200 7584
1262 1858 5584 7200
1262 1940 3152 9550
1262 2039 3672 8931
1262 2080 3782 8780
1262 2080 4372 8190
1262 2080 4542 8020
1262 2179 5227 7236
1262 2179 5642 6821
1262 2192 3662 8788
1262 2192 4600 7850
1262 2192 5740 6710
1262 2294 3066 9282
1262 2294 3776 8572
1262 2320 2602 9720
1262 2340 2462 9840
1262 2340 3250 9052
1262 2340 3596 8706
1262 2340 4542 7760
1262 2340 4631 7671
1262 2364 3250 9028
1262 2364 3808 8470
1262 2364 4164 8114
1262 2364 4560 7718
1262 2450 3392 8800
1262 2450 3662 8530
1262 2450 5748 6444
1262 2450 5928 6264
1262 2460 2462 9720
1262 2460 3596 8586
1262 2462 3075 9105
1262 2462 3152 9028
1262 2462 3392 8788
1262 2462 5620 6560
1262 2462 6028 6152
1262 2514 4848 7280
1262 2514 4990 7138
1262 2514 5258 6870
1262 2596 5077 6969
1262 2602 3392 8648
1262 2602 4190 7850
1262 2602 4624 7416
1262 2690 3056 8896
1262 2690 3152 8800
1262 2690 4542 7410
1262 2696 3672 8274
1262 2696 5682 6264
1262 2720 2733 9189
1262 2720 3392 8530
1262 2720 3808 8114
1262 2720 4624 7298
1262 3056 4190 7396
1262 3066 4152 7424
1262 3066 5456 6120
1262 3075 3849 7718
1262 3091 4271 7280
1262 3091 4315 7236
1262 3091 4945 6606
1262 3136 3392 8114
1262 3136 3788 7718
1262 3152 4945 6545
1262 3250 3808 7584
1262 3276 3782 7584
1262 3325 5331 5986
1262 3387 3584 7671
1262 3387 5227 6028
1262 3390 4542 6710
1262 3584 3662 7396
1262 3596 4440 6606
1262 3662 3939 7041
1262 3662 5366 5614
1262 3672 4100 6870
1262 3738 5290 5614
1262 3782 4315 6545
1262 3788 4624 6230
1262 3808 4848 5986
1262 3814 4800 6028
1262 3814 5186 5642
1262 3872 4164 6606
1262 3872 5186 5584
1262 4152 4470 6020
1262 4152 4660 5830
1262 4152 4848 5642
1262 4152 5200 5290
1262 4271 4631 5740
1262 4372 4440 5830
1262 4372 4736 5534
1262 4440 4560 5642
1262 4470 4945 5227
1290 1332 3782 9500
1290 1332 3821 9461
1290 1346 3276 9992
1290 1346 3788 9480
1290 1346 4372 8896
1290 1347 3387 9880
1290 1347 5077 8190
1290 1512 3552 9550
1290 1512 5227 7875
1290 1558 4470 8586
1290 1558 5584 7472
1290 1558 6511 6545
1290 1588 4320 8706
1290 1588 4440 8586
1290 1588 4990 8036
1290 1716 3738 9160
1290 1716 4624 8274
1290 1716 5227 7671
1290 1716 5534 7364
1290 1716 6028 6870
1290 1744 3390 9480
1290 1744 3939 8931
1290 1744 4164 8706
1290 1744 6264 6606
1290 1858 3276 9480
1290 1858 3596 9160
1290 1858 4315 8441
1290 1858 4736 8020
1290 1858 5748 7008
1290 1864 3250 9500
1290 1864 4164 8586
1290 1864 4560 8190
1290 1864 4990 7760
1290 1900 3662 9052
1290 1900 4440 8274
1290 1900 4600 8114
1290 1900 5290 7424
1290 1900 5534 7180
1290 1940 3392 9282
1290 1940 4560 8114
1290 1940 5258 7416
1290 1940 6230 6444
1290 2039 3075 9500
1290 2039 4500 8075
1290 2039 4660 7915
1290 2039 4700 7875
1290 2039 5534 7041
1290 2080 5928 6606
1290 2109 4315 8190
1290 2163 3872 8579
1290 2179 3849 8586
1290 2179 4560 7875
1290 2179 5614 6821
1290 2192 3152 9270
1290 2192 3662 8760
1290 2192 5186 7236
1290 2294 3672 8648
1290 2294 4470 7850
1290 2294 4553 7767
1290 2294 4560 7760
1290 2294 4736 7584
1290 2294 4848 7472
1290 2294 4990 7330
1290 2294 5642 6678
1290 2320 5584 6710
1290 2340 4164 8110
1290 2340 5830 6444
1290 2364 4631 7619
1290 2364 5986 6264
1290 2364 6020 6230
1290 2450 2460 9704
1290 2450 3056 9108
1290 2450 3136 9028
1290 2450 4631 7533
1290 2450 4800 7364
1290 2460 3584 8570
1290 2460 5748 6406
1290 2462 2602 9550
1290 2462 3392 8760
1290 2462 4736 7416
1290 2462 5331 6821
1290 2514 3776 8324
1290 2514 3788 8312
1290 2514 4736 7364
1290 2602 3392 8620
1290 2602 3738 8274
1290 2602 5748 6264
1290 2690 3136 8788
1290 2690 3276 8648
1290 2690 3814 8110
1290 2690 3849 8075
1290 2690 4164 7760
1290 2690 4500 7424
1290 2690 4560 7364
1290 2696 2810 9108
1290 2696 3808 8110
1290 2720 3315 8579
1290 2720 4470 7424
1290 2810 4271 7533
1290 2810 4440 7364
1290 2810 4624 7180
1290 3056 3782 7776
1290 3056 3939 7619
1290 3056 4848 6710
1290 3066 3788 7760
1290 3066 4152 7396
1290 3066 5620 5928
1290 3075 3821 7718
1290 3075 5519 6020
1290 3091 3939 7584
1290 3136 4470 7008
1290 3136 4800 6678
1290 3152 3387 8075
1290 3152 4164 7298
1290 3152 5534 5928
1290 3250 4164 7200
1290 3250 5534 5830
1290 3276 4660 6678
1290 3276 5186 6152
1290 3325 4320 6969
1290 3390 3808 7416
1290 3390 3814 7410
1290 3552 3782 7280
1290 3584 4320 6710
1290 3584 4470 6560
1290 3584 4624 6406
1290 3584 4800 6230
1290 3584 5200 5830
1290 3584 5290 5740
1290 3596 3738 7280
1290 3596 3782 7236
1290 3596 4990 6028
1290 3662 3672 7280
1290 3662 3814 7138
1290 3662 4800 6152
1290 3738 4470 6406
1290 3738 4848 6028
1290 3788 4315 6511
1290 3808 4542 6264
1290 3808 5186 5620
1290 3814 5186 5614
1290 3939 4164 6511
1290 3939 4700 5975
1290 4152 4848 5614
1290 4271 4315 6028
1290 4372 4560 5682
1290 4372 4600 5642
1290 4440 4560 5614
1290 4470 4560 5584
1290 4542 4553 5519
1290 4624 4700 5290
1290 4736 4888 4990
1332 1346 5642 7584
1332 1346 5830 7396
1332 1346 5928 7298
1332 1346 6406 6820
1332 1512 4164 8896
1332 1512 4440 8620
1332 1512 4736 8324
1332 1588 3584 9400
1332 1588 4660 8324
1332 1588 5614 7370
1332 1588 5620 7364
1332 1588 5748 7236
1332 1607 3776 9189
1332 1607 4945 8020
1332 1675 5186 7711
1332 1675 5928 6969
1332 1716 3136 9720
1332 1716 3152 9704
1332 1716 5620 7236
1332 1716 5986 6870
1332 1744 3776 9052
1332 1858 3662 9052
1332 1858 4440 8274
1332 1858 4600 8114
1332 1858 5290 7424
1332 1858 5534 7180
1332 1864 4990 7718
1332 1864 6264 6444
1332 1900 3390 9282
1332 1900 3776 8896
1332 1900 3872 8800
1332 1900 4100 8572
1332 1900 5200 7472
1332 1900 5534 7138
1332 1940 3152 9480
1332 1940 3872 8760
1332 1940 4320 8312
1332 2080 3387 9105
1332 2080 3596 8896
1332 2080 3872 8620
1332 2109 5227 7236
1332 2109 5642 6821
1332 2163 3939 8470
1332 2179 3814 8579
1332 2179 3821 8572
1332 2192 3808 8572
1332 2192 3939 8441
1332 2192 4190 8190
1332 2192 5200 7180
1332 2294 3250 9028
1332 2294 3808 8470
1332 2294 4164 8114
1332 2294 4560 7718
1332 2320 3782 8470
1332 2320 4888 7364
1332 2340 3584 8648
1332 2340 3662 8570
1332 2364 3738 8470
1332 2364 4372 7836
1332 2364 4624 7584
1332 2364 4736 7472
1332 2364 5200 7008
1332 2450 3552 8570
1332 2460 3788 8324
1332 2462 4190 7920
1332 2462 4700 7410
1332 2462 5290 6820
1332 2514 3782 8276
1332 2514 5614 6444
1332 2596 3390 8586
1332 2596 4560 7416
1332 2596 5532 6444
1332 2602 2810 9160
1332 2602 4560 7410
1332 2602 4600 7370
1332 2602 5740 6230
1332 2690 4164 7718
1332 2696 3325 8551
1332 2696 3552 8324
1332 2696 4100 7776
1332 2696 5331 6545
1332 2720 3662 8190
1332 2720 3738 8114
1332 2810 3056 8706
1332 2810 4624 7138
1332 2810 5532 6230
1332 2810 5642 6120
1332 3056 3075 8441
1332 3056 3596 7920
1332 3056 4100 7416
1332 3056 4152 7364
1332 3066 3392 8114
1332 3066 3788 7718
1332 3075 3387 8110
1332 3091 4440 7041
1332 3091 4660 6821
1332 3152 3584 7836
1332 3152 4600 6820
1332 3250 3738 7584
1332 3276 3872 7424
1332 3276 4736 6560
1332 3276 5614 5682
1332 3325 4736 6511
1332 3325 5227 6020
1332 3387 3821 7364
1332 3387 4315 6870
1332 3387 4600 6585
1332 3392 3596 7584
1332 3392 4470 6710
1332 3392 4736 6444
1332 3552 3596 7424
1332 3584 3788 7200
1332 3584 3808 7180
1332 3584 5456 5532
1332 3596 3776 7200
1332 3596 4990 5986
1332 3662 5290 5620
1332 3672 4190 6710
1332 3672 4315 6585
1332 3672 5258 5642
1332 3672 5366 5534
1332 3738 4848 5986
1332 3776 3788 7008
1332 3776 4190 6606
1332 3782 3821 6969
1332 3782 4560 6230
1332 3782 5258 5532
1332 3788 5200 5584
1332 3808 4320 6444
1332 3808 4500 6264
1332 3808 4736 6028
1332 3814 4152 6606
1332 3821 4631 6120
1332 3872 4470 6230
1332 4100 4320 6152
1332 4100 4888 5584
1332 4152 4190 6230
1332 4152 4800 5620
1332 4152 4888 5532
1332 4164 4660 5748
1332 4164 5077 5331
1332 4190 4700 5682
1332 4190 4848 5534
1332 4271 4315 5986
1332 4271 4553 5748
1332 4440 4600 5532
1332 4470 4736 5366
1332 4500 4553 5519
1346 1347 4315 8896
1346 1347 4660 8551
1346 1347 5975 7236
1346 1512 3776 9270
1346 1512 5682 7364
1346 1512 5748 7298
1346 1558 4470 8530
1346 1558 5584 7416
1346 1588 3250 9720
1346 1588 4190 8780
1346 1588 4440 8530
1346 1588 4500 8470
1346 1607 4372 8579
1346 1607 6406 6545
1346 1675 3276 9607
1346 1675 5519 7364
1346 1716 3814 9028
1346 1716 4372 8470
1346 1716 5258 7584
1346 1716 5642 7200
1346 1744 4624 8190
1346 1744 4700 8114
1346 1744 5534 7280
1346 1744 5614 7200
1346 1858 3672 9028
1346 1858 5290 7410
1346 1858 5830 6870
1346 1864 4164 8530
1346 1900 5186 7472
1346 1940 5748 6870
1346 2039 4848 7671
1346 2080 4945 7533
1346 2163 4320 8075
1346 2179 3849 8530
1346 2192 5186 7180
1346 2192 5532 6834
1346 2294 3075 9189
1346 2294 4553 7711
1346 2294 4848 7416
1346 2340 2514 9704
1346 2340 4500 7718
1346 2340 4848 7370
1346 2340 4888 7330
1346 2364 2733 9461
1346 2364 5186 7008
1346 2450 3056 9052
1346 2460 3392 8706
1346 2460 4800 7298
1346 2462 2596 9500
1346 2462 2696 9400
1346 2462 3390 8706
1346 2462 4320 7776
1346 2462 4624 7472
1346 2462 4700 7396
1346 2514 5366 6678
1346 2596 3066 8896
1346 2596 3390 8572
1346 2596 3392 8570
1346 2602 3250 8706
1346 2602 4372 7584
1346 2602 4560 7396
1346 2602 5928 6028
1346 2690 5748 6120
1346 2696 2810 9052
1346 2696 3276 8586
1346 2696 3392 8470
1346 2696 3672 8190
1346 2696 5456 6406
1346 2720 2733 9105
1346 2720 2810 9028
1346 2720 4700 7138
1346 2810 4164 7584
1346 3056 3392 8110
1346 3066 3821 7671
1346 3075 5077 6406
1346 3075 5331 6152
1346 3091 3392 8075
1346 3091 3552 7915
1346 3136 3662 7760
1346 3136 5682 5740
1346 3152 4800 6606
1346 3276 3872 7410
1346 3276 5534 5748
1346 3325 5258 5975
1346 3387 3552 7619
1346 3387 4660 6511
1346 3390 3392 7776
1346 3390 3584 7584
1346 3392 4560 6606
1346 3552 3596 7410
1346 3552 4600 6406
1346 3552 5258 5748
1346 3584 3738 7236
1346 3596 3782 7180
1346 3738 4700 6120
1346 3738 4800 6020
1346 3738 4990 5830
1346 3738 5200 5620
1346 3776 4271 6511
1346 3782 4624 6152
1346 3782 4848 5928
1346 3788 4164 6606
1346 3788 5186 5584
1346 3808 4190 6560
1346 3814 4624 6120
1346 3821 4152 6585
1346 3849 4164 6545
1346 3872 4700 5986
1346 4100 5200 5258
1346 4190 4440 5928
1346 4320 4624 5614
1346 4470 4888 5200
1346 4500 4800 5258
1346 4542 4560 5456
1346 4600 4700 5258
1346 4631 4700 5227
1347 1512 3325 9720
1347 1512 3584 9461
1347 1558 3392 9607
1347 1588 5258 7711
1347 1588 5928 7041
1347 1607 4190 8760
1347 1607 5331 7619
1347 1607 5366 7584
1347 1607 5534 7416
1347 1607 5620 7330
1347 1675 5584 7298
1347 1675 5682 7200
1347 1716 4271 8570
1347 1716 6020 6821
1347 1744 4372 8441
1347 1858 3939 8760
1347 1858 4624 8075
1347 1858 5227 7472
1347 1858 5519 7180
1347 1900 3387 9270
1347 1900 3552 9105
1347 1900 5519 7138
1347 1940 4542 8075
1347 2039 3738 8780
1347 2039 3939 8579
1347 2039 4800 7718
1347 2109 3552 8896
1347 2109 5614 6834
1347 2163 2514 9880
1347 2163 2690 9704
1347 2163 3808 8586
1347 2179 3672 8706
1347 2179 3808 8570
1347 2179 4542 7836
1347 2179 4660 7718
1347 2192 3814 8551
1347 2192 5227 7138
1347 2294 3939 8324
1347 2320 4470 7767
1347 2340 3776 8441
1347 2364 4660 7533
1347 2364 5682 6511
1347 2450 4271 7836
1347 2460 3821 8276
1347 2460 5227 6870
1347 2462 3315 8780
1347 2462 3821 8274
1347 2462 5584 6511
1347 2462 5975 6120
1347 2514 4372 7671
1347 2514 5532 6511
1347 2596 4631 7330
1347 2596 5975 5986
1347 2690 4100 7767
1347 2690 4631 7236
1347 2696 4190 7671
1347 2733 3788 8036
1347 2733 4624 7200
1347 2733 4990 6834
1347 2810 3672 8075
1347 2810 3872 7875
1347 3056 3387 8114
1347 3056 4631 6870
1347 3056 4990 6511
1347 3066 3872 7619
1347 3066 5227 6264
1347 3075 4152 7330
1347 3091 3276 8190
1347 3136 4600 6821
1347 3152 3821 7584
1347 3152 3872 7533
1347 3250 3387 7920
1347 3250 3392 7915
1347 3250 3596 7711
1347 3250 5077 6230
1347 3276 3662 7619
1347 3276 4736 6545
1347 3315 3392 7850
1347 3315 3872 7370
1347 3315 4372 6870
1347 3325 3808 7424
1347 3387 3872 7298
1347 3552 5077 5928
1347 3584 4152 6821
1347 3584 4945 6028
1347 3584 5331 5642
1347 3662 4631 6264
1347 3672 5366 5519
1347 3782 4190 6585
1347 3782 4800 5975
1347 3782 4945 5830
1347 3808 4164 6585
1347 3872 4100 6585
1347 3872 4945 5740
1347 4190 4848 5519
1347 4190 5077 5290
1347 4315 4560 5682
1347 4315 4600 5642
1347 4470 4553 5534
1347 4470 4631 5456
1347 4560 4631 5366
1512 1558 3552 9282
1512 1558 3782 9052
1512 1558 4560 8274
1512 1588 3776 9028
1512 1607 3596 9189
1512 1607 4315 8470
1512 1675 3821 8896
1512 1675 5748 6969
1512 1716 3276 9400
1512 1744 3596 9052
1512 1744 4372 8276
1512 1744 4888 7760
1512 1858 5928 6606
1512 1900 3387 9105
1512 1900 3596 8896
1512 1900 3872 8620
1512 1940 2460 9992
1512 1940 3672 8780
1512 2039 3325 9028
1512 2039 5519 6834
1512 2039 5532 6821
1512 2080 2320 9992
1512 2080 3152 9160
1512 2080 3552 8760
1512 2080 3782 8530
1512 2080 4888 7424
1512 2109 2733 9550
1512 2109 3387 8896
1512 2163 3788 8441
1512 2163 5519 6710
1512 2179 2733 9480
1512 2179 3662 8551
1512 2179 3939 8274
1512 2179 4542 7671
1512 2192 2320 9880
1512 2192 2720 9480
1512 2192 3552 8648
1512 2192 4164 8036
1512 2192 4440 7760
1512 2192 5366 6834
1512 2294 3392 8706
1512 2294 4800 7298
1512 2320 4152 7920
1512 2320 4600 7472
1512 2340 3776 8276
1512 2364 4848 7180
1512 2364 5584 6444
1512 2450 2462 9480
1512 2450 4271 7671
1512 2450 4470 7472
1512 2460 3152 8780
1512 2462 4560 7370
1512 2462 4600 7330
1512 2514 2596 9282
1512 2514 5200 6678
1512 2514 5614 6264
1512 2596 3776 8020
1512 2596 4372 7424
1512 2596 4560 7236
1512 2596 5532 6264
1512 2690 3390 8312
1512 2690 3782 7920
1512 2690 4372 7330
1512 2690 5258 6444
1512 2690 5682 6020
1512 2696 3776 7920
1512 2696 3821 7875
1512 2696 5290 6406
1512 2720 4631 7041
1512 2733 3584 8075
1512 2810 3392 8190
1512 2810 3662 7920
1512 3056 4100 7236
1512 3066 3136 8190
1512 3075 5331 5986
1512 3136 3672 7584
1512 3136 5614 5642
1512 3152 3325 7915
1512 3152 3390 7850
1512 3152 4271 6969
1512 3250 4631 6511
1512 3250 4736 6406
1512 3250 4990 6152
1512 3276 5532 5584
1512 3315 3939 7138
1512 3387 5077 5928
1512 3390 3672 7330
1512 3392 3584 7416
1512 3392 4440 6560
1512 3392 4736 6264
1512 3392 4848 6152
1512 3596 3788 7008
1512 3596 4190 6606
1512 3662 4500 6230
1512 3662 4990 5740
1512 3672 4600 6120
1512 3672 4700 6020
1512 3672 5186 5534
1512 3776 3782 6834
1512 3782 4624 5986
1512 3782 4990 5620
1512 3788 4990 5614
1512 3808 4320 6264
1512 3872 4500 6020
1512 4152 4500 5740
1512 4190 4372 5830
1512 4190 4560 5642
1512 4320 4553 5519
1512 4470 4736 5186
1512 4542 4560 5290
1558 1588 5620 7138
1558 1588 6152 6606
1558 1607 3808 8931
1558 1607 3939 8800
1558 1716 4100 8530
1558 1716 4440 8190
1558 1744 3814 8788
1558 1744 5186 7416
1558 1744 5366 7236
1558 1858 3782 8706
1558 1858 4164 8324
1558 1858 5519 6969
1558 1858 5928 6560
1558 1864 2602 9880
1558 1864 3776 8706
1558 1864 4372 8110
1558 1940 3136 9270
1558 1940 4990 7416
1558 2039 4271 8036
1558 2080 4152 8114
1558 2080 5258 7008
1558 2109 4470 7767
1558 2163 3075 9108
1558 2179 3387 8780
1558 2192 2450 9704
1558 2192 3584 8570
1558 2192 5748 6406
1558 2294 3776 8276
1558 2320 4190 7836
1558 2320 4315 7711
1558 2320 4888 7138
1558 2320 5620 6406
1558 2340 3075 8931
1558 2340 5186 6820
1558 2340 5986 6020
1558 2364 3276 8706
1558 2364 3872 8110
1558 2364 4271 7711
1558 2364 5830 6152
1558 2450 3136 8760
1558 2450 3276 8620
1558 2450 3584 8312
1558 2450 3782 8114
1558 2450 3821 8075
1558 2450 4500 7396
1558 2450 4660 7236
1558 2450 4888 7008
1558 2450 5186 6710
1558 2450 5290 6606
1558 2460 3776 8110
1558 2460 4470 7416
1558 2462 2602 9282
1558 2462 5620 6264
1558 2596 4470 7280
1558 2602 4320 7424
1558 2602 4736 7008
1558 2696 3814 7836
1558 2696 3939 7711
1558 2696 4320 7330
1558 2696 4470 7180
1558 2720 3056 8570
1558 2720 3075 8551
1558 2720 3776 7850
1558 2733 3738 7875
1558 2733 4315 7298
1558 2810 3066 8470
1558 2810 3776 7760
1558 3056 4152 7138
1558 3056 4470 6820
1558 3066 3808 7472
1558 3066 4100 7180
1558 3066 5532 5748
1558 3075 3738 7533
1558 3091 3584 7671
1558 3091 5227 6028
1558 3136 3738 7472
1558 3136 3814 7396
1558 3136 4500 6710
1558 3250 3672 7424
1558 3276 5456 5614
1558 3325 3821 7200
1558 3387 3821 7138
1558 3387 4553 6406
1558 3390 3776 7180
1558 3392 3584 7370
1558 3596 4190 6560
1558 3662 3814 6870
1558 3738 3788 6820
1558 3738 4164 6444
1558 3776 4164 6406
1558 3776 4542 6028
1558 3776 4888 5682
1558 3788 4152 6406
1558 3788 5227 5331
1558 3939 4888 5519
1558 4100 4271 5975
1558 4152 4660 5534
1558 4164 4500 5682
1558 4190 4542 5614
1558 4190 4624 5532
1558 4190 4700 5456
1558 4271 4848 5227
1558 4315 4700 5331
1558 4320 4660 5366
1558 4320 4736 5290
1558 4372 4440 5534
1558 4500 4660 5186
1558 4553 4848 4945
1558 4560 4600 5186
1588 1607 5740 6969
1588 1675 3091 9550
1588 1716 2720 9880
1588 1744 4736 7836
1588 1858 3872 8586
1588 1858 5258 7200
1588 1858 5748 6710
1588 1864 2460 9992
1588 1864 3672 8780
1588 1900 2696 9720
1588 1900 6152 6264
1588 1940 3596 8780
1588 1940 4100 8276
1588 1940 4600 7776
1588 2039 5077 7200
1588 2039 5456 6821
1588 2080 5366 6870
1588 2080 5830 6406
1588 2109 3276 8931
1588 2109 4440 7767
1588 2163 5642 6511
1588 2179 4553 7584
1588 2192 3552 8572
1588 2192 4700 7424
1588 2192 4888 7236
1588 2192 5290 6834
1588 2294 3091 8931
1588 2294 3552 8470
1588 2320 2596 9400
1588 2320 3672 8324
1588 2320 4600 7396
1588 2340 3390 8586
1588 2340 4560 7416
1588 2340 5532 6444
1588 2364 3056 8896
1588 2364 3152 8800
1588 2364 4542 7410
1588 2450 2596 9270
1588 2450 3066 8800
1588 2450 3315 8551
1588 2450 4470 7396
1588 2460 2696 9160
1588 2460 3056 8800
1588 2460 4440 7416
1588 2460 4848 7008
1588 2462 3066 8788
1588 2462 3939 7915
1588 2514 3782 8020
1588 2514 5682 6120
1588 2596 3250 8470
1588 2596 4440 7280
1588 2596 5456 6264
1588 2602 3066 8648
1588 2602 3390 8324
1588 2690 3056 8570
1588 2690 3075 8551
1588 2690 3776 7850
1588 2696 3584 8036
1588 2696 4440 7180
1588 2696 4800 6820
1588 2720 3066 8530
1588 2720 4990 6606
1588 2720 5366 6230
1588 2733 3872 7711
1588 2733 4542 7041
1588 2810 3392 8114
1588 2810 3788 7718
1588 3056 3788 7472
1588 3056 4440 6820
1588 3056 4700 6560
1588 3066 3136 8114
1588 3136 3596 7584
1588 3136 4470 6710
1588 3136 4736 6444
1588 3250 4660 6406
1588 3250 5532 5534
1588 3276 4888 6152
1588 3276 5456 5584
1588 3315 3821 7180
1588 3390 3596 7330
1588 3390 3788 7138
1588 3390 4320 6606
1588 3390 5186 5740
1588 3392 4660 6264
1588 3552 3584 7180
1588 3552 4320 6444
1588 3552 4500 6264
1588 3552 4736 6028
1588 3584 5200 5532
1588 3596 4600 6120
1588 3596 4700 6020
1588 3596 5186 5534
1588 3672 4624 6020
1588 3776 4800 5740
1588 3788 4500 6028
1588 3788 4542 5986
1588 3788 4553 5975
1588 3788 4600 5928
1588 3808 4888 5620
1588 3814 4888 5614
1588 3849 4315 6152
1588 3872 5186 5258
1588 4164 4470 5682
1588 4190 4542 5584
1588 4470 4660 5186
1607 1675 4152 8470
1607 1675 5258 7364
1607 1675 5614 7008
1607 1716 3392 9189
1607 1716 3821 8760
1607 1716 5975 6606
1607 1744 5584 6969
1607 1858 3250 9189
1607 1858 3387 9052
1607 1858 5928 6511
1607 1864 3325 9108
1607 1940 3075 9282
1607 1940 5077 7280
1607 2039 3552 8706
1607 2039 3672 8586
1607 2039 3788 8470
1607 2039 4848 7410
1607 2039 4888 7370
1607 2039 6028 6230
1607 2080 3776 8441
1607 2109 3136 9052
1607 2109 4152 8036
1607 2109 4470 7718
1607 2163 2294 9840
1607 2163 5456 6678
1607 2179 3066 9052
1607 2179 5077 7041
1607 2192 3325 8780
1607 2192 4190 7915
1607 2294 2733 9270
1607 2294 4470 7533
1607 2294 5975 6028
1607 2320 4553 7424
1607 2340 3387 8570
1607 2340 4190 7767
1607 2462 3075 8760
1607 2462 4164 7671
1607 2462 5290 6545
1607 2514 4164 7619
1607 2514 5519 6264
1607 2596 4660 7041
1607 2602 3075 8620
1607 2602 4271 7424
1607 2690 3056 8551
1607 2696 3325 8276
1607 2696 4271 7330
1607 2696 4560 7041
1607 2720 3136 8441
1607 2720 3387 8190
1607 2720 3662 7915
1607 2733 3788 7776
1607 2810 3776 7711
1607 3066 3821 7410
1607 3066 4190 7041
1607 3066 4553 6678
1607 3091 3782 7424
1607 3091 4372 6834
1607 3091 4600 6606
1607 3091 4800 6406
1607 3091 5186 6020
1607 3136 3325 7836
1607 3136 5186 5975
1607 3136 5331 5830
1607 3136 5519 5642
1607 3152 4560 6585
1607 3152 4600 6545
1607 3276 3821 7200
1607 3315 3782 7200
1607 3325 4152 6820
1607 3325 5290 5682
1607 3387 5290 5620
1607 3390 5077 5830
1607 3392 4320 6585
1607 3552 3776 6969
1607 3584 3672 7041
1607 3596 4190 6511
1607 3662 3814 6821
1607 3662 4660 5975
1607 3738 3849 6710
1607 3738 4631 5928
1607 3738 4945 5614
1607 3788 4990 5519
1607 3821 4736 5740
1607 3821 5186 5290
1607 3849 4700 5748
1607 3939 4372 5986
1607 4152 4315 5830
1607 4152 4945 5200
1607 4271 4660 5366
1607 4271 4736 5290
1607 4372 4848 5077
1607 4470 4600 5227
1607 4560 4660 5077
1675 1716 5928 6585
1675 1744 3325 9160
1675 1858 4660 7711
1675 1858 4700 7671
1675 1864 3814 8551
1675 1864 5227 7138
1675 1900 4553 7776
1675 1940 3738 8551
1675 2039 2690 9500
1675 2039 3390 8800
1675 2039 4315 7875
1675 2039 4990 7200
1675 2039 5584 6606
1675 2109 2720 9400
1675 2109 3808 8312
1675 2109 4100 8020
1675 2163 3596 8470
1675 2163 4736 7330
1675 2179 3250 8800
1675 2179 3738 8312
1675 2179 3776 8274
1675 2192 3596 8441
1675 2294 3315 8620
1675 2294 3821 8114
1675 2320 2720 9189
1675 2340 3814 8075
1675 2340 4848 7041
1675 2450 4945 6834
1675 2460 3849 7920
1675 2460 4631 7138
1675 2460 4800 6969
1675 2460 5258 6511
1675 2514 3136 8579
1675 2514 3939 7776
1675 2514 5740 5975
1675 2596 4100 7533
1675 2596 5227 6406
1675 2602 2696 8931
1675 2602 3315 8312
1675 2602 3552 8075
1675 2690 3821 7718
1675 2690 5519 6020
1675 2696 2733 8800
1675 2720 5534 5975
1675 2733 4100 7396
1675 3066 3387 7776
1675 3075 3387 7767
1675 3075 3738 7416
1675 3075 4320 6834
1675 3075 5534 5620
1675 3091 3808 7330
1675 3091 4553 6585
1675 3091 5456 5682
1675 3152 3939 7138
1675 3315 3584 7330
1675 3315 3776 7138
1675 3315 4470 6444
1675 3325 5290 5614
1675 3387 3662 7180
1675 3387 4164 6678
1675 3387 5200 5642
1675 3387 5258 5584
1675 3552 4271 6406
1675 3584 4100 6545
1675 3814 4440 5975
1675 3821 4660 5748
1675 3821 5077 5331
1675 3849 4848 5532
1675 3939 4315 5975
1675 3939 4542 5748
1675 4271 4700 5258
1675 4315 4624 5290
1675 4624 4660 4945
1716 1744 3392 9052
1716 1744 3738 8706
1716 1744 3872 8572
1716 1858 2450 9880
1716 1858 5620 6710
1716 1864 3738 8586
1716 1864 5186 7138
1716 1864 5614 6710
1716 1900 3392 8896
1716 1900 4990 7298
1716 1900 5682 6606
1716 1940 3662 8586
1716 1940 5642 6606
1716 2080 3056 9052
1716 2109 4164 7915
1716 2109 5258 6821
1716 2109 5519 6560
1716 2109 5534 6545
1716 2163 3584 8441
1716 2163 4553 7472
1716 2179 5331 6678
1716 2192 2596 9400
1716 2192 3672 8324
1716 2192 4600 7396
1716 2294 3315 8579
1716 2294 4470 7424
1716 2320 5748 6120
1716 2340 3276 8572
1716 2340 3738 8110
1716 2340 4315 7533
1716 2340 5584 6264
1716 2364 3788 8036
1716 2364 4624 7200
1716 2364 4990 6834
1716 2450 3152 8586
1716 2450 4440 7298
1716 2450 4600 7138
1716 2450 5227 6511
1716 2460 3808 7920
1716 2462 5740 5986
1716 2596 2696 8896
1716 2596 3672 7920
1716 2596 5186 6406
1716 2602 2690 8896
1716 2602 3056 8530
1716 2602 4190 7396
1716 2690 3662 7836
1716 2690 3738 7760
1716 2696 3821 7671
1716 2720 3849 7619
1716 2810 3066 8312
1716 2810 4700 6678
1716 2810 5258 6120
1716 3075 4553 6560
1716 3091 4945 6152
1716 3091 5077 6020
1716 3136 3276 7776
1716 3136 3872 7180
1716 3136 5077 5975
1716 3152 3276 7760
1716 3152 3325 7711
1716 3152 3672 7364
1716 3152 3738 7298
1716 3250 3738 7200
1716 3315 4945 5928
1716 3325 4888 5975
1716 3325 5331 5532
1716 3392 3596 7200
1716 3392 3788 7008
1716 3392 4190 6606
1716 3552 4372 6264
1716 3552 4888 5748
1716 3584 3596 7008
1716 3584 4990 5614
1716 3596 4440 6152
1716 3738 3939 6511
1716 3782 3821 6585
1716 3788 4372 6028
1716 3788 4660 5740
1716 3808 4848 5532
1716 3821 4848 5519
1716 3821 5077 5290
1716 3872 4164 6152
1716 4100 4888 5200
1716 4164 4440 5584
1716 4190 4542 5456
1716 4315 4542 5331
1716 4500 4800 4888
1716 4600 4700 4888
1744 1858 2462 9840
1744 1858 3250 9052
1744 1858 3596 8706
1744 1858 4542 7760
1744 1858 4631 7671
1744 1864 3136 9160
1744 1900 3152 9108
1744 1900 4500 7760
1744 1900 4542 7718
1744 1940 2340 9880
1744 1940 2720 9500
1744 1940 5614 6606
1744 2039 2514 9607
1744 2039 4271 7850
1744 2080 2810 9270
1744 2080 4320 7760
1744 2080 4800 7280
1744 2080 5928 6152
1744 2163 3066 8931
1744 2192 5258 6710
1744 2192 5290 6678
1744 2294 2596 9270
1744 2294 3066 8800
1744 2294 3315 8551
1744 2294 4470 7396
1744 2320 2340 9500
1744 2320 4470 7370
1744 2320 4542 7298
1744 2320 4560 7280
1744 2320 4660 7180
1744 2340 3250 8570
1744 2364 2514 9282
1744 2364 3776 8020
1744 2364 4372 7424
1744 2364 4560 7236
1744 2364 5532 6264
1744 2450 2602 9108
1744 2450 3596 8114
1744 2450 5682 6028
1744 2460 4500 7200
1744 2460 4990 6710
1744 2462 3584 8114
1744 2462 3662 8036
1744 2462 4560 7138
1744 2596 3788 7776
1744 2602 3782 7776
1744 2602 3939 7619
1744 2602 4848 6710
1744 2690 4100 7370
1744 2690 4190 7280
1744 2690 4600 6870
1744 2696 3152 8312
1744 2696 4100 7364
1744 2696 5200 6264
1744 2720 3250 8190
1744 2720 3821 7619
1744 2733 3552 7875
1744 2733 3808 7619
1744 3056 4660 6444
1744 3066 3814 7280
1744 3075 3325 7760
1744 3075 3552 7533
1744 3075 3849 7236
1744 3075 4500 6585
1744 3091 4100 6969
1744 3136 3552 7472
1744 3136 3788 7236
1744 3136 4190 6834
1744 3152 3584 7424
1744 3152 3808 7200
1744 3152 4888 6120
1744 3152 5366 5642
1744 3250 5290 5620
1744 3276 4440 6444
1744 3387 3939 6834
1744 3390 4164 6606
1744 3390 5186 5584
1744 3552 3738 6870
1744 3552 3788 6820
1744 3552 4164 6444
1744 3662 3788 6710
1744 3662 4470 6028
1744 3672 4560 5928
1744 3738 4888 5534
1744 3776 4800 5584
1744 3782 4736 5642
1744 3788 4542 5830
1744 3788 4624 5748
1744 3849 4945 5366
1744 4100 4320 5740
1744 4100 4440 5620
1744 4271 4631 5258
1744 4470 4700 4990
1744 4624 4736 4800
1744 4660 4700 4800
1858 1864 2462 9720
1858 1864 3596 8586
1858 1900 2596 9550
1858 1900 3250 8896
1858 1900 3872 8274
1858 1900 4271 7875
1858 1900 4736 7410
1858 1900 4848 7298
1858 1900 5740 6406
1858 1940 3782 8324
1858 1940 4736 7370
1858 1940 5986 6120
1858 2039 3387 8620
1858 2039 5186 6821
1858 2080 2696 9270
1858 2080 3387 8579
1858 2080 3776 8190
1858 2080 4190 7776
1858 2080 4542 7424
1858 2109 5227 6710
1858 2109 5331 6606
1858 2163 2179 9704
1858 2163 3808 8075
1858 2163 4553 7330
1858 2179 4100 7767
1858 2179 4631 7236
1858 2192 3066 8788
1858 2192 3939 7915
1858 2320 5740 5986
1858 2340 2810 8896
1858 2340 3136 8570
1858 2340 3596 8110
1858 2340 3939 7767
1858 2340 4470 7236
1858 2364 3152 8530
1858 2364 3662 8020
1858 2364 4848 6834
1858 2450 3066 8530
1858 2450 4990 6606
1858 2450 5366 6230
1858 2460 2690 8896
1858 2460 3056 8530
1858 2460 4190 7396
1858 2462 3808 7776
1858 2514 3091 8441
1858 2514 3814 7718
1858 2514 3821 7711
1858 2596 2690 8760
1858 2596 4152 7298
1858 2596 5186 6264
1858 2596 5620 5830
1858 2602 4164 7280
1858 2602 4624 6820
1858 2602 5614 5830
1858 2690 3596 7760
1858 2690 4315 7041
1858 2720 3136 8190
1858 2810 3872 7364
1858 3056 3075 7915
1858 3056 5456 5534
1858 3066 3584 7396
1858 3066 3939 7041
1858 3066 5366 5614
1858 3075 3387 7584
1858 3136 5290 5620
1858 3152 3596 7298
1858 3250 3596 7200
1858 3250 3788 7008
1858 3250 4190 6606
1858 3276 4164 6606
1858 3276 5186 5584
1858 3325 4315 6406
1858 3387 4631 6028
1858 3390 5200 5456
1858 3390 5290 5366
1858 3584 4848 5614
1858 3596 3939 6511
1858 3662 4800 5584
1858 3672 3814 6560
1858 3738 4560 5748
1858 3776 4440 5830
1858 3776 4736 5534
1858 3788 3814 6444
1858 3808 4624 5614
1858 3814 4700 5532
1858 3872 4560 5614
1858 4164 4624 5258
1858 4320 4736 4990
1858 4470 4631 4945
1864 1900 5534 6606
1864 1900 6020 6120
1864 1940 3776 8324
1864 1940 3788 8312
1864 1940 4736 7364
1864 2039 4631 7370
1864 2039 5456 6545
1864 2080 2460 9500
1864 2080 2690 9270
1864 2080 3390 8570
1864 2109 3821 8110
1864 2109 4164 7767
1864 2163 5366 6511
1864 2179 4190 7671
1864 2192 3276 8572
1864 2192 3738 8110
1864 2192 4315 7533
1864 2192 5584 6264
1864 2294 3276 8470
1864 2294 5186 6560
1864 2320 2450 9270
1864 2320 3250 8470
1864 2320 4440 7280
1864 2320 5456 6264
1864 2340 4500 7200
1864 2340 4990 6710
1864 2364 3056 8620
1864 2364 4440 7236
1864 2364 5748 5928
1864 2450 2810 8780
1864 2450 3814 7776
1864 2450 3872 7718
1864 2460 3390 8190
1864 2460 4164 7416
1864 2462 4440 7138
1864 2462 5748 5830
1864 2514 3056 8470
1864 2514 3250 8276
1864 2514 3808 7718
1864 2514 4848 6678
1864 2596 4164 7280
1864 2596 4624 6820
1864 2596 5614 5830
1864 2602 3662 7776
1864 2696 3584 7760
1864 2696 3872 7472
1864 2696 4164 7180
1864 2720 4500 6820
1864 2720 5200 6120
1864 2733 3387 7920
1864 2733 3392 7915
1864 2733 3596 7711
1864 2733 5077 6230
1864 2810 3315 7915
1864 2810 3814 7416
1864 2810 4624 6606
1864 3056 4164 6820
1864 3066 3390 7584
1864 3066 3738 7236
1864 3075 4945 6020
1864 3075 4990 5975
1864 3091 4271 6678
1864 3136 5290 5614
1864 3152 4624 6264
1864 3152 4736 6152
1864 3250 3782 7008
1864 3250 3821 6969
1864 3250 4560 6230
1864 3250 5258 5532
1864 3276 3584 7180
1864 3276 4320 6444
1864 3276 4500 6264
1864 3276 4736 6028
1864 3325 4271 6444
1864 3392 3814 6834
1864 3552 4560 5928
1864 3584 4470 5986
1864 3596 5186 5258
1864 3662 4736 5642
1864 3672 3808 6560
1864 3672 4440 5928
1864 3738 4660 5642
1864 3782 3814 6444
1864 3788 3808 6444
1864 3788 4100 6152
1864 3808 4700 5532
1864 3821 4700 5519
1864 3821 4888 5331
1864 3939 4271 5830
1864 4100 4320 5620
1864 4190 4560 5290
1864 4271 4542 5227
1864 4542 4553 4945
1900 1940 2514 9550
1900 1940 3276 8788
1900 1940 3788 8276
1900 1940 4700 7364
1900 1940 5519 6545
1900 1940 5620 6444
1900 2080 3136 8788
1900 2080 3276 8648
1900 2080 3814 8110
1900 2080 3849 8075
1900 2080 4164 7760
1900 2080 4500 7424
1900 2080 4560 7364
1900 2109 3325 8570
1900 2163 2733 9108
1900 2163 3821 8020
1900 2163 4800 7041
1900 2179 2364 9461
1900 2179 2720 9105
1900 2192 3776 8036
1900 2192 5227 6585
1900 2294 2602 9108
1900 2294 3596 8114
1900 2294 5682 6028
1900 2320 4100 7584
1900 2320 4320 7364
1900 2320 5532 6152
1900 2340 2733 8931
1900 2340 3390 8274
1900 2340 3814 7850
1900 2340 5258 6406
1900 2364 4440 7200
1900 2364 5620 6020
1900 2450 4190 7364
1900 2450 5290 6264
1900 2450 5534 6020
1900 2462 2514 9028
1900 2462 3782 7760
1900 2462 5614 5928
1900 2514 2690 8800
1900 2514 4945 6545
1900 2596 4848 6560
1900 2602 2696 8706
1900 2602 3552 7850
1900 2690 3596 7718
1900 2720 2733 8551
1900 2720 4315 6969
1900 2733 3738 7533
1900 3056 3552 7396
1900 3056 3584 7364
1900 3056 4542 6406
1900 3056 5200 5748
1900 3066 3738 7200
1900 3091 3872 7041
1900 3136 4190 6678
1900 3136 4848 6020
1900 3136 5186 5682
1900 3152 3672 7180
1900 3152 4700 6152
1900 3250 3390 7364
1900 3276 4700 6028
1900 3276 4800 5928
1900 3315 3325 7364
1900 3387 3939 6678
1900 3387 4631 5986
1900 3584 3814 6606
1900 3584 4190 6230
1900 3584 4800 5620
1900 3584 4888 5532
1900 3596 4660 5748
1900 3596 5077 5331
1900 3662 3782 6560
1900 3662 4190 6152
1900 3662 4660 5682
1900 3662 4700 5642
1900 3672 3821 6511
1900 3672 4800 5532
1900 3738 4624 5642
1900 3814 4990 5200
1900 3872 4600 5532
1900 4100 4164 5740
1900 4100 4320 5584
1900 4100 4372 5532
1900 4152 4320 5532
1940 2039 5519 6406
1940 2080 2602 9282
1940 2080 5620 6264
1940 2109 3075 8780
1940 2109 3276 8579
1940 2109 3325 8530
1940 2109 4271 7584
1940 2163 2340 9461
1940 2163 2696 9105
1940 2163 3250 8551
1940 2163 5290 6511
1940 2179 2596 9189
1940 2179 2733 9052
1940 2179 3315 8470
1940 2179 5200 6585
1940 2192 2720 9052
1940 2192 3066 8706
1940 2192 3152 8620
1940 2192 3662 8110
1940 2192 5227 6545
1940 2192 5366 6406
1940 2192 5620 6152
1940 2294 3091 8579
1940 2294 4372 7298
1940 2294 4470 7200
1940 2294 4800 6870
1940 2294 5642 6028
1940 2320 3808 7836
1940 2320 5200 6444
1940 2340 2596 9028
1940 2340 3788 7836
1940 2340 4152 7472
1940 2364 3276 8324
1940 2364 4190 7410
1940 2364 4320 7280
1940 2364 4631 6969
1940 2364 5614 5986
1940 2450 2462 9052
1940 2450 3738 7776
1940 2460 3390 8114
1940 2460 3584 7920
1940 2462 3392 8110
1940 2514 2690 8760
1940 2514 4152 7298
1940 2514 5186 6264
1940 2514 5620 5830
1940 2596 2720 8648
1940 2596 3056 8312
1940 2596 5620 5748
1940 2602 4542 6820
1940 2602 5532 5830
1940 2602 5614 5748
1940 2690 4440 6834
1940 2690 5534 5740
1940 2696 3872 7396
1940 2720 4800 6444
1940 2720 5258 5986
1940 2733 3821 7410
1940 2733 4190 7041
1940 2733 4553 6678
1940 2810 3387 7767
1940 2810 3738 7416
1940 2810 4320 6834
1940 2810 5534 5620
1940 3056 3672 7236
1940 3056 3939 6969
1940 3056 4888 6020
1940 3066 3662 7236
1940 3066 5366 5532
1940 3091 4945 5928
1940 3136 4800 6028
1940 3136 5186 5642
1940 3152 4660 6152
1940 3250 5258 5456
1940 3276 3390 7298
1940 3276 4660 6028
1940 3315 3939 6710
1940 3390 4990 5584
1940 3392 3738 6834
1940 3584 4848 5532
1940 3596 3808 6560
1940 3596 4440 5928
1940 3662 4660 5642
1940 3738 3782 6444
1940 3776 3782 6406
1940 3776 4440 5748
1940 3782 4500 5682
1940 3788 4190 5986
1940 3788 4990 5186
1940 3808 4542 5614
1940 3808 4624 5532
1940 3808 4700 5456
1940 3814 4164 5986
1940 3814 4320 5830
1940 3814 4631 5519
1940 3821 4624 5519
1940 3849 4888 5227
1940 3872 4164 5928
1940 3872 4560 5532
1940 4164 4542 5258
1940 4164 4600 5200
2039 2080 2596 9189
2039 2080 2733 9052
2039 2080 3315 8470
2039 2080 5200 6585
2039 2109 2596 9160
2039 2109 3136 8620
2039 2109 3315 8441
2039 2163 3390 8312
2039 2163 3782 7920
2039 2163 4372 7330
2039 2163 5258 6444
2039 2163 5682 6020
2039 2179 3066 8620
2039 2179 5456 6230
2039 2179 5534 6152
2039 2320 3075 8470
2039 2340 3814 7711
2039 2364 3387 8114
2039 2364 4631 6870
2039 2364 4990 6511
2039 2450 3091 8324
2039 2460 3821 7584
2039 2460 3872 7533
2039 2462 3091 8312
2039 2514 3075 8276
2039 2514 3276 8075
2039 2514 3315 8036
2039 2514 3584 7767
2039 2514 4945 6406
2039 2514 5331 6020
2039 2596 2690 8579
2039 2596 3939 7330
2039 2602 2733 8530
2039 2602 3552 7711
2039 2602 4553 6710
2039 2690 3325 7850
2039 2690 3939 7236
2039 2690 4945 6230
2039 2690 5200 5975
2039 2696 4624 6545
2039 2720 4560 6585
2039 2720 4600 6545
2039 2810 4470 6585
2039 3056 3091 7718
2039 3056 3276 7533
2039 3056 3939 6870
2039 3056 5290 5519
2039 3075 3782 7008
2039 3075 3821 6969
2039 3075 4560 6230
2039 3075 5258 5532
2039 3152 3672 7041
2039 3276 5258 5331
2039 3315 3872 6678
2039 3315 4320 6230
2039 3325 4800 5740
2039 3387 3872 6606
2039 3390 4500 5975
2039 3552 4631 5682
2039 3662 3939 6264
2039 3662 4945 5258
2039 3738 4152 5975
2039 3814 3821 6230
2039 3849 4560 5456
2039 3939 4470 5456
2039 3939 4560 5366
2039 4164 4624 5077
2039 4315 4560 4990
2039 4320 4600 4945
2080 2109 3136 8579
2080 2109 3939 7776
2080 2109 5740 5975
2080 2163 3075 8586
2080 2163 3091 8570
2080 2163 3387 8274
2080 2179 3066 8579
2080 2179 3075 8570
2080 2179 4315 7330
2080 2192 3596 8036
2080 2192 3782 7850
2080 2192 3872 7760
2080 2192 4624 7008
2080 2294 4660 6870
2080 2294 4945 6585
2080 2320 3390 8114
2080 2320 3584 7920
2080 2340 2696 8788
2080 2340 5456 6028
2080 2364 3136 8324
2080 2364 5532 5928
2080 2450 4553 6821
2080 2460 3250 8114
2080 2460 4164 7200
2080 2460 5534 5830
2080 2462 2602 8760
2080 2462 4542 6820
2080 2462 5532 5830
2080 2462 5614 5748
2080 2514 2690 8620
2080 2514 3390 7920
2080 2514 4440 6870
2080 2514 4600 6710
2080 2514 5290 6020
2080 2596 3392 7836
2080 2596 5200 6028
2080 2690 2810 8324
2080 2690 3662 7472
2080 2690 3738 7396
2080 2696 5200 5928
2080 2720 4660 6444
2080 2733 3315 7776
2080 2733 4271 6820
2080 2810 3814 7200
2080 3066 4152 6606
2080 3075 3325 7424
2080 3075 4164 6585
2080 3136 3390 7298
2080 3136 4660 6028
2080 3152 3276 7396
2080 3152 3392 7280
2080 3152 4990 5682
2080 3250 3276 7298
2080 3250 4990 5584
2080 3276 4800 5748
2080 3276 5258 5290
2080 3315 4990 5519
2080 3325 3821 6678
2080 3325 3939 6560
2080 3390 3849 6585
2080 3392 3872 6560
2080 3392 4848 5584
2080 3552 4152 6120
2080 3584 4500 5740
2080 3662 4542 5620
2080 3672 4470 5682
2080 3738 4100 5986
2080 3776 4848 5200
2080 3808 4560 5456
2080 3939 4271 5614
2080 4100 4190 5534
2080 4500 4624 4700
2109 2163 3596 8036
2109 2163 3782 7850
2109 2163 3872 7760
2109 2163 4624 7008
2109 2179 2720 8896
2109 2179 3596 8020
2109 2179 3849 7767
2109 2294 3387 8114
2109 2294 4631 6870
2109 2294 4990 6511
2109 2364 5456 5975
2109 2450 3325 8020
2109 2450 4800 6545
2109 2460 3315 8020
2109 2460 3939 7396
2109 2462 3662 7671
2109 2514 3091 8190
2109 2514 3662 7619
2109 2514 4736 6545
2109 2602 4152 7041
2109 2602 4372 6821
2109 2690 3387 7718
2109 2690 4271 6834
2109 2690 4560 6545
2109 2690 5077 6028
2109 2720 3315 7760
2109 2720 4631 6444
2109 2733 3782 7280
2109 2810 4164 6821
2109 2810 4440 6545
2109 3056 3315 7424
2109 3075 3136 7584
2109 3075 3390 7330
2109 3075 4600 6120
2109 3075 4700 6020
2109 3075 5186 5534
2109 3091 4440 6264
2109 3136 4631 6028
2109 3250 3939 6606
2109 3250 4315 6230
2109 3325 4542 5928
2109 3387 4660 5748
2109 3387 5077 5331
2109 3390 3584 6821
2109 3552 4315 5928
2109 3596 4271 5928
2109 3776 4271 5748
2109 3776 4500 5519
2109 3821 4440 5534
2109 4190 4315 5290
2109 4190 4660 4945
2109 4542 4553 4700
2163 2179 3250 8312
2163 2179 4152 7410
2163 2179 5534 6028
2163 2192 3782 7767
2163 2294 3776 7671
2163 2294 5519 5928
2163 2320 4600 6821
2163 2340 3782 7619
2163 2450 3672 7619
2163 2450 4470 6821
2163 2460 3091 8190
2163 2460 3662 7619
2163 2460 4736 6545
2163 2462 4271 7008
2163 2514 3152 8075
2163 2596 4560 6585
2163 2596 4600 6545
2163 2602 3939 7200
2163 2602 5519 5620
2163 2690 3136 7915
2163 2690 5519 5532
2163 2696 2733 8312
2163 2696 4500 6545
2163 2720 3821 7200
2163 2733 3584 7424
2163 2733 3808 7200
2163 2733 4888 6120
2163 2733 5366 5642
2163 2810 3056 7875
2163 2810 4945 5986
2163 3056 3066 7619
2163 3056 3152 7533
2163 3056 3315 7370
2163 3056 3387 7298
2163 3056 4100 6585
2163 3056 4945 5740
2163 3066 3091 7584
2163 3066 4164 6511
2163 3066 4700 5975
2163 3075 3250 7416
2163 3136 3325 7280
2163 3152 5258 5331
2163 3315 4440 5986
2163 3325 3596 6820
2163 3325 3738 6678
2163 3325 4152 6264
2163 3596 4315 5830
2163 3596 4945 5200
2163 3662 3849 6230
2163 3662 4560 5519
2163 3776 4888 5077
2163 3782 3939 6020
2163 3782 4440 5519
2163 3788 4271 5682
2163 3814 4700 5227
2163 3849 3872 6020
2163 3849 4152 5740
2163 4164 4500 5077
2179 2192 2602 8931
2179 2192 2733 8800
2179 2294 5456 5975
2179 2320 3821 7584
2179 2320 3872 7533
2179 2340 4800 6585
2179 2364 2810 8551
2179 2364 3325 8036
2179 2364 4320 7041
2179 2450 2696 8579
2179 2460 3075 8190
2179 2460 3390 7875
2179 2460 3849 7416
2179 2460 5290 5975
2179 2462 2733 8530
2179 2462 3552 7711
2179 2462 4553 6710
2179 2514 3136 8075
2179 2514 4700 6511
2179 2596 3596 7533
2179 2596 3849 7280
2179 2696 3849 7180
2179 2720 5077 5928
2179 2733 3596 7396
2179 2733 3662 7330
2179 2810 5331 5584
2179 3056 3136 7533
2179 3056 3849 6820
2179 3066 3075 7584
2179 3066 4631 6028
2179 3091 3814 6820
2179 3091 4190 6444
2179 3136 5258 5331
2179 3152 4553 6020
2179 3250 4500 5975
2179 3325 3392 7008
2179 3325 4372 6028
2179 3325 4660 5740
2179 3390 4315 6020
2179 3390 5077 5258
2179 3392 3788 6545
2179 3552 3662 6511
2179 3552 4553 5620
2179 3584 3596 6545
2179 3662 4315 5748
2179 3821 4164 5740
2179 3821 4320 5584
2179 3821 4372 5532
2179 3939 4600 5186
2179 4152 4315 5258
2179 4164 4271 5290
2179 4372 4553 4800
2179 4470 4624 4631
2192 2320 2340 9052
2192 2320 2364 9028
2192 2320 3808 7584
2192 2340 3596 7776
2192 2340 3788 7584
2192 2450 2462 8800
2192 2450 2690 8572
2192 2450 3152 8110
2192 2450 3387 7875
2192 2450 5620 5642
2192 2460 4542 6710
2192 2462 2602 8648
2192 2462 2720 8530
2192 2462 3136 8114
2192 2514 3782 7416
2192 2514 3788 7410
2192 2514 4190 7008
2192 2514 5584 5614
2192 2596 5532 5584
2192 2602 3392 7718
2192 2602 4990 6120
2192 2690 4152 6870
2192 2696 5186 5830
2192 2720 3596 7396
2192 2720 3662 7330
2192 2810 3066 7836
2192 3056 5200 5456
2192 3056 5290 5366
2192 3066 3250 7396
2192 3066 3276 7370
2192 3066 3776 6870
2192 3066 4660 5986
2192 3075 3596 7041
2192 3091 5290 5331
2192 3136 3152 7424
2192 3152 3552 7008
2192 3152 4440 6120
2192 3250 4848 5614
2192 3387 3814 6511
2192 3392 4700 5620
2192 3392 4736 5584
2192 3584 4100 6028
2192 3596 3672 6444
2192 3596 4660 5456
2192 3672 3776 6264
2192 3738 4440 5534
2192 3776 4736 5200
2192 3782 4100 5830
2192 3782 4190 5740
2192 3808 4164 5740
2192 3808 4320 5584
2192 3808 4372 5532
2192 3821 4271 5620
2192 3821 4372 5519
2192 3821 4560 5331
2192 3872 4100 5740
2192 4164 4660 4888
2192 4164 4700 4848
2192 4271 4553 4888
2192 4315 4320 5077
2192 4470 4542 4700
2294 2320 2720 8570
2294 2320 4152 7138
2294 2320 4470 6820
2294 2340 3250 8020
2294 2340 3552 7718
2294 2340 4560 6710
2294 2364 3056 8190
2294 2364 3136 8110
2294 2364 3662 7584
2294 2450 2690 8470
2294 2450 4152 7008
2294 2450 4600 6560
2294 2460 3075 8075
2294 2460 3390 7760
2294 2460 4440 6710
2294 2462 3738 7410
2294 2462 4470 6678
2294 2462 4542 6606
2294 2462 5534 5614
2294 2514 3672 7424
2294 2596 2690 8324
2294 2596 3814 7200
2294 2602 2696 8312
2294 2602 3584 7424
2294 2602 3808 7200
2294 2602 4888 6120
2294 2602 5366 5642
2294 2690 2810 8110
2294 2690 3387 7533
2294 2690 3782 7138
2294 2690 4100 6820
2294 2690 4800 6120
2294 2690 4945 5975
2294 2696 3584 7330
2294 2696 3776 7138
2294 2696 4470 6444
2294 2720 3849 7041
2294 2720 4660 6230
2294 2733 4271 6606
2294 2810 3390 7410
2294 2810 3662 7138
2294 2810 5186 5614
2294 3066 4100 6444
2294 3075 4271 6264
2294 3075 4560 5975
2294 3152 5200 5258
2294 3250 3849 6511
2294 3276 4800 5534
2294 3315 4320 5975
2294 3390 3776 6444
2294 3390 3814 6406
2294 3390 4100 6120
2294 3390 4600 5620
2294 3392 4190 6028
2294 3392 4470 5748
2294 3552 4800 5258
2294 3584 4660 5366
2294 3584 4736 5290
2294 3596 4372 5642
2294 3672 4190 5748
2294 3738 4190 5682
2294 3776 3814 6020
2294 3776 4152 5682
2294 3776 4315 5519
2294 3782 3808 6020
2294 3782 4372 5456
2294 3814 3821 5975
2294 3872 4372 5366
2294 3939 4152 5519
2294 4440 4470 4700
2320 2340 2596 8648
2320 2340 4800 6444
2320 2340 5258 5986
2320 2364 2460 8760
2320 2364 2514 8706
2320 2364 2690 8530
2320 2364 4542 6678
2320 2364 4660 6560
2320 2364 4990 6230
2320 2364 5200 6020
2320 2450 2514 8620
2320 2450 2810 8324
2320 2450 3662 7472
2320 2450 3738 7396
2320 2462 2810 8312
2320 2514 5456 5614
2320 2596 3152 7836
2320 2596 3788 7200
2320 2596 3808 7180
2320 2596 5456 5532
2320 2602 3782 7200
2320 2690 3596 7298
2320 2696 4624 6264
2320 2696 4736 6152
2320 2720 3392 7472
2320 2720 3584 7280
2320 2720 4600 6264
2320 2733 3075 7776
2320 2733 3091 7760
2320 2810 3056 7718
2320 3056 3390 7138
2320 3056 4500 6028
2320 3056 4542 5986
2320 3056 4553 5975
2320 3056 4600 5928
2320 3066 3808 6710
2320 3075 4990 5519
2320 3091 3672 6821
2320 3136 3738 6710
2320 3136 4700 5748
2320 3152 3872 6560
2320 3152 4848 5584
2320 3250 4800 5534
2320 3276 4560 5748
2320 3390 3788 6406
2320 3390 4660 5534
2320 3392 4164 6028
2320 3392 4660 5532
2320 3392 4736 5456
2320 3552 4500 5532
2320 3584 4800 5200
2320 3662 4736 5186
2320 3672 4164 5748
2320 3738 4164 5682
2320 3738 4660 5186
2320 3776 3788 6020
2320 3788 3821 5975
2320 3808 4320 5456
2320 3939 4700 4945
2340 2364 3325 7875
2340 2364 3776 7424
2340 2450 5186 5928
2340 2450 5366 5748
2340 2460 4660 6444
2340 2462 3066 8036
2340 2462 3738 7364
2340 2462 4542 6560
2340 2514 3814 7236
2340 2514 4372 6678
2340 2596 3250 7718
2340 2596 3552 7416
2340 2596 3788 7180
2340 2596 4848 6120
2340 2602 3552 7410
2340 2602 3782 7180
2340 2690 4164 6710
2340 2690 4888 5986
2340 2690 5290 5584
2340 2696 4190 6678
2340 2696 4848 6020
2340 2696 5186 5682
2340 2733 4271 6560
2340 2733 4320 6511
2340 2810 3390 7364
2340 3056 4888 5620
2340 3066 3788 6710
2340 3066 4470 6028
2340 3136 3387 7041
2340 3136 4164 6264
2340 3136 4500 5928
2340 3250 4700 5614
2340 3315 3738 6511
2340 3390 4560 5614
2340 3392 4152 6020
2340 3392 4945 5227
2340 3552 3782 6230
2340 3596 3738 6230
2340 3662 3672 6230
2340 3662 3782 6120
2340 3672 3872 6020
2340 3672 4152 5740
2340 3782 4100 5682
2340 3788 4320 5456
2340 4164 4600 4800
2340 4440 4500 4624
2364 2460 3782 7298
2364 2462 3662 7416
2364 2462 4848 6230
2364 2514 3250 7776
2364 2514 3315 7711
2364 2514 3662 7364
2364 2596 3325 7619
2364 2596 4500 6444
2364 2602 3738 7200
2364 2690 3552 7298
2364 2690 5331 5519
2364 2720 3584 7236
2364 2720 4700 6120
2364 2720 4800 6020
2364 2720 4990 5830
2364 2720 5200 5620
2364 2733 3136 7671
2364 2810 4500 6230
2364 2810 4990 5740
2364 3056 3939 6545
2364 3056 4736 5748
2364 3136 3584 6820
2364 3152 3250 7138
2364 3152 3782 6606
2364 3250 4315 5975
2364 3250 4542 5748
2364 3325 4631 5584
2364 3390 4164 5986
2364 3390 4320 5830
2364 3390 4631 5519
2364 3584 4372 5584
2364 3584 4500 5456
2364 3662 4888 4990
2364 3738 3782 6020
2364 3782 4500 5258
2364 3814 4736 4990
2364 4152 4500 4888
2364 4164 4190 5186
2364 4320 4372 4848
2364 4320 4560 4660
2364 4440 4500 4600
2450 2460 2720 8274
2450 2460 3276 7718
2450 2460 3584 7410
2450 2460 3814 7180
2450 2462 3596 7396
2450 2462 3662 7330
2450 2514 5200 5740
2450 2514 5258 5682
2450 2596 3091 7767
2450 2596 3325 7533
2450 2602 3672 7180
2450 2602 4700 6152
2450 2690 3584 7180
2450 2690 4320 6444
2450 2690 4500 6264
2450 2690 4736 6028
2450 2696 4152 6606
2450 2720 3596 7138
2450 2720 4470 6264
2450 2720 5200 5534
2450 2733 3325 7396
2450 2733 4315 6406
2450 2810 4624 6020
2450 3056 3390 7008
2450 3056 4470 5928
2450 3066 3152 7236
2450 3066 3250 7138
2450 3066 3782 6606
2450 3075 4631 5748
2450 3152 4660 5642
2450 3276 4888 5290
2450 3315 4164 5975
2450 3325 3584 6545
2450 3387 4736 5331
2450 3387 4990 5077
2450 3552 3672 6230
2450 3552 3782 6120
2450 3596 3738 6120
2450 3596 3872 5986
2450 3596 4600 5258
2450 3596 4631 5227
2450 3662 3672 6120
2450 3672 4100 5682
2450 3738 3788 5928
2450 3808 4190 5456
2450 3808 4315 5331
2450 3814 4440 5200
2450 3849 4315 5290
2450 3849 4660 4945
2450 3939 4315 5200
2460 2462 3782 7200
2460 2514 4700 6230
2460 2596 3315 7533
2460 2602 3066 7776
2460 2602 3075 7767
2460 2602 3662 7180
2460 2602 4164 6678
2460 2602 5200 5642
2460 2602 5258 5584
2460 2690 3390 7364
2460 2696 3276 7472
2460 2720 4164 6560
2460 2733 3315 7396
2460 2733 4736 5975
2460 2810 3814 6820
2460 2810 4190 6444
2460 3056 3152 7236
2460 3056 3250 7138
2460 3056 3782 6606
2460 3066 4736 5642
2460 3091 3808 6545
2460 3136 4560 5748
2460 3250 3788 6406
2460 3250 4660 5534
2460 3315 3584 6545
2460 3325 4600 5519
2460 3390 4372 5682
2460 3390 4440 5614
2460 3390 4470 5584
2460 3392 3788 6264
2460 3552 3662 6230
2460 3552 3872 6020
2460 3552 4152 5740
2460 3584 3596 6264
2460 3584 4660 5200
2460 3596 4100 5748
2460 3662 4100 5682
2460 3672 4152 5620
2460 3782 4372 5290
2460 3788 4470 5186
2460 3814 4372 5258
2460 3814 4553 5077
2460 3872 4372 5200
2460 3939 4560 4945
2460 4271 4542 4631
2460 4320 4500 4624
2462 2514 3152 7776
2462 2596 2810 8036
2462 2596 4440 6406
2462 2690 3552 7200
2462 2690 4600 6152
2462 2696 3075 7671
2462 2696 3738 7008
2462 2696 5227 5519
2462 2696 5290 5456
2462 2720 3250 7472
2462 2720 3392 7330
2462 2720 3584 7138
2462 2720 4736 5986
2462 2733 4164 6545
2462 2810 4990 5642
2462 3056 3552 6834
2462 3056 5186 5200
2462 3075 3782 6585
2462 3075 4848 5519
2462 3075 5077 5290
2462 3136 3596 6710
2462 3136 4320 5986
2462 3136 4624 5682
2462 3152 4315 5975
2462 3152 4542 5748
2462 3250 4164 6028
2462 3250 4660 5532
2462 3250 4736 5456
2462 3276 4800 5366
2462 3315 4152 5975
2462 3387 4315 5740
2462 3390 3788 6264
2462 3552 3738 6152
2462 3552 4600 5290
2462 3584 3738 6120
2462 3584 3872 5986
2462 3584 4600 5258
2462 3584 4631 5227
2462 3596 4164 5682
2462 3596 4660 5186
2462 3662 4553 5227
2462 3738 3776 5928
2462 3808 4100 5534
2462 3821 3939 5682
2462 3821 4631 4990
2462 4100 4542 4800
2462 4164 4542 4736
2462 4372 4470 4600
2514 2602 3392 7396
2514 2602 3552 7236
2514 2690 3276 7424
2514 2690 4470 6230
2514 2696 3075 7619
2514 2696 4542 6152
2514 2720 3390 7280
2514 2720 3662 7008
2514 2720 3849 6821
2514 2720 4440 6230
2514 2810 3250 7330
2514 2810 4560 6020
2514 3056 4800 5534
2514 3091 3788 6511
2514 3091 4271 6028
2514 3136 4888 5366
2514 3152 4624 5614
2514 3276 4500 5614
2514 3315 4100 5975
2514 3315 4848 5227
2514 3325 3387 6678
2514 3390 4800 5200
2514 3392 4542 5456
2514 3552 4848 4990
2514 3584 4164 5642
2514 3584 4440 5366
2514 3596 3808 5986
2514 3596 4152 5642
2514 3662 4470 5258
2514 3662 4542 5186
2514 3776 4624 4990
2514 3782 4152 5456
2514 3788 4271 5331
2514 3814 4631 4945
2514 3821 4624 4945
2514 3872 4152 5366
2514 4190 4500 4700
2514 4320 4470 4600
2596 2602 3872 6834
2596 2602 4100 6606
2596 2720 4560 6028
2596 2720 4660 5928
2596 2720 4848 5740
2596 2733 4600 5975
2596 2810 3788 6710
2596 2810 4470 6028
2596 3056 3808 6444
2596 3056 4100 6152
2596 3066 4560 5682
2596 3066 4600 5642
2596 3091 3672 6545
2596 3091 4990 5227
2596 3136 4152 6020
2596 3136 4945 5227
2596 3152 3596 6560
2596 3152 4542 5614
2596 3152 4624 5532
2596 3152 4700 5456
2596 3250 4800 5258
2596 3276 4500 5532
2596 3315 3387 6606
2596 3387 4631 5290
2596 3390 4660 5258
2596 3584 3738 5986
2596 3584 4190 5534
2596 3662 4190 5456
2596 3662 4315 5331
2596 3776 4542 4990
2596 3788 4320 5200
2596 3808 4700 4800
2596 3821 4542 4945
2596 3872 4700 4736
2596 4100 4320 4888
2596 4315 4440 4553
2602 2696 3276 7330
2602 2696 4631 5975
2602 2720 3872 6710
2602 2810 3672 6820
2602 2810 3782 6710
2602 2810 3814 6678
2602 2810 4372 6120
2602 3056 3066 7180
2602 3056 4271 5975
2602 3075 3821 6406
2602 3091 3390 6821
2602 3136 4800 5366
2602 3152 4164 5986
2602 3152 4320 5830
2602 3152 4631 5519
2602 3250 3788 6264
2602 3276 4660 5366
2602 3276 4736 5290
2602 3325 3392 6585
2602 3390 4164 5748
2602 3662 4440 5200
2602 3672 4372 5258
2602 3672 4553 5077
2602 3782 4320 5200
2602 3788 3872 5642
2602 3814 4600 4888
2602 3872 4440 4990
2602 3872 4542 4888
2602 4100 4542 4660
2602 4320 4440 4542
2690 2696 3808 6710
2690 2733 2810 7671
2690 2733 4553 5928
2690 2810 3584 6820
2690 3056 3552 6606
2690 3056 4624 5534
2690 3075 4164 5975
2690 3136 3672 6406
2690 3136 3814 6264
2690 3276 4190 5748
2690 3315 4315 5584
2690 3325 4631 5258
2690 3387 4600 5227
2690 3390 3672 6152
2690 3390 3849 5975
2690 3390 4624 5200
2690 3552 4372 5290
2690 3584 4372 5258
2690 3584 4553 5077
2690 3596 3788 5830
2690 3672 4315 5227
2690 3808 3872 5534
2690 3814 4600 4800
2690 3872 4542 4800
2696 2720 4560 5928
2696 2733 4500 5975
2696 2810 3390 7008
2696 2810 4470 5928
2696 3056 4470 5682
2696 3066 4500 5642
2696 3136 3808 6264
2696 3136 4553 5519
2696 3152 4600 5456
2696 3250 3552 6406
2696 3250 4700 5258
2696 3276 3387 6545
2696 3390 4560 5258
2696 3392 3552 6264
2696 3392 3788 6028
2696 3552 4470 5186
2696 3584 3596 6028
2696 3584 4736 4888
2696 3596 3782 5830
2696 3596 3872 5740
2696 3672 3788 5748
2696 3672 4736 4800
2696 3738 3788 5682
2696 3808 4600 4800
2696 3872 4600 4736
2696 4100 4372 4736
2696 4152 4320 4736
2720 2810 3814 6560
2720 3056 4100 6028
2720 3066 4190 5928
2720 3136 4848 5200
2720 3152 4500 5532
2720 3250 3782 6152
2720 3250 3814 6120
2720 3250 4320 5614
2720 3276 3788 6120
2720 3276 4542 5366
2720 3315 3849 6020
2720 3390 3808 5986
2720 3390 4152 5642
2720 3392 3672 6120
2720 3552 4100 5532
2720 3584 3672 5928
2720 3596 4700 4888
2720 3662 3782 5740
2720 3672 4624 4888
2720 3776 3788 5620
2720 3776 4560 4848
2720 3782 3788 5614
2720 3788 4660 4736
2720 3808 4190 5186
2720 4152 4372 4660
2720 4164 4320 4700
2733 2810 3392 6969
2733 2810 3776 6585
2733 3056 4888 5227
2733 3066 3136 6969
2733 3075 3276 6820
2733 3091 4152 5928
2733 3091 4624 5456
2733 3136 3325 6710
2733 3152 4271 5748
2733 3152 4500 5519
2733 3250 3315 6606
2733 3250 4631 5290
2733 3325 4164 5682
2733 3325 4660 5186
2733 3387 4164 5620
2733 3552 4100 5519
2733 3552 4542 5077
2733 3738 3849 5584
2733 3776 3939 5456
2733 3788 3849 5534
2733 3821 4164 5186
2733 4100 4271 4800
2733 4100 4440 4631
2733 4164 4271 4736
2810 3056 3808 6230
2810 3066 3584 6444
2810 3066 4100 5928
2810 3075 4271 5748
2810 3075 4500 5519
2810 3091 3325 6678
2810 3136 3552 6406
2810 3136 4700 5258
2810 3276 4560 5258
2810 3325 3939 5830
2810 3325 4542 5227
2810 3390 3552 6152
2810 3390 3584 6120
2810 3390 3776 5928
2810 3392 3872 5830
2810 3552 4315 5227
2810 3596 4271 5227
2810 3596 4553 4945
2810 3672 3808 5614
2810 3672 4164 5258
2810 3776 4470 4848
2810 3808 4100 5186
3056 3066 3552 6230
3056 3066 3662 6120
3056 3066 4100 5682
3056 3091 3782 5975
3056 3136 3152 6560
3056 3152 4164 5532
3056 3276 3552 6020
3056 3276 4372 5200
3056 3325 3939 5584
3056 3390 3776 5682
3056 3390 3939 5519
3056 3392 3814 5642
3056 3392 3872 5584
3056 3552 4560 4736
3056 3584 3808 5456
3056 3672 4440 4736
3056 3776 3782 5290
3056 3776 3814 5258
3056 3776 3872 5200
3056 3776 4372 4700
3056 3782 3808 5258
3056 3788 4500 4560
3056 3808 4152 4888
3056 3808 4440 4600
3066 3075 3788 5975
3066 3136 3872 5830
3066 3152 4152 5534
3066 3152 4320 5366
3066 3152 4500 5186
3066 3250 4700 4888
3066 3276 3814 5748
3066 3315 3939 5584
3066 3390 4190 5258
3066 3390 4560 4888
3066 3390 4600 4848
3066 3552 3672 5614
3066 3552 4100 5186
3066 3596 4542 4700
3066 3662 4440 4736
3066 3672 3939 5227
3066 3672 4542 4624
3066 3738 4440 4660
3066 3738 4500 4600
3066 3782 4320 4736
3066 3808 4470 4560
3075 3091 4372 5366
3075 3152 4600 5077
3075 3250 3315 6264
3075 3276 3939 5614
3075 3315 3872 5642
3075 3387 4152 5290
3075 3552 3821 5456
3075 3776 4500 4553
3075 3788 3814 5227
3075 3808 3821 5200
3075 3814 4315 4700
3075 3849 4320 4660
3075 3939 4190 4700
3091 3136 4600 5077
3091 3315 4271 5227
3091 3315 4553 4945
3091 3325 4600 4888
3091 3387 3596 5830
3091 3552 4271 4990
3091 3584 3939 5290
3091 3584 4152 5077
3091 3849 4164 4800
3136 3152 3596 6020
3136 3250 4152 5366
3136 3276 3662 5830
3136 3276 3872 5620
3136 3387 3849 5532
3136 3390 3392 5986
3136 3392 4190 5186
3136 3552 3596 5620
3136 3552 4271 4945
3136 3584 4553 4631
3136 3584 4560 4624
3136 3596 4372 4800
3136 3738 4470 4560
3136 3788 4320 4660
3152 3250 3672 5830
3152 3387 3390 5975
3152 3390 4372 4990
3152 3392 3776 5584
3152 3392 4560 4800
3152 3392 4624 4736
3152 3392 4660 4700
3152 3552 4500 4700
3152 3584 4320 4848
3152 3662 4100 4990
3152 3738 3814 5200
3152 3782 4470 4500
3152 3788 4164 4800
3152 3808 4320 4624
3152 3821 4271 4660
3152 3872 4320 4560
3152 3939 4271 4542
3152 4100 4152 4500
3250 3276 3392 5986
3250 3387 4190 5077
3250 3390 3808 5456
3250 3552 4542 4560
3250 3584 4470 4600
3250 3596 3872 5186
3250 3672 3782 5200
3250 3672 4440 4542
3250 3782 4372 4500
3276 3387 4164 5077
3276 3390 3596 5642
3276 3390 3782 5456
3276 3390 3872 5366
3276 3392 4500 4736
3276 3552 3849 5227
3276 3596 4372 4660
3276 3738 4190 4700
3276 3776 4152 4700
3276 3808 4320 4500
3276 3814 4190 4624
3315 3325 3808 5456
3315 3387 4542 4660
3315 3392 3939 5258
3315 3596 3662 5331
3315 3596 4440 4553
3315 3776 4271 4542
3315 3872 4164 4553
3325 3392 3821 5366
3325 3808 4271 4500
3325 4100 4164 4315
3387 3392 3939 5186
3387 3552 3738 5227
3387 3776 4271 4470
3387 3808 3821 4888
3390 3552 3596 5366
3390 3552 3672 5290
3390 3552 3776 5186
3390 3584 3672 5258
3390 3662 4152 4700
3390 3672 4372 4470
3390 3738 4152 4624
3390 3782 4190 4542
3390 3808 4164 4542
3390 3814 4100 4600
3390 3872 4100 4542
3392 3662 4190 4660
3392 3788 4100 4624
3392 3788 4164 4560
3552 3662 4190 4500
3552 3738 3814 4800
3552 3782 3939 4631
3552 3782 4100 4470
3552 3849 3872 4631
3584 3596 4100 4624
3584 3596 4164 4560
3584 3738 3782 4800
3584 3776 3808 4736
3584 3788 3872 4660
3584 3821 3939 4560
3596 3672 3788 4848
3596 3738 3939 4631
3596 3738 4100 4470
3596 3776 3872 4660
3662 3672 3939 4631
3662 3672 4100 4470
3782 3808 3814 4500
