24 6783 9570 9576
24 6875 9224 9830
24 7098 8850 9981
24 7098 9271 9560
24 7243 9116 9570
24 7268 9136 9525
24 7297 9098 9534
24 7416 9067 9446
24 7520 8485 9924
24 7561 8792 9576
24 7778 8227 9924
24 7778 8617 9534
24 7778 9035 9116
24 7800 8227 9902
24 7813 8286 9830
24 7913 8440 9576
24 7913 8792 9224
24 7916 8485 9528
24 7955 8440 9534
24 8020 8227 9682
24 8520 8617 8792
62 6455 9534 9902
62 6745 9570 9576
62 6790 9271 9830
62 6790 9525 9576
62 6875 9035 9981
62 6875 9446 9570
62 7050 9067 9774
62 7050 9271 9570
62 7092 9271 9528
62 7268 9098 9525
62 7364 9135 9392
62 7436 8930 9525
62 7490 9116 9285
62 7720 9035 9136
62 7913 8800 9178
62 7955 8800 9136
62 8024 8800 9067
62 8227 8440 9224
62 8286 8320 9285
100 6395 9534 9924
100 6800 9525 9528
100 7192 9136 9525
100 7297 9271 9285
100 7431 8520 9902
100 7456 8821 9576
100 7602 9116 9135
100 7651 8520 9682
100 7651 9067 9135
100 7720 9035 9098
100 7813 8480 9560
100 7840 8485 9528
100 7916 8821 9116
100 7940 8388 9525
100 7955 8800 9098
100 8240 8792 8821
100 8286 8432 9135
208 5840 9924 9981
208 6318 9446 9981
208 6318 9525 9902
208 6395 9576 9774
208 6650 9525 9570
208 6745 9098 9902
208 6783 9392 9570
208 7050 9135 9560
208 7364 8400 9981
208 7364 8821 9560
208 7431 9136 9178
208 7520 8700 9525
208 7561 8792 9392
208 7651 8320 9774
208 7913 8440 9392
208 7940 8520 9285
208 8020 8191 9534
208 8020 8440 9285
208 8103 8792 8850
208 8191 8487 9067
224 6395 9560 9774
224 6650 9098 9981
224 6783 9116 9830
224 6875 8930 9924
224 6930 9271 9528
224 7092 9067 9570
224 7268 8480 9981
224 7346 9098 9285
224 7416 9135 9178
224 7664 8930 9135
224 7672 8227 9830
224 7672 8487 9570
224 7720 8617 9392
224 7813 8388 9528
224 7813 8800 9116
224 7913 8240 9576
224 7913 8700 9116
224 7955 8240 9534
224 8020 8485 9224
224 8191 8440 9098
224 8191 8471 9067
224 8320 8617 8792
224 8388 8520 8821
240 6455 9576 9682
240 6506 9525 9682
240 6745 9392 9576
240 6875 9392 9446
240 7050 9135 9528
240 7050 9271 9392
240 7300 8432 9981
240 7364 8821 9528
240 7437 8700 9576
240 7437 9098 9178
240 7520 8617 9576
240 7656 8227 9830
240 7656 8487 9570
240 7672 8471 9570
240 7778 8800 9135
240 7800 8388 9525
240 7840 8191 9682
240 7913 8240 9560
240 7916 8227 9570
240 7955 8487 9271
240 8103 8432 9178
240 8112 8485 9116
240 8191 8487 9035
240 8227 8388 9098
298 6104 9570 9981
298 6745 9136 9774
298 6783 9098 9774
298 6790 9035 9830
298 6800 9285 9570
298 6875 9098 9682
298 6950 9135 9570
298 7050 9035 9570
298 7092 9035 9528
298 7192 9178 9285
298 7268 8485 9902
298 7268 9116 9271
298 7300 8821 9534
298 7364 9067 9224
298 7437 8388 9830
298 7490 9067 9098
298 7520 8850 9285
298 7561 8320 9774
298 7656 8471 9528
298 7656 8821 9178
298 7720 8800 9135
298 7778 8103 9774
298 7778 8485 9392
298 7813 7940 9902
298 7840 7913 9902
298 7913 8471 9271
298 7940 8617 9098
298 8024 8103 9528
298 8103 8485 9067
298 8191 8240 9224
298 8191 8286 9178
298 8240 8485 8930
298 8320 8485 8850
300 6112 9560 9981
300 6395 9576 9682
300 6600 9525 9528
300 6930 8821 9902
300 6950 9178 9525
300 7016 9067 9570
300 7058 8821 9774
300 7058 9035 9560
300 7058 9067 9528
300 7192 8480 9981
300 7243 8850 9560
300 7297 8432 9924
300 7431 8320 9902
300 7520 9035 9098
300 7561 8700 9392
300 7561 8821 9271
300 7651 8320 9682
300 7651 8432 9570
300 7656 8930 9067
300 7720 8103 9830
300 7720 8487 9446
300 7813 7916 9924
300 7955 8520 9178
300 8103 8700 8850
300 8400 8432 8821
310 5760 9902 9981
310 5817 9902 9924
310 6726 9392 9525
310 6783 9178 9682
310 7016 9067 9560
310 7268 8850 9525
310 7297 8821 9525
310 7437 8432 9774
310 7456 8617 9570
310 7490 8471 9682
310 7561 8400 9682
310 7602 8471 9570
310 7651 8432 9560
310 7672 8700 9271
310 7840 8227 9576
310 7913 8800 8930
310 7940 8432 9271
310 7955 8112 9576
310 8020 8487 9136
310 8024 8227 9392
384 6600 9067 9902
384 6875 8792 9902
384 7050 8617 9902
384 7243 8792 9534
384 7268 8320 9981
384 7268 8471 9830
384 7368 8930 9271
384 7416 8471 9682
384 7436 9035 9098
384 7561 8432 9576
384 7561 8480 9528
384 7656 8388 9525
384 7672 7916 9981
384 7778 8520 9271
384 7813 8471 9285
384 7813 8485 9271
384 7840 7955 9774
384 7913 8432 9224
384 7913 8520 9136
384 8020 8024 9525
384 8020 8103 9446
384 8432 8520 8617
440 6318 9271 9924
440 6544 9067 9902
440 6790 8821 9902
440 6950 9035 9528
440 7050 9178 9285
440 7058 8930 9525
440 7092 8440 9981
440 7092 9136 9285
440 7243 8440 9830
440 7243 8700 9570
440 7268 8471 9774
440 7268 9067 9178
440 7300 8821 9392
440 7300 9035 9178
440 7346 8485 9682
440 7368 8617 9528
440 7431 8400 9682
440 7436 8792 9285
440 7456 8227 9830
440 7456 8487 9570
440 7651 8286 9576
440 7656 7955 9902
440 7672 8617 9224
440 7778 8700 9035
440 7840 8103 9570
440 7840 8227 9446
440 7840 8388 9285
440 7913 8024 9576
440 7955 8024 9534
440 7955 8112 9446
440 8103 8480 8930
440 8112 8471 8930
464 6395 9534 9560
464 6783 9136 9570
464 6783 9178 9528
464 7092 8821 9576
464 7098 8617 9774
464 7098 8821 9570
464 7243 8800 9446
464 7268 8240 9981
464 7297 8800 9392
464 7368 8850 9271
464 7490 8471 9528
464 7490 8821 9178
464 7561 8400 9528
464 7561 8792 9136
464 7778 8440 9271
464 7778 8487 9224
464 7840 8471 9178
464 7913 8440 9136
464 7940 8024 9525
464 7940 8103 9446
464 8432 8440 8617
486 5656 9830 9981
486 6112 9525 9830
486 6650 9135 9682
486 6790 9285 9392
486 6875 9067 9525
486 7058 8485 9924
486 7092 8850 9525
486 7098 8388 9981
486 7098 9098 9271
486 7297 9035 9135
486 7300 8485 9682
486 7346 8850 9271
486 7431 8112 9924
486 7436 8471 9560
486 7651 8240 9576
486 7651 8700 9116
486 7656 8286 9525
486 7664 8227 9576
486 7672 8617 9178
486 7913 8020 9534
486 7913 8487 9067
486 7955 8227 9285
486 8112 8320 9035
486 8227 8440 8800
531 5816 9682 9924
531 5944 9576 9902
531 6318 9528 9576
531 6318 9534 9570
531 6320 9178 9924
531 6455 9285 9682
531 6726 9136 9560
531 6745 9285 9392
531 6790 9098 9534
531 6800 8792 9830
531 6860 9116 9446
531 7016 9135 9271
531 7058 8440 9924
531 7098 8400 9924
531 7192 8400 9830
531 7268 8930 9224
531 7300 8440 9682
531 7368 8520 9534
531 7436 8850 9136
531 7437 8700 9285
531 7437 8850 9135
531 7456 8432 9534
531 7456 8520 9446
531 7456 8850 9116
531 7520 8617 9285
531 7602 8286 9534
531 7656 8320 9446
531 7664 8487 9271
531 7720 7778 9924
531 7720 7800 9902
531 7720 8020 9682
531 7800 7940 9682
531 7800 8487 9135
531 7916 8471 9035
531 7955 8400 9067
531 7955 8432 9035
531 7955 8617 8850
531 8020 8286 9116
531 8320 8485 8617
551 5944 9534 9924
551 6100 9528 9774
551 6254 9224 9924
551 6600 8821 9981
551 6650 8850 9902
551 6650 9224 9528
551 6726 9116 9560
551 6790 8930 9682
551 6800 8700 9902
551 6875 9135 9392
551 6950 8471 9981
551 7050 8792 9560
551 7050 9067 9285
551 7092 8480 9830
551 7192 8286 9924
551 7300 9035 9067
551 7346 8480 9576
551 7416 8850 9136
551 7431 8700 9271
551 7436 8432 9534
551 7436 8520 9446
551 7436 8850 9116
551 7437 8191 9774
551 7437 8440 9525
551 7437 8930 9035
551 7490 8520 9392
551 7561 8617 9224
551 7602 8240 9560
551 7651 8191 9560
551 7651 8480 9271
551 7651 8821 8930
551 7656 7916 9830
551 7672 8800 8930
551 7720 8112 9570
551 7778 8400 9224
551 7913 7955 9534
551 7916 8388 9098
551 7940 8191 9271
551 8112 8440 8850
554 5858 9560 9981
554 6100 9525 9774
554 6320 9098 9981
554 6544 9285 9570
554 6600 9271 9528
554 6650 9067 9682
554 6650 9224 9525
554 6783 9224 9392
554 6950 9178 9271
554 7016 9098 9285
554 7050 8821 9528
554 7098 8320 9981
554 7098 8471 9830
554 7297 9035 9067
554 7368 8471 9560
554 7431 8286 9682
554 7431 8440 9528
554 7490 8227 9682
554 7520 7955 9924
554 7520 8487 9392
554 7602 8227 9570
554 7656 7913 9830
554 7664 8700 9035
554 7720 8103 9576
554 7778 8485 9136
554 7778 8800 8821
554 7913 7916 9570
554 7913 8388 9098
554 7916 7955 9528
554 8024 8240 9135
554 8112 8487 8800
554 8432 8480 8487
645 5944 9534 9830
645 6254 9224 9830
645 6506 8821 9981
645 6650 9098 9560
645 6726 9136 9446
645 6745 9035 9528
645 6800 9116 9392
645 6930 8850 9528
645 7098 8286 9924
645 7192 8286 9830
645 7243 8930 9135
645 7268 8480 9560
645 7300 8432 9576
645 7300 8480 9528
645 7364 8020 9924
645 7431 8103 9774
645 7431 8485 9392
645 7436 8480 9392
645 7490 7916 9902
645 7602 8024 9682
645 7656 8617 9035
645 7664 7720 9924
645 7672 8520 9116
645 7778 8432 9098
645 7813 8103 9392
645 7840 7940 9528
645 7955 8286 9067
645 8388 8400 8520
645 8388 8440 8480
704 5551 9774 9924
704 6395 8930 9924
704 6455 9224 9570
704 6544 9135 9570
704 6783 8485 9981
704 6790 9067 9392
704 6800 9178 9271
704 6860 8487 9902
704 6950 8617 9682
704 7016 9098 9135
704 7098 8227 9924
704 7098 8617 9534
704 7098 9035 9116
704 7192 8227 9830
704 7192 8487 9570
704 7364 8850 9035
704 7431 7916 9902
704 7490 7778 9981
704 7520 7955 9774
704 7561 8112 9576
704 7651 7916 9682
704 7664 8487 9098
704 7813 8320 9116
704 7840 8617 8792
704 7913 8112 9224
704 7940 8024 9285
704 7955 8227 9067
704 8112 8520 8617
750 6124 9098 9981
750 6250 9271 9682
750 6455 9178 9570
750 6745 8930 9528
750 6783 8850 9570
750 6783 9135 9285
750 6790 8432 9981
750 6875 8800 9528
750 7016 8617 9570
750 7050 8471 9682
750 7058 8617 9528
750 7243 8400 9560
750 7243 8432 9528
750 7268 8800 9135
750 7346 7955 9902
750 7368 8700 9135
750 7368 8800 9035
750 7416 8227 9560
750 7431 8487 9285
750 7436 8191 9576
750 7436 8700 9067
750 7437 8320 9446
750 7561 8792 8850
750 7602 8485 9116
750 7651 7778 9774
750 7651 8024 9528
750 7651 8485 9067
750 7656 8480 9067
750 7656 8617 8930
750 7672 7955 9576
750 7720 7913 9570
750 7720 7955 9528
750 7840 8227 9136
750 7913 8112 9178
750 7913 8440 8850
750 7916 8487 8800
750 7940 8471 8792
750 7955 8024 9224
750 7955 8112 9136
750 8024 8112 9067
750 8103 8400 8700
750 8286 8432 8485
790 5651 9682 9830
790 6104 9135 9924
790 6104 9285 9774
790 6104 9525 9534
790 6254 9135 9774
790 6318 9285 9560
790 6600 9035 9528
790 6650 9067 9446
790 6790 8471 9902
790 6930 9098 9135
790 6950 8821 9392
790 6950 9035 9178
790 7092 8800 9271
790 7098 8930 9135
790 7192 8700 9271
790 7300 8471 9392
790 7368 8617 9178
790 7431 8286 9446
790 7490 8103 9570
790 7490 8227 9446
790 7490 8388 9285
790 7520 7813 9830
790 7651 8227 9285
790 7656 8440 9067
790 7664 8432 9067
790 7800 8227 9136
790 7913 8320 8930
790 7913 8400 8850
790 7916 8112 9135
790 8191 8485 8487
793 5651 9528 9981
793 5760 9570 9830
793 5816 9570 9774
793 5858 9528 9774
793 5944 9534 9682
793 6100 9136 9924
793 6112 9067 9981
793 6250 9136 9774
793 6254 9224 9682
793 6455 9135 9570
793 6544 9224 9392
793 6600 9035 9525
793 6790 8800 9570
793 6800 8800 9560
793 6800 9136 9224
793 6930 8400 9830
793 6950 8286 9924
793 7058 9035 9067
793 7192 8286 9682
793 7192 8440 9528
793 7243 8471 9446
793 7243 8850 9067
793 7297 8471 9392
793 7346 8286 9528
793 7368 8400 9392
793 7416 8520 9224
793 7431 7955 9774
793 7436 7800 9924
793 7456 8480 9224
793 7490 7840 9830
793 7520 8112 9528
793 7602 7656 9902
793 7602 8024 9534
793 7602 8112 9446
793 7656 8112 9392
793 7656 8388 9116
793 7813 7955 9392
793 7840 8520 8800
793 7913 8112 9135
793 7916 8020 9224
793 7940 8520 8700
793 8020 8024 9116
793 8020 8440 8700
793 8024 8286 8850
793 8103 8440 8617
793 8112 8227 8821
793 8240 8400 8520
793 8240 8440 8480
793 8320 8400 8440
840 5651 9560 9902
840 6455 9098 9560
840 6544 9035 9534
840 6600 9067 9446
840 6650 9178 9285
840 6726 8485 9902
840 6726 9116 9271
840 6745 8792 9576
840 6800 9135 9178
840 6875 8792 9446
840 6930 9067 9116
840 7050 8487 9576
840 7050 8617 9446
840 7050 8792 9271
840 7058 8485 9570
840 7092 8191 9830
840 7092 8487 9534
840 7098 8487 9528
840 7192 7940 9981
840 7268 8320 9525
840 7297 8240 9576
840 7297 8700 9116
840 7346 8191 9576
840 7346 8700 9067
840 7431 8112 9570
840 7490 8487 9136
840 7561 7778 9774
840 7561 8024 9528
840 7561 8485 9067
840 7602 8240 9271
840 7651 8191 9271
840 7672 7913 9528
840 7672 7916 9525
840 7778 8485 8850
840 7913 8400 8800
840 8240 8388 8485
848 5200 9924 9981
848 5656 9525 9924
848 5675 9528 9902
848 5715 9560 9830
848 6010 9525 9570
848 6250 9285 9570
848 6455 9116 9534
848 6650 8930 9525
848 6745 8800 9560
848 6745 9136 9224
848 6783 8930 9392
848 6783 9098 9224
848 6790 8485 9830
848 6860 8471 9774
848 6860 9067 9178
848 6875 8400 9830
848 7050 8485 9570
848 7058 8471 9576
848 7058 8487 9560
848 7092 8485 9528
848 7192 8388 9525
848 7243 8286 9576
848 7268 7913 9924
848 7300 8520 9285
848 7346 7778 9981
848 7368 7813 9924
848 7456 8471 9178
848 7490 8480 9135
848 7520 8487 9098
848 7561 8320 9224
848 7664 7913 9528
848 7664 7916 9525
848 7778 8103 9224
848 7778 8191 9136
848 7800 7913 9392
848 7800 8020 9285
848 7813 8471 8821
848 7913 8400 8792
864 6010 9098 9981
864 6124 9135 9830
864 6395 8792 9902
864 6783 9035 9271
864 6790 8617 9682
864 6875 8440 9774
864 6875 9098 9116
864 7058 8471 9560
864 7092 8930 9067
864 7192 7916 9981
864 7243 8286 9560
864 7243 8400 9446
864 7268 7840 9981
864 7297 8400 9392
864 7346 7913 9830
864 7364 8191 9534
864 7364 8440 9285
864 7416 8103 9570
864 7416 8227 9446
864 7416 8388 9285
864 7431 8480 9178
864 7436 7672 9981
864 7437 8617 9035
864 7520 8471 9098
864 7651 7664 9774
864 7651 7913 9525
864 7651 8617 8821
864 7672 8487 8930
864 7672 8617 8800
864 7720 8191 9178
864 7800 8191 9098
864 8103 8286 8700
884 5243 9902 9924
884 5528 9560 9981
884 5817 9271 9981
884 5817 9570 9682
884 6010 9135 9924
884 6010 9285 9774
884 6010 9525 9534
884 6100 9067 9902
884 6104 9135 9830
884 6250 9285 9534
884 6320 9067 9682
884 6320 9224 9525
884 6395 9098 9576
884 6506 9035 9528
884 6745 8400 9924
884 7050 8485 9534
884 7098 8700 9271
884 7192 8103 9774
884 7192 8485 9392
884 7297 8487 9285
884 7368 7720 9981
884 7416 7672 9981
884 7437 7651 9981
884 7437 8240 9392
884 7456 8792 8821
884 7520 8024 9525
884 7520 8103 9446
884 7602 8400 9067
884 7602 8432 9035
884 7602 8617 8850
884 7651 8240 9178
884 7651 8320 9098
884 7664 8227 9178
884 7672 8112 9285
884 7778 8020 9271
884 7913 8020 9136
884 8020 8432 8617
903 5774 9446 9830
903 5840 9528 9682
903 6010 9116 9924
903 6104 9116 9830
903 6124 9392 9534
903 6218 8930 9902
903 6250 9224 9576
903 6254 9271 9525
903 6455 8821 9774
903 6455 9035 9560
903 6455 9067 9528
903 6506 9098 9446
903 6544 8930 9576
903 6726 8400 9924
903 6783 8286 9981
903 6783 8821 9446
903 6790 8700 9560
903 7050 8440 9560
903 7058 8432 9560
903 7092 8388 9570
903 7297 8617 9136
903 7346 8480 9224
903 7364 8240 9446
903 7368 8112 9570
903 7431 8227 9392
903 7436 7840 9774
903 7437 8792 8821
903 7456 8024 9570
903 7520 8432 9098
903 7561 7913 9576
903 7561 7955 9534
903 7664 7940 9446
903 7720 8400 8930
903 7720 8480 8850
903 7778 8480 8792
903 7800 8320 8930
903 7800 8400 8850
903 7840 8112 9098
903 7913 8520 8617
903 8191 8388 8471
1003 5124 9902 9924
1003 5651 9525 9774
1003 5656 9392 9902
1003 5684 9285 9981
1003 5840 9534 9576
1003 5944 9446 9560
1003 6112 9392 9446
1003 6254 9136 9560
1003 6318 9098 9534
1003 6320 8800 9830
1003 6455 9224 9271
1003 6506 8520 9924
1003 6544 9135 9271
1003 6600 8520 9830
1003 6783 8485 9682
1003 6800 8320 9830
1003 6860 8520 9570
1003 6950 8440 9560
1003 7016 8400 9534
1003 7192 8487 9271
1003 7268 8112 9570
1003 7297 7672 9981
1003 7300 8800 8850
1003 7456 7664 9830
1003 7456 7720 9774
1003 7490 7778 9682
1003 7520 7656 9774
1003 7561 7813 9576
1003 7602 7778 9570
1003 7656 8227 9067
1003 7664 7840 9446
1003 7813 7913 9224
1003 7813 8520 8617
1032 5110 9830 9981
1032 5551 9446 9924
1032 5817 9528 9576
1032 5817 9534 9570
1032 6010 8930 9981
1032 6104 9135 9682
1032 6112 9035 9774
1032 6218 9178 9525
1032 6320 9067 9534
1032 6455 8485 9981
1032 6650 9135 9136
1032 6800 8850 9271
1032 6860 8485 9576
1032 6875 8930 9116
1032 6950 8700 9271
1032 7058 8471 9392
1032 7192 7955 9774
1032 7243 8286 9392
1032 7268 7672 9981
1032 7297 8400 9224
1032 7300 8485 9136
1032 7300 8800 8821
1032 7346 7651 9924
1032 7346 8440 9135
1032 7364 8286 9271
1032 7368 7651 9902
1032 7436 7561 9924
1032 7456 7940 9525
1032 7520 7955 9446
1032 7520 8471 8930
1032 7561 7800 9560
1032 7720 7916 9285
1032 7720 8103 9098
1032 7800 8191 8930
1032 7916 8388 8617
1032 7916 8485 8520
1041 5460 9528 9924
1041 5764 9224 9924
1041 5817 9525 9570
1041 5858 9224 9830
1041 5944 9392 9576
1041 6112 9224 9576
1041 6218 8792 9902
1041 6254 9098 9560
1041 6320 9067 9525
1041 6506 9135 9271
1041 6544 8792 9576
1041 6600 8388 9924
1041 6650 8432 9830
1041 6745 8485 9682
1041 6783 8227 9902
1041 6790 8440 9682
1041 7016 8320 9576
1041 7050 8286 9576
1041 7058 8024 9830
1041 7058 8320 9534
1041 7092 8286 9534
1041 7098 8286 9528
1041 7268 7720 9924
1041 7297 8480 9135
1041 7300 8388 9224
1041 7346 7664 9902
1041 7346 8388 9178
1041 7364 8020 9528
1041 7364 8432 9116
1041 7368 8320 9224
1041 7431 7651 9830
1041 7436 7916 9560
1041 7436 8191 9285
1041 7437 8440 9035
1041 7456 8320 9136
1041 7490 7520 9902
1041 7490 8286 9136
1041 7651 8440 8821
1041 7664 7672 9576
1041 7664 7720 9528
1041 7664 8024 9224
1041 7664 8112 9136
1041 7672 7955 9285
1041 7672 8440 8800
1041 7720 7800 9392
1041 7720 8400 8792
1041 7800 8320 8792
1041 7940 8485 8487
1041 8112 8320 8480
1064 5226 9682 9981
1064 5684 9224 9981
1064 5774 9285 9830
1064 6320 9035 9534
1064 6506 9098 9285
1064 6783 8821 9285
1064 6875 8112 9902
1064 6875 8240 9774
1064 6875 8480 9534
1064 7016 8191 9682
1064 7092 8227 9570
1064 7098 8520 9271
1064 7243 8112 9534
1064 7268 8485 9136
1064 7268 8800 8821
1064 7297 8792 8800
1064 7364 7955 9570
1064 7364 8240 9285
1064 7368 8700 8821
1064 7416 7913 9560
1064 7520 8191 9178
1064 7561 7800 9528
1064 7602 8487 8800
1064 7651 8103 9135
1064 7651 8388 8850
1064 7664 7940 9285
1064 7778 7840 9271
1064 7813 7940 9136
1064 7840 7913 9136
1064 7840 8432 8617
1064 8191 8227 8471
1128 5475 9576 9774
1128 5715 9534 9576
1128 5817 9178 9830
1128 5858 9285 9682
1128 6455 8800 9570
1128 6600 8700 9525
1128 6745 8520 9560
1128 6860 8191 9774
1128 6860 8440 9525
1128 6860 8930 9035
1128 7058 8191 9576
1128 7058 8700 9067
1128 7092 8617 9116
1128 7268 8286 9271
1128 7300 7955 9570
1128 7300 8240 9285
1128 7416 8617 8792
1128 7436 7813 9576
1128 7437 8103 9285
1128 7456 8191 9178
1128 7490 7561 9774
1128 7490 8485 8850
1128 7520 7913 9392
1128 7520 8020 9285
1128 7813 8191 8821
1128 7913 8112 8800
1128 7913 8432 8480
1128 7940 7955 8930
1128 7940 8400 8485
1128 7955 8020 8850
1128 8020 8320 8485
1152 5401 9570 9830
1152 5675 9224 9902
1152 5684 9136 9981
1152 5764 9135 9902
1152 6124 9285 9392
1152 6320 9035 9446
1152 6395 9135 9271
1152 6455 8821 9525
1152 6600 8930 9271
1152 6650 8227 9924
1152 6650 8617 9534
1152 6650 9035 9116
1152 6745 8480 9576
1152 6800 8020 9981
1152 6800 8227 9774
1152 6875 8024 9902
1152 6875 8480 9446
1152 7016 7955 9830
1152 7016 8103 9682
1152 7050 8191 9560
1152 7050 8480 9271
1152 7050 8821 8930
1152 7058 7913 9830
1152 7092 8485 9224
1152 7098 8432 9271
1152 7243 7656 9902
1152 7243 8024 9534
1152 7243 8112 9446
1152 7297 7602 9902
1152 7297 8112 9392
1152 7297 8388 9116
1152 7300 7520 9981
1152 7346 8320 9135
1152 7346 8388 9067
1152 7364 7456 9981
1152 7431 7800 9570
1152 7431 8440 8930
1152 7431 8520 8850
1152 7436 7840 9525
1152 7520 8103 9178
1152 7561 7664 9576
1152 7561 7955 9285
1152 7561 8440 8800
1152 7664 7913 9224
1152 7664 8520 8617
1152 7916 7955 8930
1152 7916 8400 8485
1152 8103 8227 8471
1168 5030 9774 9981
1168 5675 9534 9576
1168 5684 9271 9830
1168 5684 9525 9576
1168 5816 9067 9902
1168 5817 9392 9576
1168 5944 9067 9774
1168 5944 9271 9570
1168 6104 8700 9981
1168 6124 9136 9525
1168 6650 8850 9285
1168 6745 8480 9560
1168 6783 8320 9682
1168 6783 8432 9570
1168 6800 8700 9285
1168 6800 8850 9135
1168 6860 8400 9525
1168 6950 8700 9135
1168 6950 8800 9035
1168 7050 8700 9035
1168 7098 7913 9774
1168 7243 7561 9981
1168 7300 7561 9924
1168 7364 8286 9135
1168 7368 7436 9981
1168 7368 8487 8930
1168 7368 8617 8800
1168 7416 8191 9178
1168 7431 7672 9682
1168 7431 7778 9576
1168 7437 7778 9570
1168 7490 8024 9271
1168 7561 7664 9560
1168 7561 7778 9446
1168 7561 8432 8792
1168 7664 8191 8930
1168 7778 7940 9067
1168 7778 8487 8520
1168 7813 8485 8487
1168 7913 8432 8440
1168 7940 8024 8821
1200 5651 9178 9924
1200 5656 9116 9981
1200 5715 9136 9902
1200 5816 9035 9902
1200 5944 9035 9774
1200 6112 9116 9525
1200 6250 8821 9682
1200 6600 8471 9682
1200 6726 8103 9924
1200 6745 8432 9576
1200 6745 8480 9528
1200 6783 8400 9570
1200 6783 8792 9178
1200 6875 8432 9446
1200 6875 8700 9178
1200 6950 8227 9576
1200 7016 7813 9924
1200 7050 8432 9271
1200 7058 8471 9224
1200 7098 8520 9135
1200 7243 7940 9570
1200 7243 8286 9224
1200 7268 7561 9924
1200 7297 8320 9136
1200 7364 7813 9576
1200 7416 8487 8850
1200 7436 8617 8700
1200 7490 8471 8792
1200 7561 7664 9528
1200 7561 7800 9392
1200 7561 8400 8792
1200 7651 7656 9446
1200 7651 8485 8617
1200 7656 8480 8617
1200 7720 8103 8930
1200 7778 7840 9135
1200 7778 7940 9035
1200 7800 8103 8850
1200 7813 8240 8700
1200 7913 8320 8520
1200 7913 8400 8440
1200 8024 8112 8617
1200 8227 8240 8286
1216 5243 9570 9924
1216 5528 9285 9924
1216 5675 9528 9534
1216 5684 9525 9528
1216 5715 9098 9924
1216 5715 9446 9576
1216 5817 9392 9528
1216 5840 9067 9830
1216 6100 9067 9570
1216 6218 8617 9902
1216 6395 8440 9902
1216 6544 8617 9576
1216 6745 8432 9560
1216 6800 8821 9116
1216 6860 8103 9774
1216 6860 8485 9392
1216 6875 8286 9576
1216 6950 8227 9560
1216 7050 7913 9774
1216 7058 8103 9576
1216 7092 7664 9981
1216 7192 8020 9525
1216 7243 7664 9830
1216 7243 7720 9774
1216 7300 7456 9981
1216 7346 7561 9830
1216 7364 7813 9560
1216 7368 8191 9178
1216 7416 8286 9035
1216 7416 8471 8850
1216 7431 7778 9528
1216 7431 8485 8821
1216 7436 8480 8821
1216 7456 8103 9178
1216 7490 8112 9135
1216 7561 7651 9525
1216 7651 8286 8800
1216 7720 8400 8617
1216 7800 8320 8617
1216 7813 8103 8821
1216 7913 8024 8800
1236 5401 9392 9924
1236 5475 9560 9682
1236 5551 9392 9774
1236 5764 9271 9682
1236 5944 8792 9981
1236 6112 9035 9570
1236 6254 9178 9285
1236 6320 8821 9576
1236 6395 8930 9392
1236 6395 9098 9224
1236 6455 8432 9830
1236 6783 8400 9534
1236 6790 8792 9135
1236 6800 8471 9446
1236 6800 8850 9067
1236 6860 7955 9902
1236 6875 7940 9902
1236 6930 8227 9560
1236 6950 8191 9576
1236 6950 8700 9067
1236 7016 7720 9981
1236 7058 8388 9271
1236 7098 8227 9392
1236 7192 7955 9570
1236 7192 8240 9285
1236 7243 7940 9534
1236 7300 7436 9981
1236 7300 8487 8930
1236 7300 8617 8800
1236 7364 8286 9067
1236 7416 8480 8821
1236 7431 7456 9830
1236 7431 7840 9446
1236 7436 8103 9178
1236 7437 7720 9560
1236 7437 8480 8800
1236 7456 8440 8821
1236 7490 7651 9576
1236 7520 7672 9525
1236 7561 8020 9136
1236 7656 8240 8821
1236 7664 7955 9098
1236 7800 8432 8485
1236 7813 8112 8792
1236 8191 8240 8286
1258 5243 9528 9924
1258 5246 9525 9924
1258 5401 9392 9902
1258 5475 9446 9774
1258 5715 9446 9534
1258 5840 9285 9570
1258 6100 8821 9774
1258 6100 9035 9560
1258 6100 9067 9528
1258 6320 8850 9525
1258 6544 8227 9924
1258 6544 8617 9534
1258 6544 9035 9116
1258 6650 8485 9560
1258 6650 8520 9525
1258 6650 8821 9224
1258 6783 8520 9392
1258 6860 8700 9135
1258 6860 8800 9035
1258 6875 8286 9534
1258 6930 8240 9525
1258 6930 8480 9285
1258 7016 8103 9576
1258 7050 7664 9981
1258 7058 7656 9981
1258 7058 7955 9682
1258 7058 8103 9534
1258 7058 8112 9525
1258 7058 8191 9446
1258 7092 8487 9116
1258 7346 7368 9981
1258 7368 8103 9224
1258 7368 8191 9136
1258 7416 8487 8792
1258 7431 7490 9774
1258 7436 7813 9446
1258 7437 8191 9067
1258 7456 8103 9136
1258 7490 7813 9392
1258 7720 7840 9135
1258 7720 7940 9035
1258 7778 8432 8485
1258 7800 8103 8792
1258 7940 7955 8800
1258 8024 8191 8480
1258 8103 8112 8480
1280 5243 9528 9902
1280 5246 9446 9981
1280 5246 9525 9902
1280 5651 9098 9924
1280 5651 9446 9576
1280 5675 9224 9774
1280 5764 9135 9774
1280 6010 9135 9528
1280 6010 9271 9392
1280 6104 9035 9534
1280 6218 8930 9525
1280 6318 8821 9534
1280 6455 8388 9830
1280 6506 8485 9682
1280 6544 8227 9902
1280 6745 8400 9528
1280 6745 8792 9136
1280 6783 8320 9570
1280 6783 8792 9098
1280 6800 8191 9682
1280 6875 8024 9774
1280 6875 8700 9098
1280 6930 7913 9830
1280 7050 8487 9136
1280 7058 8480 9135
1280 7098 7651 9924
1280 7098 8440 9135
1280 7192 7651 9830
1280 7243 7656 9774
1280 7268 8227 9178
1280 7297 7602 9774
1280 7297 7800 9576
1280 7297 8240 9136
1280 7300 7813 9560
1280 7346 8103 9224
1280 7346 8191 9136
1280 7364 8024 9285
1280 7368 7913 9392
1280 7368 8020 9285
1280 7431 7672 9570
1280 7561 7720 9392
1280 7561 8320 8792
1280 7602 7800 9271
1280 7602 7955 9116
1280 7651 7955 9067
1280 7656 8400 8617
1280 7720 8103 8850
1280 7778 8103 8792
1280 7800 8388 8485
1280 7913 8240 8520
1280 7913 8320 8440
1280 7916 8286 8471
1280 7955 8286 8432
1330 4868 9774 9981
1330 5401 9392 9830
1330 5475 9224 9924
1330 5528 9525 9570
1330 5656 9285 9682
1330 6104 8617 9902
1330 6250 8471 9902
1330 6254 8388 9981
1330 6254 9098 9271
1330 6395 8700 9528
1330 6726 7916 9981
1330 6745 8432 9446
1330 6745 8700 9178
1330 6783 7916 9924
1330 6950 8103 9570
1330 6950 8227 9446
1330 6950 8388 9285
1330 7016 8471 9136
1330 7092 7955 9576
1330 7098 7955 9570
1330 7098 8240 9285
1330 7243 7456 9924
1330 7268 7431 9924
1330 7268 8320 9035
1330 7297 8191 9135
1330 7346 8485 8792
1330 7364 7813 9446
1330 7431 7664 9528
1330 7431 7800 9392
1330 7431 8400 8792
1330 7436 7916 9271
1330 7436 8487 8700
1330 7490 7955 9178
1330 7651 8485 8487
1330 7656 8480 8487
1330 7672 7916 9035
1330 7672 8471 8480
1330 7720 8103 8800
1330 7720 8286 8617
1330 7720 8432 8471
1330 7778 8024 8821
1330 7916 8227 8480
1330 8024 8112 8487
1330 8112 8191 8320
1358 5675 9392 9528
1358 5684 8930 9981
1358 5764 8850 9981
1358 5764 9271 9560
1358 5944 8821 9830
1358 6100 9224 9271
1358 6745 8020 9830
1358 6790 8520 9285
1358 6800 8617 9178
1358 6860 8700 9035
1358 6930 8487 9178
1358 6950 7664 9981
1358 7050 8020 9525
1358 7268 7346 9981
1358 7268 8103 9224
1358 7268 8191 9136
1358 7300 8024 9271
1358 7368 7651 9576
1358 7416 7651 9528
1358 7416 7955 9224
1358 7416 8112 9067
1358 7431 7940 9224
1358 7436 8024 9135
1358 7520 7940 9135
1358 7651 7720 9224
1358 7720 7840 9035
1358 7720 8388 8487
1358 7840 7955 8800
1358 7940 7955 8700
1358 7955 8240 8400
1392 5460 9271 9830
1392 5460 9525 9576
1392 5651 9136 9774
1392 5816 8821 9924
1392 5858 9178 9525
1392 6100 8480 9981
1392 6112 9178 9271
1392 6455 8821 9285
1392 6506 8485 9570
1392 6726 8700 9135
1392 6726 8800 9035
1392 6745 8240 9576
1392 6745 8700 9116
1392 6800 8191 9570
1392 6800 8227 9534
1392 6860 7720 9981
1392 6875 8240 9446
1392 6930 8103 9528
1392 7016 8020 9525
1392 7050 8240 9271
1392 7098 7561 9902
1392 7192 8191 9178
1392 7243 7416 9902
1392 7243 8388 8930
1392 7297 7490 9774
1392 7300 7431 9830
1392 7300 8440 8821
1392 7364 7672 9525
1392 7431 7602 9528
1392 7436 7840 9285
1392 7490 7800 9271
1392 7490 7955 9116
1392 7520 8191 8850
1392 7561 8480 8520
1392 7720 8020 8821
1392 7800 7940 8821
1392 7955 8286 8320
1408 5030 9534 9981
1408 5243 9528 9774
1408 5246 9525 9774
1408 5460 9525 9560
1408 5684 9285 9576
1408 5764 8800 9981
1408 5840 9135 9570
1408 5944 9067 9534
1408 6124 8440 9981
1408 6124 9136 9285
1408 6254 9067 9224
1408 6320 8700 9525
1408 6395 8320 9830
1408 6455 8520 9570
1408 6544 8020 9981
1408 6544 8227 9774
1408 6745 8240 9560
1408 6790 8227 9528
1408 6860 8400 9285
1408 6875 7840 9830
1408 6930 8480 9135
1408 6950 7913 9682
1408 7050 7813 9682
1408 7050 8103 9392
1408 7098 7913 9534
1408 7192 8286 9067
1408 7268 8485 8792
1408 7297 7346 9902
1408 7297 7672 9576
1408 7297 7720 9528
1408 7297 8024 9224
1408 7297 8112 9136
1408 7300 7720 9525
1408 7364 7656 9525
1408 7456 7561 9528
1408 7490 8020 9035
1408 7602 7672 9271
1408 7651 7778 9116
1408 7672 8388 8485
1408 7813 7940 8792
1408 7840 7913 8792
1408 7913 8112 8520
1408 7955 8103 8487
1552 5401 9098 9902
1552 5475 9392 9534
1552 5656 8821 9924
1552 5684 9035 9682
1552 5684 9271 9446
1552 5715 9116 9570
1552 5760 9116 9525
1552 5764 9067 9570
1552 5774 9067 9560
1552 6010 8617 9774
1552 6010 8821 9570
1552 6100 8320 9981
1552 6100 8471 9830
1552 6218 9067 9116
1552 6250 8227 9924
1552 6250 8617 9534
1552 6250 9035 9116
1552 6544 7955 9902
1552 6650 8191 9560
1552 6650 8480 9271
1552 6650 8821 8930
1552 6745 8432 9224
1552 6745 8520 9136
1552 6783 8440 9178
1552 6783 8520 9098
1552 6800 8485 9116
1552 6875 7602 9924
1552 6930 7490 9981
1552 6950 8227 9224
1552 7058 8227 9116
1552 7092 8024 9285
1552 7098 7778 9525
1552 7192 8388 8821
1552 7268 7955 9178
1552 7297 8487 8617
1552 7346 8020 9035
1552 7364 7813 9224
1552 7368 8103 8930
1552 7431 7436 9534
1552 7436 7437 9528
1552 7436 8480 8485
1552 7490 7813 9098
1552 7490 8440 8471
1552 7561 8320 8520
1552 7561 8400 8440
1552 7602 7664 9135
1552 7664 7916 8821
1552 7672 8112 8617
1552 7778 8103 8520
1552 7778 8191 8432
1552 7813 8103 8485
1632 4715 9682 9924
1632 5226 9525 9570
1632 5401 9392 9528
1632 5460 9285 9576
1632 5651 9136 9534
1632 5651 9224 9446
1632 5684 9067 9570
1632 5840 9035 9446
1632 5858 9178 9285
1632 6100 8240 9981
1632 6250 8800 9271
1632 6320 8020 9981
1632 6320 8227 9774
1632 6395 8024 9902
1632 6395 8480 9446
1632 6506 7913 9902
1632 6650 8400 9271
1632 6650 8821 8850
1632 6726 7913 9682
1632 6745 8440 9136
1632 6783 8440 9098
1632 6783 8471 9067
1632 6790 7955 9576
1632 6800 8700 8821
1632 6875 7672 9774
1632 6930 7561 9830
1632 7016 7913 9392
1632 7016 8020 9285
1632 7050 8471 8800
1632 7058 8471 8792
1632 7243 8286 8792
1632 7268 7955 9098
1632 7297 7490 9534
1632 7297 7800 9224
1632 7346 7840 9135
1632 7346 7940 9035
1632 7364 7672 9285
1632 7368 7561 9392
1632 7368 8103 8850
1632 7436 7955 8930
1632 7436 8400 8485
1632 7561 8240 8520
1632 7561 8320 8440
1632 7778 8103 8440
1632 7913 8020 8388
1640 4762 9570 9981
1640 5140 9271 9902
1640 5475 9392 9446
1640 5715 8617 9981
1640 5858 8930 9525
1640 5944 8388 9981
1640 5944 9098 9271
1640 6100 8821 9392
1640 6100 9035 9178
1640 6112 8930 9271
1640 6250 8487 9576
1640 6250 8617 9446
1640 6250 8792 9271
1640 6650 8103 9560
1640 6650 8485 9178
1640 6726 7813 9774
1640 6726 8471 9116
1640 6726 8520 9067
1640 6745 8432 9136
1640 6783 8432 9098
1640 6790 8388 9135
1640 6875 7664 9774
1640 6875 7913 9525
1640 6875 8617 8821
1640 6930 7813 9570
1640 6930 8112 9271
1640 6950 8227 9136
1640 7050 8471 8792
1640 7092 7297 9924
1640 7092 7651 9570
1640 7092 8400 8821
1640 7192 7561 9560
1640 7192 8191 8930
1640 7268 7520 9525
1640 7297 7456 9560
1640 7300 7437 9576
1640 7346 8480 8487
1640 7364 7664 9285
1640 7364 7813 9136
1640 7431 7436 9446
1640 7431 7490 9392
1640 7437 7778 9098
1640 7456 8240 8617
1640 7561 8320 8432
1640 7602 8191 8520
1640 7602 8240 8471
1640 7651 8191 8471
1640 7672 8024 8617
1640 7778 8103 8432
1640 7800 7813 8700
1640 7800 8227 8286
1640 7813 8020 8480
1640 7813 8112 8388
1648 4721 9682 9902
1648 5110 9271 9924
1648 5226 9098 9981
1648 5243 9528 9534
1648 5246 9135 9924
1648 5246 9285 9774
1648 5246 9525 9534
1648 5460 9285 9560
1648 5551 9178 9576
1648 5675 8800 9830
1648 5764 8617 9924
1648 5858 8617 9830
1648 6104 8930 9271
1648 6112 8617 9576
1648 6250 8485 9570
1648 6320 8700 9285
1648 6320 8850 9135
1648 6455 8020 9830
1648 6544 8191 9570
1648 6544 8227 9534
1648 6650 8520 9135
1648 6783 7840 9682
1648 6783 8487 9035
1648 6790 7955 9560
1648 6790 8480 9035
1648 6875 7656 9774
1648 6930 8240 9135
1648 6950 7431 9924
1648 6950 8320 9035
1648 7016 8191 9098
1648 7058 8112 9135
1648 7192 7431 9682
1648 7268 7813 9224
1648 7300 7720 9285
1648 7300 8388 8617
1648 7300 8485 8520
1648 7346 7431 9528
1648 7364 7416 9525
1648 7364 7656 9285
1648 7368 8320 8617
1648 7431 8024 8850
1648 7437 8388 8480
1648 7520 7561 9224
1648 7664 8024 8617
1648 7800 8020 8485
1648 7916 8103 8286
1672 5243 9136 9902
1672 5651 8800 9830
1672 5715 8792 9774
1672 5817 8930 9534
1672 6010 9135 9136
1672 6104 8617 9560
1672 6112 8487 9682
1672 6218 8487 9576
1672 6218 8617 9446
1672 6218 8792 9271
1672 6250 8471 9560
1672 6254 8103 9924
1672 6395 8112 9774
1672 6395 8440 9446
1672 6544 7813 9924
1672 6650 8103 9528
1672 6726 8520 9035
1672 6745 8400 9136
1672 6783 8227 9271
1672 6783 8320 9178
1672 6783 8400 9098
1672 6800 7651 9830
1672 6860 8286 9135
1672 7092 7664 9525
1672 7192 7561 9528
1672 7243 7940 9098
1672 7268 7437 9576
1672 7297 7456 9528
1672 7300 7456 9525
1672 7346 7664 9271
1672 7346 7800 9135
1672 7364 8432 8485
1672 7368 7778 9135
1672 7431 7672 9178
1672 7436 7778 9067
1672 7436 8024 8821
1672 7437 8227 8617
1672 7490 7520 9271
1672 7490 7656 9135
1672 7490 8320 8471
1672 7520 7940 8821
1672 7561 8020 8700
1672 7561 8103 8617
1672 7561 8240 8480
1672 7561 8320 8400
1672 7778 8103 8400
1716 4483 9830 9924
1716 4680 9576 9981
1716 4765 9570 9902
1716 5030 9525 9682
1716 5140 9116 9981
1716 5152 9525 9560
1716 5200 9135 9902
1716 5246 9067 9924
1716 5551 9116 9570
1716 5656 9135 9446
1716 5675 9116 9446
1716 5774 9178 9285
1716 5816 8440 9981
1716 5816 9136 9285
1716 5817 8850 9570
1716 5817 9135 9285
1716 5840 8821 9576
1716 6104 9035 9098
1716 6218 8485 9534
1716 6318 8821 9098
1716 6320 8471 9446
1716 6320 8850 9067
1716 6395 7940 9902
1716 6600 7656 9981
1716 6600 7955 9682
1716 6600 8103 9534
1716 6600 8112 9525
1716 6600 8191 9446
1716 6650 7813 9774
1716 6650 8471 9116
1716 6650 8520 9067
1716 6726 8240 9271
1716 6745 7916 9576
1716 6745 8700 8792
1716 6790 7913 9534
1716 6800 7456 9981
1716 6875 7916 9446
1716 6875 8227 9135
1716 6875 8432 8930
1716 6930 8191 9116
1716 6930 8240 9067
1716 6950 8487 8800
1716 7016 7297 9924
1716 7016 7651 9570
1716 7016 8400 8821
1716 7050 7916 9271
1716 7050 8487 8700
1716 7058 7651 9528
1716 7058 7955 9224
1716 7058 8112 9067
1716 7092 7243 9902
1716 7192 7520 9525
1716 7243 7602 9392
1716 7297 7364 9576
1716 7297 8240 8700
1716 7300 8320 8617
1716 7346 8191 8700
1716 7364 7602 9271
1716 7364 8388 8485
1716 7431 8286 8520
1716 7437 7664 9136
1716 7437 8320 8480
1716 7490 7955 8792
1716 7490 8227 8520
1716 7561 8191 8485
1716 7651 7656 8930
1716 7813 8024 8400
1725 4565 9682 9981
1725 4622 9682 9924
1725 5124 9528 9576
1725 5124 9534 9570
1725 5140 9528 9560
1725 5551 9285 9392
1725 5684 9098 9446
1725 5715 9067 9446
1725 5760 8487 9981
1725 5764 8930 9534
1725 5817 8487 9924
1725 5858 8800 9570
1725 6010 8388 9830
1725 6112 8286 9830
1725 6218 8440 9570
1725 6218 8485 9525
1725 6250 8800 9178
1725 6254 8440 9534
1725 6320 8792 9116
1725 6506 8792 8930
1725 6544 8617 9067
1725 6600 8103 9525
1725 6650 8400 9178
1725 6650 8480 9098
1725 6726 7672 9830
1725 6745 7913 9570
1725 6745 7955 9528
1725 6790 7664 9774
1725 6790 7913 9525
1725 6790 8617 8821
1725 6860 7840 9528
1725 6875 8286 9067
1725 6950 7297 9981
1725 7050 7602 9576
1725 7058 7268 9902
1725 7058 7778 9392
1725 7058 8103 9067
1725 7058 8240 8930
1725 7058 8320 8850
1725 7092 7602 9534
1725 7092 8020 9116
1725 7092 8286 8850
1725 7098 7300 9830
1725 7098 7602 9528
1725 7268 8440 8520
1725 7300 7368 9560
1725 7346 7436 9446
1725 7346 7490 9392
1725 7416 8020 8792
1725 7416 8112 8700
1725 7436 7656 9136
1725 7437 7520 9271
1725 7437 7656 9135
1725 7437 8320 8471
1725 7456 7656 9116
1725 7490 7602 9136
1725 7520 7778 8930
1725 7520 7916 8792
1725 7520 8320 8388
1725 7561 8227 8440
1725 7656 7955 8617
1726 4715 9682 9830
1726 4721 9525 9981
1726 4765 9560 9902
1726 5110 9136 9981
1726 5475 8850 9902
1726 5475 9224 9528
1726 5551 9116 9560
1726 5764 9178 9285
1726 5816 8487 9924
1726 5817 8850 9560
1726 5840 8485 9902
1726 5840 9116 9271
1726 5858 8388 9981
1726 5858 9098 9271
1726 6112 8191 9924
1726 6218 8617 9392
1726 6318 8227 9682
1726 6395 8440 9392
1726 6455 8487 9285
1726 6726 7520 9981
1726 6745 7800 9682
1726 6783 7520 9924
1726 6783 7916 9528
1726 6790 7456 9981
1726 6950 8485 8792
1726 7016 7437 9774
1726 7016 7651 9560
1726 7016 7940 9271
1726 7243 7456 9528
1726 7268 7431 9528
1726 7300 7656 9271
1726 7300 8227 8700
1726 7300 8440 8487
1726 7368 8388 8471
1726 7436 7520 9271
1726 7436 7656 9135
1726 7436 8320 8471
1726 7437 7940 8850
1726 7456 8286 8485
1726 7490 7602 9135
1726 7490 7916 8821
1726 7520 7672 9035
1726 7520 8227 8480
1726 7720 8020 8487
1726 7800 7940 8487
1726 7840 7916 8471
1726 7840 7955 8432
1733 4762 9534 9924
1733 5000 9446 9774
1733 5110 9534 9576
1733 5140 9178 9902
1733 5246 9446 9528
1733 5401 9285 9534
1733 5460 8930 9830
1733 5475 8821 9924
1733 5528 9116 9576
1733 5551 9135 9534
1733 5651 9035 9534
1733 5816 8480 9924
1733 5858 8792 9570
1733 5944 8700 9576
1733 5944 9098 9178
1733 6010 8286 9924
1733 6104 8286 9830
1733 6112 8930 9178
1733 6124 8520 9576
1733 6218 8320 9682
1733 6218 8432 9570
1733 6250 8400 9570
1733 6250 8792 9178
1733 6254 8432 9534
1733 6254 8520 9446
1733 6254 8850 9116
1733 6318 8617 9285
1733 6455 8240 9525
1733 6455 8480 9285
1733 6506 7940 9774
1733 6600 8485 9135
1733 6726 7664 9830
1733 6726 7720 9774
1733 6745 8440 9035
1733 6783 7456 9981
1733 6790 7656 9774
1733 6860 7436 9924
1733 6860 7800 9560
1733 6875 7364 9981
1733 6930 7720 9570
1733 6930 8112 9178
1733 6930 8440 8850
1733 6950 7346 9924
1733 6950 7368 9902
1733 7050 7268 9902
1733 7050 7778 9392
1733 7050 8103 9067
1733 7050 8240 8930
1733 7050 8320 8850
1733 7058 7602 9560
1733 7098 8024 9098
1733 7192 7346 9682
1733 7268 8432 8520
1733 7300 8400 8520
1733 7300 8440 8480
1733 7346 8024 8850
1733 7364 7720 9136
1733 7490 7800 8930
1733 7520 7602 9098
1733 7561 8227 8432
1733 7720 7800 8700
1733 7720 8020 8480
1733 7720 8112 8388
1733 7778 7955 8487
1733 7800 7940 8480
1733 7800 8020 8400
1733 7840 7940 8440
1744 4715 9570 9924
1744 4910 9525 9774
1744 5000 9285 9924
1744 5124 9525 9560
1744 5243 9136 9830
1744 5378 8850 9981
1744 5378 9271 9560
1744 5460 9067 9682
1744 5460 9224 9525
1744 5528 8700 9981
1744 5551 9098 9560
1744 5760 9178 9271
1744 5840 8388 9981
1744 5840 9098 9271
1744 6124 8800 9285
1744 6395 8286 9528
1744 6506 8432 9271
1744 6544 8487 9178
1744 6726 7913 9570
1744 6726 7955 9528
1744 6745 8240 9224
1744 6745 8286 9178
1744 6800 8617 8792
1744 6860 7368 9981
1744 6875 7800 9534
1744 6930 8487 8792
1744 6950 7813 9446
1744 7050 8024 9135
1744 7098 7840 9271
1744 7192 7243 9774
1744 7192 8400 8617
1744 7243 7520 9446
1744 7268 7416 9525
1744 7268 7656 9285
1744 7297 7520 9392
1744 7297 8112 8800
1744 7297 8432 8480
1744 7364 7778 9067
1744 7364 8024 8821
1744 7368 8020 8821
1744 7436 8286 8487
1744 7437 7656 9116
1744 7778 8191 8240
1744 7813 7916 8480
1764 4674 9534 9981
1764 4680 9528 9981
1764 4762 9446 9981
1764 4762 9525 9902
1764 5030 9178 9981
1764 5110 9098 9981
1764 5152 9135 9902
1764 5243 9116 9830
1764 5528 9136 9525
1764 5715 8700 9774
1764 5715 8792 9682
1764 5816 8471 9902
1764 5840 8821 9528
1764 5944 8471 9774
1764 5944 9067 9178
1764 6104 8800 9285
1764 6112 8792 9285
1764 6124 8930 9135
1764 6218 8700 9271
1764 6254 8800 9135
1764 6395 7813 9981
1764 6395 8020 9774
1764 6395 8112 9682
1764 6544 7664 9981
1764 6726 7561 9902
1764 6745 7520 9924
1764 6745 7916 9528
1764 6800 7813 9576
1764 6930 7813 9446
1764 6950 8103 9136
1764 7016 7192 9981
1764 7058 7561 9570
1764 7092 7651 9446
1764 7092 8480 8617
1764 7098 7913 9178
1764 7098 7955 9136
1764 7098 8024 9067
1764 7192 7437 9560
1764 7297 7364 9528
1764 7300 7364 9525
1764 7346 7913 8930
1764 7416 8286 8487
1764 7437 8320 8432
1764 7490 7664 9035
1764 7520 7602 9067
1764 7561 7778 8850
1764 7561 8240 8388
1764 7656 7916 8617
1764 7778 7940 8471
1764 7800 8103 8286
1768 4280 9924 9981
1768 5140 9271 9774
1768 5226 9035 9924
1768 5401 9224 9560
1768 5684 8520 9981
1768 5764 8440 9981
1768 5764 9136 9285
1768 5774 8487 9924
1768 5816 8388 9981
1768 5816 9098 9271
1768 5817 8792 9576
1768 6100 8800 9285
1768 6124 8485 9576
1768 6250 8800 9135
1768 6254 8485 9446
1768 6318 8800 9067
1768 6455 8800 8930
1768 6506 8103 9576
1768 6600 8487 9098
1768 6650 8400 9135
1768 6783 7720 9682
1768 6783 8286 9116
1768 6860 7800 9525
1768 6860 8227 9098
1768 7058 7297 9830
1768 7058 7602 9525
1768 7098 8020 9067
1768 7268 8432 8485
1768 7297 7664 9224
1768 7300 7955 8930
1768 7300 8400 8485
1768 7431 7656 9098
1768 7436 7651 9098
1768 7456 8112 8617
1768 7602 8103 8480
1768 7602 8112 8471
1768 7672 7813 8700
1768 7672 8227 8286
1768 7813 7940 8432
1768 7840 7913 8432
1800 5200 9271 9682
1800 5243 9136 9774
1800 5401 8850 9902
1800 5401 9224 9528
1800 5551 8700 9902
1800 5764 8487 9902
1800 5840 9135 9178
1800 6112 8471 9570
1800 6218 8800 9135
1800 6318 8700 9135
1800 6318 8800 9035
1800 6395 8487 9271
1800 6455 8520 9178
1800 6600 7651 9902
1800 6783 7800 9570
1800 6783 8440 8930
1800 6783 8520 8850
1800 6790 8227 9136
1800 6800 8286 9067
1800 6875 7297 9981
1800 7016 7561 9576
1800 7016 7913 9224
1800 7016 8520 8617
1800 7058 7561 9534
1800 7092 8240 8821
1800 7098 8020 9035
1800 7192 7436 9525
1800 7268 7955 8930
1800 7268 8400 8485
1800 7297 7720 9136
1800 7346 7672 9135
1800 7346 8320 8487
1800 7368 7561 9224
1800 7416 7602 9135
1800 7416 7916 8821
1800 7431 7437 9285
1800 7437 7916 8800
1800 7456 7561 9136
1800 7490 7813 8850
1800 7561 7800 8792
1800 7561 8112 8480
1800 7720 7913 8520
1800 7800 7913 8440
1800 7813 7940 8400
1800 7813 8020 8320
1800 7840 7913 8400
1824 4680 9525 9924
1824 4765 9534 9830
1824 5264 9035 9830
1824 5460 9135 9534
1824 5528 9067 9534
1824 5760 8388 9981
1824 5760 9098 9271
1824 5774 8821 9534
1824 5816 9135 9178
1824 5817 8388 9924
1824 5858 9135 9136
1824 6124 8024 9981
1824 6124 8103 9902
1824 6124 8471 9534
1824 6124 8480 9525
1824 6250 7955 9924
1824 6250 8487 9392
1824 6318 8286 9525
1824 6506 8487 9136
1824 6544 8487 9098
1824 6745 8286 9098
1824 6783 7664 9682
1824 6790 7437 9902
1824 6875 7720 9534
1824 6930 7297 9902
1824 6950 7651 9528
1824 6950 7955 9224
1824 6950 8112 9067
1824 7016 7431 9682
1824 7050 7098 9981
1824 7058 7297 9774
1824 7058 7800 9271
1824 7058 7955 9116
1824 7092 7813 9224
1824 7192 8320 8617
1824 7297 7561 9271
1824 7297 8400 8432
1824 7300 7437 9392
1824 7300 7651 9178
1824 7368 7490 9271
1824 7368 7940 8821
1824 7416 7913 8800
1824 7431 7520 9178
1824 7431 8227 8471
1824 7651 7778 8700
1824 7672 7840 8617
1824 7813 7916 8400
1898 4721 9560 9774
1898 4868 9285 9902
1898 5200 9285 9570
1898 5246 9035 9774
1898 5378 9285 9392
1898 5460 8821 9774
1898 5460 9035 9560
1898 5460 9067 9528
1898 5528 9135 9392
1898 5651 8480 9924
1898 5715 9116 9224
1898 5764 9067 9224
1898 5817 8792 9446
1898 5840 8930 9285
1898 6010 8485 9560
1898 6010 8520 9525
1898 6010 8821 9224
1898 6124 8485 9446
1898 6218 7913 9924
1898 6250 8520 9285
1898 6318 7813 9924
1898 6320 8700 9035
1898 6455 8024 9576
1898 6506 8024 9525
1898 6506 8103 9446
1898 6544 8240 9271
1898 6600 8320 9135
1898 6600 8388 9067
1898 6650 8227 9178
1898 6783 8480 8792
1898 6875 8388 8792
1898 6875 8480 8700
1898 6930 7840 9285
1898 7016 7058 9981
1898 7050 7720 9285
1898 7050 8388 8617
1898 7050 8485 8520
1898 7058 7437 9560
1898 7098 7672 9285
1898 7243 8020 8792
1898 7243 8112 8700
1898 7268 7651 9136
1898 7268 7720 9067
1898 7300 7720 9035
1898 7300 7955 8800
1898 7364 7656 9035
1898 7368 7416 9271
1898 7437 7520 9098
1898 7456 7778 8821
1898 7456 8112 8487
1898 7520 8103 8432
1898 7840 8024 8191
1898 7840 8103 8112
1916 4565 9570 9902
1916 4721 9392 9924
1916 5000 9135 9902
1916 5140 9067 9830
1916 5243 9224 9570
1916 5264 8792 9981
1916 5475 9116 9446
1916 5528 9224 9285
1916 5656 8400 9981
1916 5656 8821 9560
1916 5675 8792 9570
1916 5715 8930 9392
1916 5715 9098 9224
1916 5816 8240 9981
1916 5944 8112 9981
1916 5944 8191 9902
1916 6010 8103 9924
1916 6100 8821 9116
1916 6104 8103 9830
1916 6104 8487 9446
1916 6112 8400 9525
1916 6124 8388 9525
1916 6250 8227 9560
1916 6318 8191 9528
1916 6320 8432 9285
1916 6395 8792 8850
1916 6506 7955 9576
1916 6600 7456 9981
1916 6650 8320 9067
1916 6745 7368 9924
1916 6745 8471 8821
1916 6783 7720 9534
1916 6790 8112 9135
1916 6875 7602 9560
1916 6930 8286 8821
1916 6950 8020 9067
1916 7058 7297 9682
1916 7192 7778 9067
1916 7192 8024 8821
1916 7297 7940 8800
1916 7300 7602 9135
1916 7300 7916 8821
1916 7346 7656 9035
1916 7368 7602 9067
1916 7416 7800 8821
1916 7431 7490 9116
1916 7431 8286 8320
1916 7437 7800 8800
1916 7456 7651 8930
1916 7490 8227 8320
1916 7602 7955 8480
2013 4674 9285 9981
2013 5030 9136 9774
2013 5140 9224 9576
2013 5246 8792 9902
2013 5264 9116 9560
2013 5378 9116 9446
2013 5551 8487 9902
2013 5715 8700 9525
2013 5858 8400 9682
2013 5944 8471 9525
2013 6100 7916 9924
2013 6104 8700 9136
2013 6124 8240 9576
2013 6124 8700 9116
2013 6218 8792 8930
2013 6250 7916 9774
2013 6254 8240 9446
2013 6318 7720 9902
2013 6318 7940 9682
2013 6318 8487 9135
2013 6320 8485 9135
2013 6395 8020 9525
2013 6455 7561 9924
2013 6600 7416 9924
2013 6650 7720 9570
2013 6650 8112 9178
2013 6650 8440 8850
2013 6783 8227 8930
2013 6800 7916 9224
2013 6800 8024 9116
2013 6800 8440 8700
2013 6860 7520 9560
2013 6950 7456 9534
2013 6950 7955 9035
2013 7016 7364 9560
2013 7016 8103 8821
2013 7058 7436 9446
2013 7058 7490 9392
2013 7092 7456 9392
2013 7092 7813 9035
2013 7098 7664 9178
2013 7243 7561 9136
2013 7268 8240 8432
2013 7300 7416 9224
2013 7300 7840 8800
2013 7300 7940 8700
2013 7300 8240 8400
2013 7346 7416 9178
2013 7346 7664 8930
2013 7368 7436 9136
2013 7368 7437 9135
2013 7368 7456 9116
2013 7368 7955 8617
2013 7431 8024 8485
2013 7436 7437 9067
2013 7436 8024 8480
2013 7437 8103 8400
2013 7490 7520 8930
2013 7520 7720 8700
2013 7520 7940 8480
2013 7520 8020 8400
2013 7651 7672 8617
2013 7656 7813 8471
2013 7800 7913 8227
2013 7813 8024 8103
2032 4016 9924 9981
2032 4622 9525 9774
2032 4762 9178 9981
2032 4868 9525 9528
2032 5140 8800 9981
2032 5226 9135 9560
2032 5460 8480 9981
2032 5551 8800 9570
2032 5651 8440 9830
2032 5651 8700 9570
2032 5675 8800 9446
2032 5715 8432 9774
2032 5858 8487 9576
2032 5858 8617 9446
2032 5858 8792 9271
2032 6100 7840 9981
2032 6124 8227 9570
2032 6218 8432 9271
2032 6250 8400 9271
2032 6250 8821 8850
2032 6318 8487 9116
2032 6320 8485 9116
2032 6395 7602 9924
2032 6455 8020 9446
2032 6506 8191 9224
2032 6506 8485 8930
2032 6600 8286 9035
2032 6600 8471 8850
2032 6650 8471 8800
2032 6745 7346 9830
2032 6745 7651 9525
2032 6783 7364 9774
2032 6783 7456 9682
2032 6783 8103 9035
2032 6790 7561 9570
2032 6800 7561 9560
2032 6800 8191 8930
2032 6860 8240 8821
2032 6875 7364 9682
2032 6930 7431 9560
2032 6930 7720 9271
2032 6930 7813 9178
2032 6930 8191 8800
2032 6930 8471 8520
2032 6950 7437 9534
2032 7050 7346 9525
2032 7050 8400 8471
2032 7092 7437 9392
2032 7092 7651 9178
2032 7098 7431 9392
2032 7192 8112 8617
2032 7243 8191 8487
2032 7268 7368 9285
2032 7300 7800 8821
2032 7364 7490 9067
2032 7364 7940 8617
2032 7368 7437 9116
2032 7416 8020 8485
2032 7436 7664 8821
2032 7490 8191 8240
2032 7520 7916 8485
2032 7561 7840 8520
2032 7656 7778 8487
2032 7672 7778 8471
2032 7720 7813 8388
2032 7778 7916 8227
2102 4153 9774 9924
2102 4445 9576 9830
2102 4715 9560 9576
2102 4721 9560 9570
2102 5140 9135 9576
2102 5200 8821 9830
2102 5246 9035 9570
2102 5460 8617 9774
2102 5460 8821 9570
2102 5475 8800 9576
2102 5475 8930 9446
2102 5684 8485 9682
2102 5774 8792 9285
2102 6010 8617 9224
2102 6100 8191 9560
2102 6100 8480 9271
2102 6100 8821 8930
2102 6250 8485 9116
2102 6320 7955 9576
2102 6395 8320 9136
2102 6506 7364 9981
2102 6544 8191 9116
2102 6544 8240 9067
2102 6650 7916 9285
2102 6650 8103 9098
2102 6726 7840 9285
2102 6790 8240 8821
2102 6800 7916 9135
2102 6860 7431 9560
2102 6860 7720 9271
2102 6860 7813 9178
2102 6860 8191 8800
2102 6860 8471 8520
2102 6875 7416 9560
2102 6875 7840 9136
2102 7016 7800 9035
2102 7058 7268 9525
2102 7192 7561 9098
2102 7192 8227 8432
2102 7268 8103 8480
2102 7268 8112 8471
2102 7297 7456 9098
2102 7300 7416 9135
2102 7346 8020 8485
2102 7368 7416 9067
2102 7416 7955 8480
2102 7431 7490 8930
2102 7431 7720 8700
2102 7431 7940 8480
2102 7431 8020 8400
2102 7456 7778 8617
2102 7456 7955 8440
2102 7490 7561 8800
2102 7602 7778 8471
2102 7651 7720 8480
2102 7651 7800 8400
2102 7656 7955 8240
2102 7720 7940 8191
2138 4445 9446 9924
2138 4721 9534 9560
2138 4762 9525 9528
2138 5110 9135 9570
2138 5152 9135 9528
2138 5152 9271 9392
2138 5246 9035 9534
2138 5460 8821 9534
2138 5475 9116 9224
2138 5651 8240 9924
2138 5760 8485 9570
2138 5774 8471 9570
2138 5816 8471 9528
2138 5816 8821 9178
2138 5858 8432 9525
2138 5858 8821 9136
2138 6010 8520 9285
2138 6100 7813 9902
2138 6100 8617 9098
2138 6104 8440 9271
2138 6104 8487 9224
2138 6112 8432 9271
2138 6320 7813 9682
2138 6320 8103 9392
2138 6455 7436 9924
2138 6455 7800 9560
2138 6506 8024 9285
2138 6544 8471 8800
2138 6726 7561 9528
2138 6783 7456 9576
2138 6783 7916 9116
2138 6783 8240 8792
2138 6800 7490 9525
2138 6875 7016 9924
2138 6875 7364 9576
2138 6875 8240 8700
2138 6930 7955 8930
2138 6930 8400 8485
2138 7016 7664 9135
2138 7058 8286 8471
2138 7092 7656 9067
2138 7098 7192 9525
2138 7192 8103 8520
2138 7192 8191 8432
2138 7243 7436 9136
2138 7243 7437 9135
2138 7243 7456 9116
2138 7243 7955 8617
2138 7268 7431 9116
2138 7268 8227 8320
2138 7364 7416 9035
2138 7364 7651 8800
2138 7431 7913 8471
2138 7490 7840 8485
2138 7602 7813 8400
2138 7656 7672 8487
2138 7672 7916 8227
2138 7840 7955 8020
2206 3936 9830 9981
2206 4275 9570 9902
2206 4445 9528 9774
2206 5030 9035 9682
2206 5030 9271 9446
2206 5110 9067 9570
2206 5124 9098 9525
2206 5152 8821 9774
2206 5152 9035 9560
2206 5152 9067 9528
2206 5246 8520 9981
2206 5378 8388 9981
2206 5378 9098 9271
2206 5401 8821 9525
2206 5651 8520 9576
2206 5684 8487 9576
2206 5684 8617 9446
2206 5684 8792 9271
2206 5816 8485 9446
2206 5944 8227 9576
2206 6010 7813 9924
2206 6104 7813 9830
2206 6124 8487 9136
2206 6455 7368 9924
2206 6455 8471 8821
2206 6600 8112 9035
2206 6650 7651 9446
2206 6650 8480 8617
2206 6745 7778 9224
2206 6783 7436 9528
2206 6790 7672 9285
2206 6860 7602 9285
2206 6860 8400 8487
2206 6875 7098 9774
2206 6875 8432 8440
2206 7016 7664 9067
2206 7050 7561 9136
2206 7058 7243 9446
2206 7058 7297 9392
2206 7092 7431 9224
2206 7092 7520 9135
2206 7092 7955 8700
2206 7098 7364 9285
2206 7192 7520 9035
2206 7243 7368 9136
2206 7243 7437 9067
2206 7243 8024 8480
2206 7297 7520 8930
2206 7346 7916 8485
2206 7431 7916 8400
2206 7436 7490 8821
2206 7436 7840 8471
2206 7437 8024 8286
2206 7651 7656 8440
2206 7651 7664 8432
2206 7720 7800 8227
2216 4153 9682 9902
2216 4275 9560 9902
2216 4622 9285 9830
2216 4715 9098 9924
2216 4715 9446 9576
2216 4721 9035 9981
2216 4721 9446 9570
2216 5110 9067 9560
2216 5378 9135 9224
2216 5475 8432 9830
2216 5816 7940 9981
2216 5840 7916 9981
2216 5858 7955 9924
2216 5858 8487 9392
2216 6100 7656 9981
2216 6100 7955 9682
2216 6100 8103 9534
2216 6100 8112 9525
2216 6100 8191 9446
2216 6124 8792 8821
2216 6254 7913 9570
2216 6254 7955 9528
2216 6320 7436 9981
2216 6320 8487 8930
2216 6320 8617 8800
2216 6455 8432 8850
2216 6600 7561 9576
2216 6600 7913 9224
2216 6600 8520 8617
2216 6650 8020 9067
2216 6726 7913 9098
2216 6745 7416 9576
2216 6783 8024 8930
2216 6800 8320 8617
2216 6860 7431 9446
2216 6875 7416 9446
2216 6930 7672 9135
2216 6930 8320 8487
2216 6950 7651 9136
2216 6950 7720 9067
2216 7016 7436 9285
2216 7050 7416 9271
2216 7098 7368 9271
2216 7297 7955 8485
2216 7431 7456 8850
2216 7431 8020 8286
2216 7436 7913 8388
2216 7437 7813 8487
2216 7456 7664 8617
2216 7490 8020 8227
2216 7561 7656 8520
2216 7602 7664 8471
2216 7651 7800 8286
2216 7800 7913 8024
2234 3965 9830 9924
2234 4622 9116 9981
2234 4674 9271 9774
2234 4721 9224 9774
2234 4910 9035 9774
2234 5124 8821 9774
2234 5124 9035 9560
2234 5124 9067 9528
2234 5200 8617 9902
2234 5264 8930 9525
2234 5460 8485 9774
2234 5460 9035 9224
2234 5475 8320 9924
2234 5656 8487 9576
2234 5656 8617 9446
2234 5656 8792 9271
2234 5817 8617 9285
2234 5840 7955 9924
2234 5840 8487 9392
2234 6010 8485 9224
2234 6100 8227 9392
2234 6104 8480 9135
2234 6112 8471 9136
2234 6124 7913 9682
2234 6218 7520 9981
2234 6254 7940 9525
2234 6318 7955 9446
2234 6318 8471 8930
2234 6455 7490 9774
2234 6600 7437 9682
2234 6745 7050 9924
2234 6783 7490 9446
2234 6783 7651 9285
2234 6783 7800 9136
2234 6790 7813 9116
2234 6800 8432 8487
2234 6860 8388 8471
2234 6875 7268 9576
2234 6875 8227 8617
2234 7050 7602 9067
2234 7058 7437 9224
2234 7058 7840 8821
2234 7092 8227 8400
2234 7098 7800 8821
2234 7268 7416 9035
2234 7268 7651 8800
2234 7364 7955 8400
2234 7368 7651 8700
2234 7416 8112 8191
2234 7437 7490 8792
2234 7456 7778 8485
2234 7520 7913 8286
2250 4197 9525 9981
2250 4445 9576 9682
2250 4483 9446 9774
2250 5000 9178 9525
2250 5140 9035 9528
2250 5200 8821 9682
2250 5378 8800 9525
2250 5401 8400 9902
2250 5475 8700 9528
2250 5656 8471 9576
2250 5656 8487 9560
2250 5675 8850 9178
2250 5675 8930 9098
2250 5684 8485 9534
2250 5817 8112 9774
2250 5817 8440 9446
2250 5840 8471 9392
2250 5858 8320 9525
2250 5944 7778 9981
2250 6100 8487 9116
2250 6112 8320 9271
2250 6218 7561 9924
2250 6320 7813 9570
2250 6320 8112 9271
2250 6395 7916 9392
2250 6395 8487 8821
2250 6455 7346 9902
2250 6455 7672 9576
2250 6455 7720 9528
2250 6455 8024 9224
2250 6455 8112 9136
2250 6506 7672 9525
2250 6544 8024 9135
2250 6650 7955 9098
2250 6745 8471 8487
2250 6783 8400 8520
2250 6783 8440 8480
2250 6790 7778 9135
2250 6800 8103 8800
2250 6800 8286 8617
2250 6800 8432 8471
2250 6860 7913 8930
2250 6875 7268 9560
2250 6875 7300 9528
2250 6875 7436 9392
2250 6875 8388 8440
2250 6930 8286 8487
2250 7016 7416 9271
2250 7050 7368 9285
2250 7098 7813 8792
2250 7192 8024 8487
2250 7192 8191 8320
2250 7243 7940 8520
2250 7243 8020 8440
2250 7268 7300 9135
2250 7268 7368 9067
2250 7268 7955 8480
2250 7300 7368 9035
2250 7300 7916 8487
2250 7364 8112 8227
2250 7416 7437 8850
2250 7416 7800 8487
2250 7431 7840 8432
2250 7456 8020 8227
2250 7490 7813 8400
2250 7651 7664 8388
2250 7651 7940 8112
2250 7672 7840 8191
2250 7778 7813 8112
2288 4153 9682 9830
2288 4275 9560 9830
2288 4445 9446 9774
2288 4674 9067 9924
2288 5124 8617 9924
2288 5152 9067 9446
2288 5243 8520 9902
2288 5264 9116 9285
2288 5551 8432 9682
2288 5651 8112 9902
2288 5651 8240 9774
2288 5651 8480 9534
2288 5656 8617 9392
2288 5817 8320 9528
2288 6010 8520 9135
2288 6112 7651 9902
2288 6218 7913 9534
2288 6250 8191 9224
2288 6250 8485 8930
2288 6318 7813 9534
2288 6318 7955 9392
2288 6320 7364 9981
2288 6395 7346 9924
2288 6395 7368 9902
2288 6455 7436 9774
2288 6455 8112 9098
2288 6506 8024 9135
2288 6544 7561 9560
2288 6544 8191 8930
2288 6650 7490 9525
2288 6745 8400 8520
2288 6745 8440 8480
2288 6783 7436 9446
2288 6783 7490 9392
2288 6790 7651 9224
2288 6790 7840 9035
2288 6790 8388 8487
2288 6860 7520 9285
2288 6860 7955 8850
2288 6860 8320 8485
2288 6875 7016 9774
2288 6875 7940 8850
2288 7016 7364 9285
2288 7050 7437 9178
2288 7050 8227 8388
2288 7092 7437 9136
2288 7098 7431 9136
2288 7364 7913 8388
2288 7416 7778 8471
2288 7436 7437 8792
2288 7437 7840 8388
2288 7561 7664 8440
2288 7561 7672 8432
2288 7561 7913 8191
2289 4170 9570 9924
2289 4868 9271 9525
2289 4910 9178 9576
2289 5000 9136 9528
2289 5200 8930 9534
2289 5243 8440 9981
2289 5243 9136 9285
2289 5651 8485 9528
2289 5656 8432 9576
2289 5656 8480 9528
2289 5774 8320 9570
2289 5774 8792 9098
2289 5816 8320 9528
2289 5840 8432 9392
2289 6112 7778 9774
2289 6112 8024 9528
2289 6112 8485 9067
2289 6218 7672 9774
2289 6250 7490 9924
2289 6254 7840 9570
2289 6254 8480 8930
2289 6318 7664 9682
2289 6455 8388 8821
2289 6544 7346 9774
2289 6544 8320 8800
2289 6600 7672 9392
2289 6600 7840 9224
2289 6650 7916 9098
2289 6726 7368 9570
2289 6726 7840 9098
2289 6745 8432 8487
2289 6790 6950 9924
2289 6790 7192 9682
2289 6790 7346 9528
2289 6790 8024 8850
2289 6930 7913 8821
2289 6950 7268 9446
2289 6950 7490 9224
2289 6950 8227 8487
2289 7050 7436 9178
2289 7058 7490 9116
2289 7058 8286 8320
2289 7092 7436 9136
2289 7092 7437 9135
2289 7092 7456 9116
2289 7092 7955 8617
2289 7098 7431 9135
2289 7192 7437 9035
2289 7192 7651 8821
2289 7192 7672 8800
2289 7268 7916 8480
2289 7297 7300 9067
2289 7297 7437 8930
2289 7300 7664 8700
2289 7364 7813 8487
2289 7416 7456 8792
2289 7431 7913 8320
2289 7436 7840 8388
2289 7520 7664 8480
2289 7800 7840 8024
2308 3819 9902 9924
2308 4275 9446 9924
2308 4565 9178 9902
2308 4674 9446 9525
2308 4680 9135 9830
2308 5243 9178 9224
2308 5264 8400 9981
2308 5264 8821 9560
2308 5378 8286 9981
2308 5378 8821 9446
2308 5401 8320 9924
2308 5475 9035 9135
2308 5551 8320 9774
2308 5675 8400 9570
2308 5675 8792 9178
2308 5760 8850 9035
2308 5840 8520 9285
2308 5858 8227 9560
2308 5944 7720 9981
2308 6100 8020 9525
2308 6124 8700 8821
2308 6254 7561 9830
2308 6318 7346 9981
2308 6318 8103 9224
2308 6318 8191 9136
2308 6320 7800 9525
2308 6320 8227 9098
2308 6395 8320 8930
2308 6395 8400 8850
2308 6455 7416 9774
2308 6455 7656 9534
2308 6600 7520 9525
2308 6726 8432 8487
2308 6783 7416 9446
2308 6790 7720 9135
2308 6800 7778 9067
2308 6800 8024 8821
2308 6860 7561 9224
2308 6875 7672 9098
2308 6875 7840 8930
2308 7058 7520 9067
2308 7092 7268 9285
2308 7092 7437 9116
2308 7098 7431 9116
2308 7098 8227 8320
2308 7243 7602 8800
2308 7297 7916 8432
2308 7300 7913 8432
2308 7364 7431 8850
2308 7364 7664 8617
2308 7368 7456 8821
2308 7416 7437 8792
2308 7602 7940 8103
2308 7720 7813 8112
2320 4197 9534 9902
2320 4275 9528 9830
2320 4674 9035 9924
2320 4680 9271 9682
2320 4910 8821 9902
2320 5124 9224 9285
2320 5152 9035 9446
2320 5226 9136 9271
2320 5246 8485 9902
2320 5246 9116 9271
2320 5264 8388 9981
2320 5264 9098 9271
2320 5551 8400 9682
2320 5675 8388 9570
2320 5760 8191 9682
2320 5774 8792 9067
2320 5817 8240 9576
2320 5817 8700 9116
2320 6010 8487 9136
2320 6112 8700 8821
2320 6218 8191 9224
2320 6218 8485 8930
2320 6250 7813 9570
2320 6250 8112 9271
2320 6395 8103 9135
2320 6395 8388 8850
2320 6455 7602 9576
2320 6506 7297 9830
2320 6506 7602 9525
2320 6544 7561 9528
2320 6600 8103 8930
2320 6650 7916 9067
2320 6650 8191 8792
2320 6726 7840 9067
2320 6745 7058 9830
2320 6745 7664 9224
2320 6783 7672 9178
2320 6790 7913 8930
2320 6860 8286 8487
2320 7016 7092 9525
2320 7016 7346 9271
2320 7050 7058 9525
2320 7050 8103 8480
2320 7050 8112 8471
2320 7092 7720 8821
2320 7098 7437 9098
2320 7098 8103 8432
2320 7300 7813 8520
2320 7346 7437 8850
2320 7346 7800 8487
2320 7368 7778 8487
2320 7431 7916 8286
2320 7490 7656 8487
2320 7490 7672 8471
2320 7490 7916 8227
2320 7561 7672 8400
2320 7602 7840 8191
2320 7664 7778 8191
2320 7800 7813 8020
2336 3863 9830 9924
2336 4680 9035 9902
2336 4762 9285 9570
2336 4868 9067 9682
2336 4868 9224 9525
2336 5226 8617 9774
2336 5226 8821 9570
2336 5475 8240 9902
2336 5475 8617 9525
2336 5551 8930 9136
2336 5651 8432 9534
2336 5651 8520 9446
2336 5651 8850 9116
2336 5675 8112 9830
2336 5684 8103 9830
2336 5684 8487 9446
2336 5715 8617 9285
2336 5760 7955 9902
2336 5817 8240 9560
2336 5858 7778 9981
2336 5944 8103 9570
2336 5944 8227 9446
2336 5944 8388 9285
2336 6010 8471 9136
2336 6254 8227 9136
2336 6455 7602 9560
2336 6506 7840 9271
2336 6544 7092 9981
2336 6544 7243 9830
2336 6600 7243 9774
2336 6600 8400 8617
2336 6650 8480 8487
2336 6726 8191 8700
2336 6745 7098 9774
2336 6745 8432 8440
2336 6783 7300 9534
2336 6783 7656 9178
2336 6860 8286 8471
2336 6930 7416 9271
2336 6950 8227 8440
2336 7050 7431 9136
2336 7092 7490 9035
2336 7192 7940 8485
2336 7297 7520 8800
2336 7297 7800 8520
2336 7297 7840 8480
2336 7346 7800 8471
2336 7364 7813 8440
2336 7368 7778 8471
2336 7416 7813 8388
2336 7437 7940 8240
2336 7490 7656 8471
2336 7490 8024 8103
2336 7561 7656 8400
2347 4170 9534 9902
2347 4340 9285 9981
2347 4680 9392 9534
2347 4765 9067 9774
2347 4765 9271 9570
2347 4868 9178 9560
2347 4910 9136 9560
2347 5124 8800 9682
2347 5140 8485 9981
2347 5200 9135 9271
2347 5246 8800 9560
2347 5246 9136 9224
2347 5264 8440 9902
2347 5378 8700 9528
2347 5460 8700 9446
2347 5551 8485 9570
2347 5675 8485 9446
2347 5684 8020 9902
2347 5684 8240 9682
2347 5684 8388 9534
2347 5760 8286 9560
2347 5760 8400 9446
2347 5764 7940 9902
2347 5774 8440 9392
2347 5840 8320 9446
2347 6010 7672 9924
2347 6010 8020 9576
2347 6010 8480 9116
2347 6100 8471 9035
2347 6104 7672 9830
2347 6112 7664 9830
2347 6112 7720 9774
2347 6124 7800 9682
2347 6218 8103 9285
2347 6250 8240 9116
2347 6318 7364 9924
2347 6320 7456 9830
2347 6320 7840 9446
2347 6395 7437 9774
2347 6395 7651 9560
2347 6395 7940 9271
2347 6506 8400 8700
2347 6600 7436 9570
2347 6650 7431 9525
2347 6650 7778 9178
2347 6650 7840 9116
2347 6650 8471 8485
2347 6726 7050 9830
2347 6726 7346 9534
2347 6726 7656 9224
2347 6726 7813 9067
2347 6726 8400 8480
2347 6783 7431 9392
2347 6790 8024 8792
2347 6800 8286 8520
2347 6860 7300 9446
2347 6875 7664 9067
2347 6930 8191 8485
2347 6950 7520 9136
2347 7016 8103 8487
2347 7092 7243 9271
2347 7092 7416 9098
2347 7092 7664 8850
2347 7300 7456 8850
2347 7300 8020 8286
2347 7346 7940 8320
2347 7346 8020 8240
2347 7416 7490 8700
2347 7520 7800 8286
2347 7602 7813 8191
2347 7656 7664 8286
2350 4197 9576 9830
2350 4565 9136 9902
2350 4762 9067 9774
2350 4762 9271 9570
2350 4765 9392 9446
2350 5140 9178 9285
2350 5243 8800 9560
2350 5243 9136 9224
2350 5378 8700 9525
2350 5401 8520 9682
2350 5401 9067 9135
2350 5675 8400 9528
2350 5675 8792 9136
2350 5684 8821 9098
2350 5715 8617 9271
2350 5715 8821 9067
2350 5816 8227 9560
2350 5944 8388 9271
2350 6104 8432 9067
2350 6250 8286 9067
2350 6254 7368 9981
2350 6318 8485 8800
2350 6506 7651 9446
2350 6506 8480 8617
2350 6544 8024 9035
2350 6650 7561 9392
2350 6650 8103 8850
2350 6726 7431 9446
2350 6783 8020 8800
2350 6783 8388 8432
2350 6790 7243 9570
2350 6790 7778 9035
2350 6800 7243 9560
2350 6800 8103 8700
2350 6860 7297 9446
2350 6860 7813 8930
2350 6950 7368 9285
2350 7016 7520 9067
2350 7050 7268 9285
2350 7050 7437 9116
2350 7092 8024 8487
2350 7092 8191 8320
2350 7098 8020 8485
2350 7192 7561 8850
2350 7192 7940 8471
2350 7243 7840 8520
2350 7268 7300 9035
2350 7297 7456 8850
2350 7297 8020 8286
2350 7300 8112 8191
2350 7346 7436 8821
2350 7436 7940 8227
2350 7437 7778 8388
2350 7520 7651 8432
2350 7561 7602 8440
2350 7651 7840 8112
2350 7656 7720 8227
2352 4414 9285 9902
2352 5000 9067 9534
2352 5140 8480 9981
2352 5152 9178 9271
2352 5200 9116 9285
2352 5226 8850 9525
2352 5246 8821 9534
2352 5551 8480 9570
2352 5675 8024 9902
2352 5675 8480 9446
2352 5684 8471 9446
2352 5684 8850 9067
2352 5715 8112 9774
2352 5715 8440 9446
2352 5760 8617 9224
2352 5764 7913 9924
2352 5774 8792 9035
2352 5816 7955 9830
2352 5816 8103 9682
2352 5840 8191 9570
2352 5840 8227 9534
2352 5858 7913 9830
2352 6010 8320 9271
2352 6100 7520 9981
2352 6112 7913 9576
2352 6112 7955 9534
2352 6218 7813 9570
2352 6218 8112 9271
2352 6254 7813 9534
2352 6254 7955 9392
2352 6320 7300 9981
2352 6320 8103 9178
2352 6395 7672 9534
2352 6506 7561 9534
2352 6544 8440 8617
2352 6600 7431 9570
2352 6650 7916 9035
2352 6650 8471 8480
2352 6726 7651 9224
2352 6726 7840 9035
2352 6726 8388 8487
2352 6745 6875 9981
2352 6745 7720 9136
2352 6783 7720 9098
2352 6860 7456 9285
2352 6875 7192 9534
2352 6875 8286 8440
2352 6930 8191 8480
2352 7016 7300 9285
2352 7050 7416 9135
2352 7058 8103 8440
2352 7092 8024 8485
2352 7098 7368 9135
2352 7098 7436 9067
2352 7098 8103 8400
2352 7268 7813 8520
2352 7297 7916 8388
2352 7300 7913 8388
2352 7364 7416 8821
2352 7364 7437 8800
2352 7368 7913 8320
2352 7520 7561 8520
2352 7561 7720 8320
2352 7561 7800 8240
2352 7561 7813 8227
2352 7651 7664 8286
2352 7664 7913 8024
2352 7720 7778 8103
2362 4275 9392 9924
2362 4445 9570 9576
2362 4622 9067 9902
2362 4674 9392 9525
2362 4680 8930 9981
2362 4868 8821 9902
2362 4910 8700 9981
2362 5110 9035 9446
2362 5200 8617 9774
2362 5200 8821 9570
2362 5378 8821 9392
2362 5378 9035 9178
2362 5475 8286 9830
2362 5528 8487 9576
2362 5528 8617 9446
2362 5528 8792 9271
2362 5551 8480 9560
2362 5656 8800 9135
2362 5675 8388 9528
2362 5675 8800 9116
2362 5764 8792 9035
2362 5817 8240 9534
2362 5840 8191 9560
2362 5840 8480 9271
2362 5840 8821 8930
2362 5858 8617 9116
2362 6124 8400 9067
2362 6124 8432 9035
2362 6124 8617 8850
2362 6218 7813 9560
2362 6250 7813 9528
2362 6250 8520 8821
2362 6254 8487 8850
2362 6320 8471 8800
2362 6455 7602 9534
2362 6455 8020 9116
2362 6455 8286 8850
2362 6506 7800 9285
2362 6600 7431 9560
2362 6600 7720 9271
2362 6600 7813 9178
2362 6600 8191 8800
2362 6600 8471 8520
2362 6650 7416 9525
2362 6650 7656 9285
2362 6745 7016 9830
2362 6745 7561 9285
2362 6745 7916 8930
2362 6783 7416 9392
2362 6783 7672 9136
2362 6783 8191 8617
2362 6800 7520 9271
2362 6800 7656 9135
2362 6800 8320 8471
2362 6860 7664 9067
2362 6875 7431 9285
2362 6875 7916 8800
2362 6930 7437 9224
2362 6930 7840 8821
2362 6950 8024 8617
2362 7016 7050 9525
2362 7050 7720 8821
2362 7058 7916 8617
2362 7092 7364 9135
2362 7098 7672 8821
2362 7192 7364 9035
2362 7243 7916 8432
2362 7297 7364 8930
2362 7297 8103 8191
2362 7346 7813 8432
2362 7368 7431 8792
2362 7431 7720 8440
2362 7431 7840 8320
2362 7456 7664 8471
2362 7651 7916 8024
2362 7720 7916 7955
2366 3833 9830 9924
2366 4197 9560 9830
2366 4414 9271 9902
2366 4483 9528 9576
2366 4483 9534 9570
2366 4565 9098 9924
2366 4565 9446 9576
2366 4622 9135 9830
2366 4715 9098 9774
2366 4910 9285 9392
2366 5124 9178 9285
2366 5140 8617 9830
2366 5200 8485 9902
2366 5200 9116 9271
2366 5551 8112 9924
2366 5651 7955 9981
2366 5651 8800 9136
2366 5656 8485 9446
2366 5675 8520 9392
2366 5715 8480 9392
2366 5760 8792 9035
2366 5817 7940 9830
2366 5817 8485 9285
2366 5858 7955 9774
2366 5944 7813 9830
2366 6104 7913 9570
2366 6104 7955 9528
2366 6112 8440 9035
2366 6124 7561 9902
2366 6218 8191 9178
2366 6250 8487 8850
2366 6254 7431 9902
2366 6254 7651 9682
2366 6320 7437 9830
2366 6395 7268 9924
2366 6395 7664 9528
2366 6395 7800 9392
2366 6395 8400 8792
2366 6455 8432 8700
2366 6544 7651 9392
2366 6650 8320 8617
2366 6745 7664 9178
2366 6800 7651 9136
2366 6800 7720 9067
2366 6860 7456 9271
2366 6860 8240 8487
2366 6875 8227 8485
2366 6950 7602 9035
2366 6950 8020 8617
2366 7016 7300 9271
2366 7016 7436 9135
2366 7058 7431 9098
2366 7092 8024 8471
2366 7192 7297 9098
2366 7192 7778 8617
2366 7192 7955 8440
2366 7243 8024 8320
2366 7297 7490 8800
2366 7300 7437 8850
2366 7300 7800 8487
2366 7346 7955 8286
2366 7364 7431 8792
2366 7368 7602 8617
2366 7416 7651 8520
2366 7431 7456 8700
2366 7431 7916 8240
2366 7436 7664 8487
2366 7456 7651 8480
2366 7456 7940 8191
2366 7520 7840 8227
2366 7520 7955 8112
2366 7651 7916 8020
2400 4153 9570 9830
2400 4715 9392 9446
2400 4721 8930 9902
2400 4910 9067 9576
2400 5140 8432 9981
2400 5152 9116 9285
2400 5243 8480 9830
2400 5460 8112 9981
2400 5460 8191 9902
2400 5551 8320 9682
2400 5551 8432 9570
2400 5651 8617 9285
2400 5656 7916 9981
2400 5675 8432 9446
2400 5675 8700 9178
2400 5816 7813 9924
2400 5858 8471 9224
2400 6112 7913 9528
2400 6112 7916 9525
2400 6218 7561 9774
2400 6218 8485 8850
2400 6250 7778 9525
2400 6455 7268 9830
2400 6455 7416 9682
2400 6455 7813 9285
2400 6600 7561 9392
2400 6600 8103 8850
2400 6650 8103 8800
2400 6650 8286 8617
2400 6650 8432 8471
2400 6745 7416 9392
2400 6745 7672 9136
2400 6745 8191 8617
2400 6783 7672 9098
2400 6783 7840 8930
2400 6790 7913 8850
2400 6875 8191 8487
2400 6930 7098 9525
2400 6930 8103 8520
2400 6930 8191 8432
2400 7050 7368 9135
2400 7050 7436 9067
2400 7050 8103 8400
2400 7058 8024 8471
2400 7192 7431 8930
2400 7192 7561 8800
2400 7243 8024 8286
2400 7268 7800 8485
2400 7297 7456 8800
2400 7300 7813 8440
2400 7346 7720 8487
2400 7364 7368 8821
2400 7416 7437 8700
2400 7416 7520 8617
2400 7431 7602 8520
2400 7431 7651 8471
2400 7561 7672 8320
2400 7672 7778 8103
2400 7720 7813 8020
2400 7800 7813 7940
2400 7800 7840 7913
2420 3650 9902 9981
2420 3801 9830 9902
2420 4275 9576 9682
2420 4445 9528 9560
2420 4565 9392 9576
2420 4622 8930 9981
2420 4715 9136 9682
2420 4910 9098 9525
2420 5030 8821 9682
2420 5124 8485 9924
2420 5152 8400 9981
2420 5152 8821 9560
2420 5243 8388 9902
2420 5528 8024 9981
2420 5528 8103 9902
2420 5528 8471 9534
2420 5528 8480 9525
2420 5656 8103 9774
2420 5656 8485 9392
2420 5715 7916 9902
2420 5774 7778 9981
2420 5816 8432 9285
2420 5817 8191 9525
2420 6010 8388 9135
2420 6112 8286 9135
2420 6124 8617 8792
2420 6254 8487 8792
2420 6395 7364 9774
2420 6395 7456 9682
2420 6395 8103 9035
2420 6455 8286 8792
2420 6506 8227 8800
2420 6600 8112 8821
2420 6650 7437 9446
2420 6726 7672 9135
2420 6726 8320 8487
2420 6745 7672 9116
2420 6745 8388 8400
2420 6790 7297 9446
2420 6790 7813 8930
2420 6875 7098 9560
2420 6950 7058 9525
2420 6950 8103 8480
2420 6950 8112 8471
2420 7050 7416 9067
2420 7058 7297 9178
2420 7058 7955 8520
2420 7098 7300 9135
2420 7098 7368 9067
2420 7098 7955 8480
2420 7192 7243 9098
2420 7192 7520 8821
2420 7243 7490 8800
2420 7268 7778 8487
2420 7297 7436 8800
2420 7297 7916 8320
2420 7300 7913 8320
2420 7437 7656 8440
2420 7437 7664 8432
2420 7490 7940 8103
2420 7778 7800 7955
2446 3950 9576 9981
2446 4445 9528 9534
2446 4762 8821 9924
2446 5110 8821 9576
2446 5124 9098 9285
2446 5152 8821 9534
2446 5246 8487 9774
2446 5378 8227 9902
2446 5401 8821 9285
2446 5460 8471 9576
2446 5460 8487 9560
2446 5551 8821 9135
2446 5651 8286 9570
2446 5651 8821 9035
2446 5675 8440 9392
2446 5715 8400 9392
2446 5764 7913 9830
2446 5774 8617 9116
2446 5817 7916 9774
2446 5858 8471 9178
2446 6124 7813 9570
2446 6124 8112 9271
2446 6218 8191 9098
2446 6254 8432 8821
2446 6318 7664 9525
2446 6320 7916 9271
2446 6320 8487 8700
2446 6395 7720 9392
2446 6395 8320 8792
2446 6455 7916 9136
2446 6506 7431 9570
2446 6600 7840 9067
2446 6650 7297 9560
2446 6650 8240 8617
2446 6726 6800 9981
2446 6745 6860 9902
2446 6745 7192 9570
2446 6745 7664 9098
2446 6783 6800 9924
2446 6783 6950 9774
2446 6783 8024 8700
2446 6790 7192 9525
2446 6800 7436 9271
2446 6800 7672 9035
2446 6800 8227 8480
2446 6875 6950 9682
2446 6875 7098 9534
2446 6875 7840 8792
2446 6875 8112 8520
2446 6950 7490 9067
2446 6950 7940 8617
2446 7016 7456 9035
2446 7016 7561 8930
2446 7016 8020 8471
2446 7016 8103 8388
2446 7050 7840 8617
2446 7243 8024 8240
2446 7297 7778 8432
2446 7300 7720 8487
2446 7364 7656 8487
2446 7364 7672 8471
2446 7364 7916 8227
2446 7416 7651 8440
2446 7456 7651 8400
2446 7651 7916 7940
2446 7778 7813 7916
2450 4153 9576 9774
2450 4765 9178 9560
2450 5000 8821 9682
2450 5243 8700 9560
2450 5401 9035 9067
2450 5475 8850 9178
2450 5475 8930 9098
2450 5760 7913 9830
2450 5774 7955 9774
2450 5816 7913 9774
2450 5817 8240 9446
2450 5840 8103 9560
2450 5840 8485 9178
2450 5858 7664 9981
2450 6112 7561 9830
2450 6218 8485 8800
2450 6250 8432 8821
2450 6254 7268 9981
2450 6318 7651 9534
2450 6318 8485 8700
2450 6455 7520 9528
2450 6455 7602 9446
2450 6455 7656 9392
2450 6455 7913 9135
2450 6455 8227 8821
2450 6506 7016 9981
2450 6506 7437 9560
2450 6544 7431 9528
2450 6600 8103 8800
2450 6600 8286 8617
2450 6600 8432 8471
2450 6726 6875 9902
2450 6726 7243 9534
2450 6783 7192 9528
2450 6783 8020 8700
2450 6783 8103 8617
2450 6783 8240 8480
2450 6783 8320 8400
2450 6790 7913 8800
2450 6875 7058 9570
2450 6875 7561 9067
2450 6875 7778 8850
2450 6875 8240 8388
2450 6930 7437 9136
2450 6950 7268 9285
2450 6950 7437 9116
2450 7092 7561 8850
2450 7092 7940 8471
2450 7192 7490 8821
2450 7192 7840 8471
2450 7243 7940 8320
2450 7243 8020 8240
2450 7346 7672 8485
2450 7368 7664 8471
2450 7416 7602 8485
2450 7431 7672 8400
2450 7436 7840 8227
2450 7436 7955 8112
2450 7561 7656 8286
2468 3730 9774 9981
2468 4275 9528 9682
2468 4280 9224 9981
2468 4445 9116 9924
2468 4565 9392 9528
2468 4680 9271 9534
2468 4762 8821 9902
2468 5030 8930 9525
2468 5110 8850 9525
2468 5226 8485 9774
2468 5226 9035 9224
2468 5243 8850 9392
2468 5264 8240 9981
2468 5401 8103 9981
2468 5475 8440 9570
2468 5475 8485 9525
2468 5528 8432 9525
2468 5528 8821 9136
2468 5551 8400 9534
2468 5651 8388 9446
2468 5675 8240 9570
2468 5715 7940 9830
2468 5715 8485 9285
2468 5760 8191 9534
2468 5760 8440 9285
2468 5774 8440 9271
2468 5774 8487 9224
2468 5840 7664 9981
2468 6010 8440 9035
2468 6112 7813 9560
2468 6124 7437 9924
2468 6218 7437 9830
2468 6318 7243 9924
2468 6395 7520 9570
2468 6395 7955 9135
2468 6395 8240 8850
2468 6506 7297 9682
2468 6544 7416 9525
2468 6544 7656 9285
2468 6600 7955 8930
2468 6600 8400 8485
2468 6650 7800 9035
2468 6745 7058 9682
2468 6745 7940 8800
2468 6783 6800 9902
2468 6783 7431 9271
2468 6860 7490 9135
2468 6875 7050 9560
2468 6930 7520 9035
2468 6950 7437 9098
2468 6950 8103 8432
2468 7050 7300 9135
2468 7050 7368 9067
2468 7050 7955 8480
2468 7058 7940 8487
2468 7092 7913 8480
2468 7098 7916 8471
2468 7098 7955 8432
2468 7192 7813 8480
2468 7297 7800 8388
2468 7300 7364 8821
2468 7431 7437 8617
2468 7437 7561 8487
2468 7602 7656 8227
2468 7656 7913 7916
2500 4280 9271 9902
2500 4445 9178 9830
2500 4622 8850 9981
2500 4622 9271 9560
2500 4680 8792 9981
2500 4715 9178 9560
2500 5140 9135 9178
2500 5152 8320 9981
2500 5152 8471 9830
2500 5243 8286 9924
2500 5475 8800 9178
2500 5528 8400 9525
2500 5551 8617 9285
2500 5656 8227 9570
2500 5774 8103 9576
2500 5816 7656 9981
2500 5816 7955 9682
2500 5816 8103 9534
2500 5816 8112 9525
2500 5816 8191 9446
2500 5817 8520 9116
2500 5840 8792 8821
2500 5858 7913 9682
2500 6100 8286 9067
2500 6104 7368 9981
2500 6112 7813 9528
2500 6112 8520 8821
2500 6254 7297 9902
2500 6320 7955 9178
2500 6650 7243 9560
2500 6650 8103 8700
2500 6726 7456 9271
2500 6726 8240 8487
2500 6745 7437 9271
2500 6745 7778 8930
2500 6745 7916 8792
2500 6745 8320 8388
2500 6790 7813 8850
2500 6800 7368 9285
2500 6875 7050 9528
2500 6875 7778 8800
2500 6930 7456 9067
2500 6950 7368 9135
2500 6950 7436 9067
2500 6950 8103 8400
2500 7050 7268 9135
2500 7050 7368 9035
2500 7050 7916 8487
2500 7058 7297 9098
2500 7058 7778 8617
2500 7058 7955 8440
2500 7092 7431 8930
2500 7092 7561 8800
2500 7098 7955 8400
2500 7192 7561 8700
2500 7243 7778 8432
2500 7268 7364 8821
2500 7297 7364 8792
2500 7297 7456 8700
2500 7297 7916 8240
2500 7300 7913 8240
2500 7346 7490 8617
2500 7346 7916 8191
2500 7364 7602 8487
2500 7437 7913 8103
2500 7520 7913 8020
2500 7651 7778 8024
2500 7720 7778 7955
2500 7800 7813 7840
2544 4250 9178 9981
2544 4483 9392 9534
2544 4715 8792 9902
2544 4765 9116 9528
2544 4868 8617 9924
2544 5000 8485 9924
2544 5110 8617 9682
2544 5226 9067 9116
2544 5264 8617 9528
2544 5378 8471 9560
2544 5401 8432 9576
2544 5401 8480 9528
2544 5475 8400 9534
2544 5651 8487 9271
2544 5656 8617 9136
2544 5684 8191 9534
2544 5684 8440 9285
2544 5760 8471 9178
2544 5764 7664 9981
2544 5817 8792 8800
2544 5840 8471 9098
2544 5944 7940 9525
2544 6100 8024 9285
2544 6104 7913 9392
2544 6104 8020 9285
2544 6124 8485 8800
2544 6250 8024 9135
2544 6254 8020 9135
2544 6318 7913 9178
2544 6318 7955 9136
2544 6318 8024 9067
2544 6320 7561 9528
2544 6395 7916 9098
2544 6455 8024 8930
2544 6506 8103 8800
2544 6506 8286 8617
2544 6506 8432 8471
2544 6783 7050 9576
2544 6783 7092 9534
2544 6783 7098 9528
2544 6783 7490 9136
2544 6800 7431 9178
2544 6875 7436 9098
2544 7016 7913 8480
2544 7050 7243 9116
2544 7058 7651 8700
2544 7098 7490 8821
2544 7098 7840 8471
2544 7243 7778 8388
2544 7268 7656 8485
2544 7297 7672 8440
2544 7368 7561 8480
2544 7416 7561 8432
2544 7656 7813 7940
2544 7656 7840 7913
2584 3785 9682 9902
2584 3863 9525 9981
2584 4153 9534 9682
2584 4275 9534 9560
2584 4674 9135 9560
2584 4868 8520 9981
2584 4910 9067 9392
2584 5000 8388 9981
2584 5000 9098 9271
2584 5110 8485 9774
2584 5110 9035 9224
2584 5124 8471 9774
2584 5124 9067 9178
2584 5200 8487 9682
2584 5401 8286 9682
2584 5401 8440 9528
2584 5460 8227 9682
2584 5475 7913 9981
2584 5528 8617 9224
2584 5551 7916 9902
2584 5684 8400 9285
2584 5764 8320 9285
2584 5774 7913 9682
2584 5816 7651 9902
2584 5817 7778 9774
2584 5817 8024 9528
2584 5817 8485 9067
2584 5858 8240 9271
2584 5944 7651 9774
2584 6010 7913 9446
2584 6124 7720 9525
2584 6250 7437 9682
2584 6318 7916 9135
2584 6320 7778 9271
2584 6320 7913 9136
2584 6320 8432 8617
2584 6395 7050 9924
2584 6455 7778 9136
2584 6544 7297 9528
2584 6544 7300 9525
2584 6783 7016 9570
2584 6783 7058 9528
2584 6783 7656 8930
2584 6790 8191 8388
2584 6860 8024 8485
2584 7016 7561 8792
2584 7016 7913 8440
2584 7058 7490 8821
2584 7058 7840 8471
2584 7092 7456 8821
2584 7098 7800 8471
2584 7243 7840 8286
2584 7297 7672 8400
2584 7364 7520 8485
2584 7364 7778 8227
2584 7368 7561 8440
2584 7436 7913 8020
2584 7602 7664 8103
2584 7651 7778 7940
2584 7656 7800 7913
2656 3785 9682 9830
2656 3819 9576 9902
2656 4275 9098 9924
2656 4275 9446 9576
2656 4674 9098 9525
2656 4715 9136 9446
2656 4765 8850 9682
2656 4910 8485 9902
2656 4910 9116 9271
2656 5030 8286 9981
2656 5030 8821 9446
2656 5110 8617 9570
2656 5152 8617 9528
2656 5226 8800 9271
2656 5243 8520 9534
2656 5378 8821 9098
2656 5401 8320 9576
2656 5460 7913 9924
2656 5551 7916 9830
2656 5651 8112 9534
2656 5675 7720 9902
2656 5675 7940 9682
2656 5675 8487 9135
2656 5684 8792 8821
2656 5774 8388 9135
2656 5816 7651 9830
2656 5817 7955 9525
2656 5944 8286 9067
2656 6010 8487 8800
2656 6100 7672 9525
2656 6112 7651 9534
2656 6112 8485 8700
2656 6124 7192 9981
2656 6218 7098 9981
2656 6254 7651 9392
2656 6318 7297 9682
2656 6395 7368 9534
2656 6395 7456 9446
2656 6455 7664 9178
2656 6506 7520 9271
2656 6506 7656 9135
2656 6506 8320 8471
2656 6600 7561 9136
2656 6650 6745 9902
2656 6726 7300 9271
2656 6726 7436 9135
2656 6745 7416 9136
2656 6745 7436 9116
2656 6745 8112 8440
2656 6783 7243 9271
2656 6783 7416 9098
2656 6783 7664 8850
2656 6790 8020 8487
2656 6930 7300 9067
2656 6930 7437 8930
2656 7016 7431 8850
2656 7016 7664 8617
2656 7050 8020 8227
2656 7092 7720 8485
2656 7098 7913 8286
2656 7243 7437 8617
2656 7297 7300 8700
2656 7297 7520 8480
2656 7346 7431 8520
2656 7364 7913 8020
2656 7416 7561 8320
2656 7416 7778 8103
2656 7437 7840 8020
2656 7664 7720 7913
2658 3801 9570 9924
2658 3833 9560 9902
2658 4197 9528 9570
2658 4250 9271 9774
2658 4721 8800 9774
2658 4765 8700 9830
2658 4868 9035 9392
2658 5124 9035 9136
2658 5264 8471 9560
2658 5378 8471 9446
2658 5378 8850 9067
2658 5401 7913 9981
2658 5460 8700 9135
2658 5460 8800 9035
2658 5475 8286 9534
2658 5528 8191 9576
2658 5528 8700 9067
2658 5551 8520 9224
2658 5651 7720 9924
2658 5675 8485 9135
2658 5715 7656 9924
2658 5715 8020 9560
2658 5760 8400 9135
2658 5764 7955 9576
2658 5774 8700 8821
2658 5840 8320 9135
2658 5840 8388 9067
2658 5858 7456 9981
2658 6010 8485 8800
2658 6124 8471 8700
2658 6218 8227 8850
2658 6250 7520 9525
2658 6254 8191 8850
2658 6320 7840 9135
2658 6320 7940 9035
2658 6455 8320 8520
2658 6455 8400 8440
2658 6745 7016 9534
2658 6783 7720 8792
2658 6783 8112 8400
2658 6790 8020 8485
2658 6800 8024 8471
2658 6860 6875 9560
2658 6860 7300 9135
2658 6860 7368 9067
2658 6860 7955 8480
2658 6875 7490 8930
2658 6875 7720 8700
2658 6875 7940 8480
2658 6875 8020 8400
2658 6950 7913 8432
2658 7050 7813 8432
2658 7058 7416 8821
2658 7058 7437 8800
2658 7243 7664 8388
2658 7243 7940 8112
2658 7268 7800 8227
2658 7346 7561 8388
2658 7368 7456 8471
2658 7431 7840 8024
2658 7520 7672 8103
2676 3819 9534 9924
2676 4197 9178 9902
2676 4340 9035 9902
2676 4445 8930 9902
2676 4483 9224 9570
2676 4565 9136 9576
2676 4565 9178 9534
2676 4715 9116 9446
2676 4721 9271 9285
2676 4868 8485 9924
2676 5110 8485 9682
2676 5124 8471 9682
2676 5200 8792 9285
2676 5246 8471 9560
2676 5264 8485 9528
2676 5656 8485 9136
2676 5656 8800 8821
2676 5817 7778 9682
2676 5840 7456 9981
2676 5944 7431 9902
2676 5944 7651 9682
2676 6010 7437 9830
2676 6104 7192 9981
2676 6218 8024 9035
2676 6250 8227 8800
2676 6318 7431 9528
2676 6320 7672 9285
2676 6395 7436 9446
2676 6395 7490 9392
2676 6455 7297 9525
2676 6506 6790 9981
2676 6506 7243 9528
2676 6506 8286 8485
2676 6600 7561 9116
2676 6650 8227 8400
2676 6726 7416 9135
2676 6745 7416 9116
2676 6745 7602 8930
2676 6800 7192 9285
2676 6800 7656 8821
2676 6800 8191 8286
2676 6860 7800 8617
2676 6875 7602 8800
2676 6950 7192 9135
2676 6950 7840 8487
2676 7016 7561 8700
2676 7050 7092 9135
2676 7050 7192 9035
2676 7050 7297 8930
2676 7058 7602 8617
2676 7092 7364 8821
2676 7243 7602 8432
2676 7300 7490 8487
2676 7437 7520 8320
2676 7561 7800 7916
2676 7602 7651 8024
2676 7602 7720 7955
2676 7664 7800 7813
2718 3936 9525 9774
2718 4048 9285 9902
2718 4120 9285 9830
2718 4197 9136 9902
2718 4483 8850 9902
2718 4483 9224 9528
2718 4565 9136 9534
2718 4565 9224 9446
2718 4910 8800 9525
2718 5226 8617 9392
2718 5243 8432 9560
2718 5264 8700 9271
2718 5378 7955 9902
2718 5401 8388 9446
2718 5551 8617 9067
2718 5651 8024 9560
2718 5715 8485 9035
2718 5760 8440 9035
2718 5764 7490 9981
2718 5817 7437 9981
2718 5817 8240 9178
2718 5817 8320 9098
2718 5944 8020 9271
2718 6010 7940 9285
2718 6104 7561 9570
2718 6124 7840 9271
2718 6218 7243 9774
2718 6218 8400 8617
2718 6254 7456 9525
2718 6318 8432 8485
2718 6395 8320 8520
2718 6395 8400 8440
2718 6455 6950 9830
2718 6455 7098 9682
2718 6455 7602 9178
2718 6455 7664 9116
2718 6506 8112 8617
2718 6544 7656 9035
2718 6600 7243 9392
2718 6600 7364 9271
2718 6650 7300 9285
2718 6726 8024 8485
2718 6745 6930 9560
2718 6745 7098 9392
2718 6783 7602 8850
2718 6783 8020 8432
2718 6790 6875 9570
2718 6800 6875 9560
2718 6800 7300 9135
2718 6800 7368 9067
2718 6800 7955 8480
2718 6875 7840 8520
2718 6950 7800 8485
2718 7016 7602 8617
2718 7050 7364 8821
2718 7092 7656 8487
2718 7092 7672 8471
2718 7092 7916 8227
2718 7098 7437 8700
2718 7098 7520 8617
2718 7192 7243 8800
2718 7192 7940 8103
2718 7243 7672 8320
2718 7364 7431 8440
2718 7364 7916 7955
2718 7416 7431 8388
2718 7437 7778 8020
2718 7602 7720 7913
2798 3400 9774 9981
2798 3785 9446 9924
2798 3950 9224 9981
2798 4674 9035 9446
2798 4910 8471 9774
2798 4910 9067 9178
2798 5110 8485 9560
2798 5110 8520 9525
2798 5110 8821 9224
2798 5124 8471 9560
2798 5140 8487 9528
2798 5243 8520 9392
2798 5246 8227 9682
2798 5460 8471 9224
2798 5475 7778 9902
2798 5651 7602 9902
2798 5651 8112 9392
2798 5651 8388 9116
2798 5656 8432 9067
2798 5675 7955 9525
2798 5684 7490 9981
2798 5764 7561 9830
2798 5816 7437 9902
2798 5817 7436 9902
2798 5817 7656 9682
2798 5817 7778 9560
2798 5817 7813 9525
2798 5817 8240 9098
2798 5944 7437 9774
2798 5944 7651 9560
2798 5944 7940 9271
2798 6010 7243 9902
2798 6100 8020 9035
2798 6104 7916 9135
2798 6112 7651 9392
2798 6124 7050 9981
2798 6218 8320 8617
2798 6320 7800 9035
2798 6395 6930 9830
2798 6395 7368 9392
2798 6395 8240 8520
2798 6395 8320 8440
2798 6455 7602 9098
2798 6506 6875 9774
2798 6506 7364 9285
2798 6600 7520 9035
2798 6650 8020 8485
2798 6783 7672 8700
2798 6783 7940 8432
2798 6800 7955 8400
2798 6875 7800 8480
2798 6875 7840 8440
2798 6950 7720 8485
2798 7058 7297 8800
2798 7192 7346 8617
2798 7243 7672 8240
2798 7243 7800 8112
2798 7268 7416 8471
2798 7300 7368 8487
2798 7300 7664 8191
2798 7437 7778 7940
2798 7651 7664 7840
2800 3819 9560 9774
2800 4153 9098 9902
2800 4340 9285 9528
2800 4483 9136 9534
2800 4483 9224 9446
2800 4762 8617 9774
2800 4762 8821 9570
2800 5000 8471 9682
2800 5140 8485 9528
2800 5152 8020 9981
2800 5152 8227 9774
2800 5226 8792 9135
2800 5401 8227 9525
2800 5401 8617 9135
2800 5475 8286 9392
2800 5651 7672 9830
2800 5715 7664 9774
2800 5715 7913 9525
2800 5715 8617 8821
2800 5764 7813 9576
2800 5816 8487 8850
2800 5817 8112 9224
2800 5858 8024 9271
2800 5944 8388 8821
2800 6100 7955 9098
2800 6104 7778 9271
2800 6104 7913 9136
2800 6104 8432 8617
2800 6112 8191 8850
2800 6124 7913 9116
2800 6218 7664 9271
2800 6218 7800 9135
2800 6250 8103 8800
2800 6250 8286 8617
2800 6250 8432 8471
2800 6318 7800 9035
2800 6455 7016 9682
2800 6455 7520 9178
2800 6455 8227 8471
2800 6506 6745 9902
2800 6544 7431 9178
2800 6600 7268 9285
2800 6600 7437 9116
2800 6650 7368 9135
2800 6650 7436 9067
2800 6650 8103 8400
2800 6726 6745 9682
2800 6726 7940 8487
2800 6745 7016 9392
2800 6745 8020 8388
2800 6783 6800 9570
2800 6783 7192 9178
2800 6783 7520 8850
2800 6790 7092 9271
2800 6800 7561 8792
2800 6800 7913 8440
2800 6860 7813 8480
2800 6875 7243 9035
2800 6930 7431 8792
2800 7016 7437 8700
2800 7016 7520 8617
2800 7192 7490 8471
2800 7192 7561 8400
2800 7297 7416 8440
2800 7297 7456 8400
2800 7297 7916 7940
2800 7300 7368 8485
2800 7300 7913 7940
2800 7431 7436 8286
2800 7436 7490 8227
2800 7437 7800 7916
2800 7520 7720 7913
2816 3950 9285 9902
2816 4170 9285 9682
2816 4414 8821 9902
2816 4445 9116 9576
2816 4674 9178 9285
2816 4715 8520 9902
2816 4762 8850 9525
2816 5110 8103 9924
2816 5124 8485 9528
2816 5140 8930 9067
2816 5152 8700 9285
2816 5152 8850 9135
2816 5200 8821 9116
2816 5243 7913 9981
2816 5264 8191 9682
2816 5378 7778 9981
2816 5651 7656 9830
2816 5651 7916 9570
2816 5651 8388 9098
2816 5656 7651 9830
2816 5675 8191 9271
2816 5715 7520 9902
2816 5715 8286 9136
2816 5764 7813 9560
2816 5774 8227 9136
2816 5816 8286 9035
2816 5816 8471 8850
2816 5817 7490 9830
2816 5817 8520 8800
2816 5858 8487 8792
2816 6010 7297 9830
2816 6010 7602 9525
2816 6100 7813 9224
2816 6104 8103 8930
2816 6124 7437 9576
2816 6218 8432 8487
2816 6250 7602 9285
2816 6250 8400 8487
2816 6254 7437 9446
2816 6318 7243 9576
2816 6506 6650 9981
2816 6506 7346 9285
2816 6506 8191 8440
2816 6726 7561 8850
2816 6726 7940 8471
2816 6800 7720 8617
2816 6860 7456 8821
2816 6930 7720 8487
2816 7016 7300 8821
2816 7050 7602 8485
2816 7098 7651 8388
2816 7268 7437 8432
2816 7297 7520 8320
2816 7300 7437 8400
2816 7300 7813 8024
2816 7456 7490 8191
2864 4120 9067 9902
2864 4280 9035 9774
2864 4340 9067 9682
2864 4340 9224 9525
2864 4445 9116 9528
2864 4680 8485 9924
2864 4721 8792 9576
2864 4765 8400 9924
2864 4868 8240 9981
2864 5124 8191 9774
2864 5124 8440 9525
2864 5124 8930 9035
2864 5152 8821 9116
2864 5226 8471 9392
2864 5243 8286 9560
2864 5243 8400 9446
2864 5378 8440 9271
2864 5378 8487 9224
2864 5401 8112 9576
2864 5475 7840 9774
2864 5551 8440 9098
2864 5551 8471 9067
2864 5651 7664 9774
2864 5651 7913 9525
2864 5651 8617 8821
2864 5675 7490 9924
2864 5684 8227 9178
2864 5715 7840 9534
2864 5715 8103 9271
2864 5764 7800 9525
2864 5764 8227 9098
2864 5817 8480 8792
2864 5840 7268 9981
2864 5944 7243 9902
2864 6010 7098 9981
2864 6124 7431 9534
2864 6124 7437 9528
2864 6124 8480 8485
2864 6218 7346 9525
2864 6218 8400 8471
2864 6254 7800 9035
2864 6318 6790 9981
2864 6318 7243 9528
2864 6318 8286 8485
2864 6455 6860 9774
2864 6455 7058 9576
2864 6455 7456 9178
2864 6455 7813 8821
2864 6506 7058 9525
2864 6506 8103 8480
2864 6506 8112 8471
2864 6726 7092 9271
2864 6745 8024 8320
2864 6783 6860 9446
2864 6783 7456 8850
2864 6783 8020 8286
2864 6800 7672 8617
2864 6860 7437 8792
2864 6875 7098 9116
2864 6875 7364 8850
2864 6930 7092 9067
2864 6930 7672 8487
2864 7016 7456 8617
2864 7016 7602 8471
2864 7050 7651 8388
2864 7058 7840 8191
2864 7092 7297 8700
2864 7098 7520 8471
2864 7098 7800 8191
2864 7416 7561 8112
2864 7436 7813 7840
2864 7456 7720 7913
2864 7520 7656 7913
2870 3863 9446 9774
2870 4414 9135 9534
2870 4622 8480 9981
2870 4674 8485 9924
2870 4715 8792 9576
2870 4721 8792 9570
2870 4868 8930 9285
2870 5152 8485 9446
2870 5226 7955 9902
2870 5243 7916 9924
2870 5246 7913 9924
2870 5401 8112 9570
2870 5460 8487 9136
2870 5475 7778 9830
2870 5528 8520 9035
2870 5651 7602 9830
2870 5715 7840 9528
2870 5774 8024 9285
2870 5816 7437 9830
2870 5817 7364 9902
2870 5817 7436 9830
2870 5840 7561 9682
2870 5858 7940 9285
2870 6010 7092 9981
2870 6010 7243 9830
2870 6100 7916 9067
2870 6100 8191 8792
2870 6104 7297 9682
2870 6112 7437 9534
2870 6124 7431 9528
2870 6254 7437 9392
2870 6254 7651 9178
2870 6320 7913 8850
2870 6455 6726 9902
2870 6455 7058 9570
2870 6455 7561 9067
2870 6455 7778 8850
2870 6455 8240 8388
2870 6544 7268 9271
2870 6600 7416 9067
2870 6650 7297 9136
2870 6650 7913 8520
2870 6783 7813 8487
2870 6790 7813 8480
2870 6860 7431 8792
2870 6875 7092 9116
2870 6875 7416 8792
2870 6930 7913 8240
2870 6950 7098 9035
2870 6950 7813 8320
2870 7016 7840 8227
2870 7016 7955 8112
2870 7050 7416 8617
2870 7058 7913 8112
2870 7092 7520 8471
2870 7092 7800 8191
2870 7098 7368 8617
2870 7192 7651 8240
2870 7192 7664 8227
2870 7243 7520 8320
2870 7297 7346 8440
2870 7436 7456 8191
2870 7456 7672 7955
2888 3950 9285 9830
2888 4414 8821 9830
2888 4483 9136 9446
2888 4565 8930 9570
2888 4674 8617 9774
2888 4674 8821 9570
2888 4715 8520 9830
2888 5000 8930 9135
2888 5140 8400 9525
2888 5152 8388 9525
2888 5378 7913 9774
2888 5401 8440 9224
2888 5460 8320 9285
2888 5475 8020 9570
2888 5651 7490 9924
2888 5656 8617 8792
2888 5715 7520 9830
2888 5760 7913 9392
2888 5760 8020 9285
2888 5764 8480 8821
2888 5774 8020 9271
2888 5816 7268 9981
2888 5817 7346 9902
2888 5817 7672 9576
2888 5817 7720 9528
2888 5817 8024 9224
2888 5817 8112 9136
2888 5840 7940 9285
2888 5944 7561 9560
2888 5944 8191 8930
2888 6010 8020 9035
2888 6100 7431 9534
2888 6100 7437 9528
2888 6100 8480 8485
2888 6104 7436 9525
2888 6112 7561 9392
2888 6112 8103 8850
2888 6124 7416 9525
2888 6124 7656 9285
2888 6318 7955 8792
2888 6318 8227 8520
2888 6455 7050 9560
2888 6544 7297 9224
2888 6600 6783 9682
2888 6726 8112 8227
2888 6745 7520 8800
2888 6745 7800 8520
2888 6745 7840 8480
2888 6783 7058 9224
2888 6783 7490 8792
2888 6790 7955 8320
2888 6800 7778 8487
2888 6860 7720 8485
2888 6875 7092 9098
2888 6875 7490 8700
2888 6930 7664 8471
2888 7058 7520 8487
2888 7297 7368 8400
2888 7297 7656 8112
2888 7297 7813 7955
2888 7561 7664 7840
2896 3500 9576 9981
2896 3657 9570 9830
2896 4120 9035 9902
2896 4197 9178 9682
2896 4340 9035 9682
2896 4340 9271 9446
2896 4414 9067 9576
2896 4445 8930 9682
2896 4483 8800 9774
2896 4674 9098 9285
2896 4715 8440 9902
2896 5000 8227 9830
2896 5000 8487 9570
2896 5030 8103 9924
2896 5124 8103 9830
2896 5124 8487 9446
2896 5140 8471 9446
2896 5140 8850 9067
2896 5200 7955 9902
2896 5243 8286 9528
2896 5246 8286 9525
2896 5378 8103 9576
2896 5401 8432 9224
2896 5401 8520 9136
2896 5551 8471 9035
2896 5656 7955 9446
2896 5656 8471 8930
2896 5684 7813 9560
2896 5817 7664 9576
2896 5817 7955 9285
2896 5817 8440 8800
2896 5858 7297 9902
2896 5944 7431 9682
2896 6100 7672 9285
2896 6104 7561 9392
2896 6104 8103 8850
2896 6124 8112 8821
2896 6250 7672 9135
2896 6250 8320 8487
2896 6254 7243 9560
2896 6254 8103 8700
2896 6318 7561 9178
2896 6318 7672 9067
2896 6320 7602 9135
2896 6320 7916 8821
2896 6395 7092 9570
2896 6395 8191 8471
2896 6455 7672 8930
2896 6506 7416 9135
2896 6544 7813 8700
2896 6544 8227 8286
2896 6600 7840 8617
2896 6745 7520 8792
2896 6783 7050 9224
2896 6790 6875 9392
2896 6800 7436 8821
2896 6875 7955 8227
2896 6930 7092 9035
2896 6930 7656 8471
2896 6930 8024 8103
2896 6950 7490 8617
2896 6950 7916 8191
2896 7016 7561 8480
2896 7050 7520 8487
2896 7297 7520 8240
2896 7300 7437 8320
2896 7346 7520 8191
2896 7431 7602 8024
2896 7490 7651 7916
2896 7561 7656 7840
2920 3222 9830 9981
2920 3936 9116 9981
2920 4275 9224 9534
2920 4565 8487 9981
2920 4622 8487 9924
2920 4674 9135 9224
2920 4721 8388 9924
2920 4762 9135 9136
2920 4868 9067 9098
2920 5124 8227 9682
2920 5246 8227 9560
2920 5378 8520 9135
2920 5401 7651 9981
2920 5401 8240 9392
2920 5475 7656 9902
2920 5475 8024 9534
2920 5475 8112 9446
2920 5551 7800 9682
2920 5675 7456 9902
2920 5684 7368 9981
2920 5715 7416 9902
2920 5715 8388 8930
2920 5774 7813 9446
2920 5817 7656 9560
2920 5817 8286 8930
2920 5944 7561 9528
2920 6100 8112 8821
2920 6104 7813 9116
2920 6320 7913 8800
2920 6395 7192 9446
2920 6455 7050 9528
2920 6455 7778 8800
2920 6600 7297 9136
2920 6600 7913 8520
2920 6650 7098 9285
2920 6800 7098 9135
2920 6800 7913 8320
2920 6860 7243 8930
2920 6950 7016 9067
2920 6950 7651 8432
2920 7058 7490 8485
2920 7058 7955 8020
2920 7092 7456 8485
2920 7297 7416 8320
2920 7300 7778 7955
2920 7431 7490 8112
2920 7437 7656 7940
2920 7456 7664 7913
2920 7561 7672 7800
2958 3785 9528 9682
2958 3936 9135 9924
2958 3936 9285 9774
2958 3936 9525 9534
2958 3950 9271 9774
2958 4197 9116 9682
2958 4250 8821 9924
2958 4414 9135 9446
2958 4622 8471 9902
2958 4680 8485 9830
2958 4762 9098 9135
2958 4765 8400 9830
2958 4910 8800 9285
2958 5030 8191 9774
2958 5030 8440 9525
2958 5030 8930 9035
2958 5110 8850 9035
2958 5200 8617 9178
2958 5243 8227 9525
2958 5243 8617 9135
2958 5401 8024 9570
2958 5460 8400 9135
2958 5475 8485 9035
2958 5528 8400 9067
2958 5528 8432 9035
2958 5528 8617 8850
2958 5551 7520 9924
2958 5551 7916 9528
2958 5656 7437 9902
2958 5675 7490 9830
2958 5675 8520 8800
2958 5715 7720 9560
2958 5715 8480 8800
2958 5774 7297 9924
2958 5774 7651 9570
2958 5774 8400 8821
2958 5816 7651 9528
2958 5816 7955 9224
2958 5816 8112 9067
2958 5817 7602 9576
2958 5840 8020 9135
2958 5858 7561 9576
2958 5858 7913 9224
2958 5858 8520 8617
2958 5944 7916 9135
2958 6100 8103 8792
2958 6104 8191 8700
2958 6112 7437 9446
2958 6124 7346 9525
2958 6124 8400 8471
2958 6218 6875 9902
2958 6218 7243 9534
2958 6254 7456 9285
2958 6318 7561 9116
2958 6395 7800 8800
2958 6455 7840 8700
2958 6455 8020 8520
2958 6544 6875 9576
2958 6544 7416 9035
2958 6544 7651 8800
2958 6600 7297 9098
2958 6600 7778 8617
2958 6600 7955 8440
2958 6650 7913 8432
2958 6790 7720 8485
2958 6800 7955 8240
2958 6860 7664 8471
2958 6875 7720 8400
2958 6875 7800 8320
2958 7016 7955 8024
2958 7058 7651 8286
2958 7058 7913 8024
2958 7092 7416 8487
2958 7092 7800 8103
2958 7243 7364 8388
2958 7243 7561 8191
2958 7368 7436 8191
2958 7368 7672 7955
2958 7431 7651 7913
2958 7436 7456 8103
2958 7561 7656 7778
2973 3396 9682 9902
2973 3502 9576 9902
2973 3785 9271 9924
2973 3863 9136 9981
2973 4120 9178 9682
2973 4170 9285 9525
2973 4275 9135 9570
2973 4414 8792 9774
2973 4674 9035 9271
2973 4721 8485 9774
2973 4721 9035 9224
2973 4762 8388 9830
2973 4765 8930 9285
2973 4910 8240 9830
2973 4910 8388 9682
2973 5124 8286 9570
2973 5124 8821 9035
2973 5140 7916 9924
2973 5200 8388 9392
2973 5200 8850 8930
2973 5243 7813 9924
2973 5264 8191 9525
2973 5460 8485 9035
2973 5675 7913 9392
2973 5675 8020 9285
2973 5684 7720 9576
2973 5760 8520 8700
2973 5764 7656 9560
2973 5764 8286 8930
2973 5774 7672 9534
2973 5816 7940 9224
2973 5840 7916 9224
2973 5840 8024 9116
2973 5840 8440 8700
2973 5858 8024 9098
2973 6010 7436 9534
2973 6100 7050 9830
2973 6100 7346 9534
2973 6100 7656 9224
2973 6100 7813 9067
2973 6100 8400 8480
2973 6104 7300 9576
2973 6104 7778 9098
2973 6112 8388 8480
2973 6124 6875 9981
2973 6124 7720 9136
2973 6218 6860 9902
2973 6218 7192 9570
2973 6218 7664 9098
2973 6250 7800 8930
2973 6254 6745 9981
2973 6254 7192 9534
2973 6254 8286 8440
2973 6318 7092 9570
2973 6318 8191 8471
2973 6320 7268 9392
2973 6320 7436 9224
2973 6395 7300 9285
2973 6455 6544 9981
2973 6455 7490 9035
2973 6544 6860 9576
2973 6544 7300 9136
2973 6544 7916 8520
2973 6600 7940 8440
2973 6650 8103 8227
2973 6745 6950 9285
2973 6790 7092 9098
2973 6790 7490 8700
2973 6800 7940 8240
2973 6860 7720 8400
2973 6860 7800 8320
2973 7016 7940 8024
2973 7050 7490 8440
2973 7058 7437 8485
2973 7058 7490 8432
2973 7058 7602 8320
2973 7092 7368 8520
2973 7092 7456 8432
2973 7092 7602 8286
2973 7192 7268 8520
2973 7192 7561 8227
2973 7243 7297 8440
2973 7297 7456 8227
2973 7300 7656 8024
2973 7368 7672 7940
2973 7416 7651 7913
2973 7431 7437 8112
2973 7436 7520 8024
3020 3657 9446 9830
3020 3785 9224 9924
3020 3965 9392 9576
3020 4016 9392 9525
3020 4120 9285 9528
3020 4153 9098 9682
3020 4275 9098 9560
3020 4414 8617 9902
3020 4565 8792 9576
3020 4674 8485 9774
3020 4674 9035 9224
3020 4715 8388 9830
3020 4762 9035 9136
3020 4868 8930 9135
3020 5000 8103 9830
3020 5000 8487 9446
3020 5152 7800 9981
3020 5200 8617 9116
3020 5243 7916 9774
3020 5246 7913 9774
3020 5378 8520 9035
3020 5460 7913 9560
3020 5528 8227 9178
3020 5651 8432 8850
3020 5656 8485 8792
3020 5675 8191 9067
3020 5684 7268 9981
3020 5760 7192 9981
3020 5774 8024 9135
3020 5817 7192 9924
3020 5858 7940 9135
3020 6104 7437 9392
3020 6104 7651 9178
3020 6318 7437 9178
3020 6318 8227 8388
3020 6320 6783 9830
3020 6320 7813 8800
3020 6320 7913 8700
3020 6395 7092 9446
3020 6455 6950 9528
3020 6455 7300 9178
3020 6455 7778 8700
3020 6506 6745 9682
3020 6506 7940 8487
3020 6544 8103 8286
3020 6600 7813 8520
3020 6726 7720 8487
3020 6745 7800 8388
3020 6783 7300 8850
3020 6790 7656 8487
3020 6790 7672 8471
3020 6790 7916 8227
3020 6800 7098 9035
3020 6800 7813 8320
3020 6860 7456 8617
3020 6860 7602 8471
3020 6875 7955 8103
3020 7016 7300 8617
3020 7016 7437 8480
3020 7050 7656 8227
3020 7098 7364 8471
3020 7297 7720 7916
3020 7300 7720 7913
3020 7364 7656 7913
3020 7437 7656 7840
3020 7456 7561 7916
3020 7456 7664 7813
3135 3502 9392 9924
3135 3623 9271 9924
3135 3730 9528 9560
3135 4016 8821 9981
3135 4414 8480 9924
3135 4445 8471 9902
3135 4762 8480 9576
3135 4910 8792 9116
3135 5000 7916 9902
3135 5140 8286 9392
3135 5200 8440 9178
3135 5200 8520 9098
3135 5226 8792 8800
3135 5243 7651 9924
3135 5243 8440 9135
3135 5264 8020 9534
3135 5264 8487 9067
3135 5401 7436 9981
3135 5401 8487 8930
3135 5401 8617 8800
3135 5460 7456 9902
3135 5475 8227 9116
3135 5528 7720 9570
3135 5528 8112 9178
3135 5528 8440 8850
3135 5551 7437 9830
3135 5651 7243 9924
3135 5656 7602 9560
3135 5764 7520 9534
3135 5816 7778 9224
3135 5817 7431 9570
3135 5840 7800 9178
3135 5858 7058 9902
3135 5858 8440 8520
3135 5944 6950 9924
3135 5944 7192 9682
3135 5944 7346 9528
3135 5944 8024 8850
3135 6010 7416 9392
3135 6010 7672 9136
3135 6010 8191 8617
3135 6100 7602 9116
3135 6100 7651 9067
3135 6100 8286 8432
3135 6104 6790 9924
3135 6104 7268 9446
3135 6104 7490 9224
3135 6104 8227 8487
3135 6218 7800 8800
3135 6250 7297 9271
3135 6254 6790 9774
3135 6318 6726 9774
3135 6318 6930 9570
3135 6318 7364 9136
3135 6318 7800 8700
3135 6318 8020 8480
3135 6318 8112 8388
3135 6320 7431 9067
3135 6395 7602 8821
3135 6395 8103 8320
3135 6455 7092 9271
3135 6506 7520 8792
3135 6544 7050 9224
3135 6600 7368 8850
3135 6600 7778 8440
3135 6650 7368 8800
3135 6726 7300 8792
3135 6745 7456 8617
3135 6745 7602 8471
3135 6783 7243 8792
3135 6790 6930 9098
3135 6790 7098 8930
3135 6790 7916 8112
3135 6800 7778 8240
3135 6860 7672 8286
3135 6875 7243 8700
3135 6875 7456 8487
3135 6875 7840 8103
3135 6930 7368 8520
3135 6930 7456 8432
3135 6930 7602 8286
3135 6950 7436 8432
3135 6950 7913 7955
3135 7016 7778 8024
3135 7050 7297 8471
3135 7050 7368 8400
3135 7050 7656 8112
3135 7050 7813 7955
3135 7058 7520 8240
3135 7092 7813 7913
3135 7192 7602 8024
3135 7300 7602 7916
3135 7346 7672 7800
3135 7368 7672 7778
3135 7416 7602 7800
3135 7490 7656 7672
3222 3437 9392 9902
3222 3657 9392 9682
3222 3772 9035 9924
3222 3785 9116 9830
3222 3950 8800 9981
3222 4120 9035 9576
3222 4250 9035 9446
3222 4340 8617 9774
3222 4340 8821 9570
3222 4414 8487 9830
3222 4414 8792 9525
3222 4674 8227 9830
3222 4674 8487 9570
3222 4715 8440 9576
3222 4715 8792 9224
3222 4721 8440 9570
3222 4721 8485 9525
3222 4765 8432 9534
3222 4765 8520 9446
3222 4765 8850 9116
3222 4868 8471 9392
3222 4910 7840 9981
3222 5030 7720 9981
3222 5110 8485 9136
3222 5110 8800 8821
3222 5124 8471 9136
3222 5140 8320 9271
3222 5200 7955 9576
3222 5246 7561 9924
3222 5264 8400 9067
3222 5264 8432 9035
3222 5264 8617 8850
3222 5378 8286 9067
3222 5401 8400 8930
3222 5401 8480 8850
3222 5460 8471 8800
3222 5551 8388 8792
3222 5551 8480 8700
3222 5651 7520 9560
3222 5656 7940 9135
3222 5675 7664 9392
3222 5675 7940 9116
3222 5715 7092 9924
3222 5715 7456 9560
3222 5760 7437 9534
3222 5764 8480 8487
3222 5774 7672 9285
3222 5817 7778 9136
3222 5840 8191 8700
3222 5858 7297 9576
3222 5858 7602 9271
3222 5858 8388 8485
3222 5944 7651 9136
3222 5944 7720 9067
3222 6010 7436 9285
3222 6100 6650 9981
3222 6100 7346 9285
3222 6100 8191 8440
3222 6104 8227 8400
3222 6218 7813 8700
3222 6218 8227 8286
3222 6250 7346 9135
3222 6254 7192 9285
3222 6254 7656 8821
3222 6254 8191 8286
3222 6318 7297 9116
3222 6318 7346 9067
3222 6320 7561 8850
3222 6320 7940 8471
3222 6395 6506 9830
3222 6455 7098 9178
3222 6455 7346 8930
3222 6600 6860 9271
3222 6600 7431 8700
3222 6600 7651 8480
3222 6600 7940 8191
3222 6650 7561 8520
3222 6726 7520 8485
3222 6726 7778 8227
3222 6783 7098 8850
3222 6790 7456 8485
3222 6860 7050 8821
3222 6860 7431 8440
3222 6860 7916 7955
3222 6875 7416 8440
3222 6875 7456 8400
3222 6875 7916 7940
3222 6930 7561 8240
3222 7016 7098 8617
3222 7050 7490 8191
3222 7058 7561 8112
3222 7098 7720 7913
3222 7192 7436 8103
3222 7243 7297 8191
3222 7297 7656 7778
3222 7416 7651 7664
3396 3819 9178 9560
3396 3833 8800 9924
3396 3863 8792 9902
3396 3965 9067 9525
3396 4016 8617 9924
3396 4048 9224 9285
3396 4153 8480 9924
3396 4170 8485 9902
3396 4170 9116 9271
3396 4197 8800 9560
3396 4197 9136 9224
3396 4483 8850 9224
3396 4565 8432 9560
3396 4622 8800 9135
3396 4680 8103 9774
3396 4680 8485 9392
3396 4715 7940 9902
3396 4721 8700 9136
3396 4762 8617 9178
3396 4765 8400 9392
3396 5000 8286 9271
3396 5110 7913 9534
3396 5140 7436 9981
3396 5140 8487 8930
3396 5140 8617 8800
3396 5152 8227 9178
3396 5378 7651 9528
3396 5378 7955 9224
3396 5378 8112 9067
3396 5401 8020 9136
3396 5460 7651 9446
3396 5460 8480 8617
3396 5528 7913 9116
3396 5551 7436 9570
3396 5651 7346 9560
3396 5675 7436 9446
3396 5675 7490 9392
3396 5684 7297 9576
3396 5684 7602 9271
3396 5684 8388 8485
3396 5715 7664 9178
3396 5764 7268 9525
3396 5816 7456 9285
3396 5817 7058 9682
3396 5817 7940 8800
3396 5840 7192 9525
3396 5858 7664 9035
3396 5944 6783 9830
3396 5944 7813 8800
3396 5944 7913 8700
3396 6010 7431 9116
3396 6010 8227 8320
3396 6100 7840 8617
3396 6112 6875 9570
3396 6124 7297 9136
3396 6124 7913 8520
3396 6218 8112 8227
3396 6254 7268 9035
3396 6254 8112 8191
3396 6320 7416 8821
3396 6320 7437 8800
3396 6506 7016 9035
3396 6506 7651 8400
3396 6544 7192 8821
3396 6600 7437 8520
3396 6650 7436 8471
3396 6726 7346 8485
3396 6726 7431 8400
3396 6790 7664 8103
3396 6800 7437 8320
3396 6860 7297 8400
3396 6930 7436 8191
3396 6930 7672 7955
3396 6950 7416 8191
3396 7098 7268 8191
3396 7416 7490 7651
3396 7437 7456 7664
3400 3437 9135 9981
3400 3500 9525 9528
3400 3772 8800 9981
3400 3801 8850 9902
3400 3801 9224 9528
3400 4170 9098 9285
3400 4197 8432 9924
3400 4340 8821 9392
3400 4340 9035 9178
3400 4445 8930 9178
3400 4483 8240 9830
3400 4483 8388 9682
3400 4622 8485 9446
3400 4674 7955 9924
3400 4674 8487 9392
3400 4680 8191 9682
3400 4721 8440 9392
3400 4762 8520 9271
3400 4868 8400 9285
3400 4910 7813 9830
3400 5000 7651 9902
3400 5030 8388 9135
3400 5152 7955 9446
3400 5152 8471 8930
3400 5200 8286 9067
3400 5226 7346 9981
3400 5226 8103 9224
3400 5226 8191 9136
3400 5246 8191 9116
3400 5246 8240 9067
3400 5264 8191 9098
3400 5475 8286 8792
3400 5551 7778 9224
3400 5651 7368 9534
3400 5651 7456 9446
3400 5715 7268 9570
3400 5760 7268 9525
3400 5816 7602 9135
3400 5816 7916 8821
3400 5840 7913 8800
3400 5944 7431 9178
3400 6010 8103 8440
3400 6218 7050 9285
3400 6218 7268 9067
3400 6218 7300 9035
3400 6250 7268 9035
3400 6250 8112 8191
3400 6254 6318 9981
3400 6318 6950 9285
3400 6320 7098 9135
3400 6320 7913 8320
3400 6455 7778 8320
3400 6650 7416 8487
3400 6650 7800 8103
3400 6745 7016 8792
3400 6745 7368 8440
3400 6790 7243 8520
3400 6790 7651 8112
3400 6800 7268 8485
3400 6800 7813 7940
3400 6800 7840 7913
3400 6930 7520 8103
3400 7016 7050 8487
3400 7016 7297 8240
3400 7016 7346 8191
3400 7058 7268 8227
3400 7092 7437 8024
3400 7098 7431 8024
3400 7192 7561 7800
3400 7297 7416 7840
3400 7297 7456 7800
3400 7300 7602 7651
3400 7431 7520 7602
3437 3500 9035 9981
3437 3500 9446 9570
3437 3564 9178 9774
3437 3564 9392 9560
3437 3785 9285 9446
3437 3950 8792 9774
3437 4016 8930 9570
3437 4048 8487 9981
3437 4170 8821 9525
3437 4414 9035 9067
3437 4445 8800 9271
3437 4622 7913 9981
3437 4674 7940 9902
3437 4680 8700 9136
3437 4721 8617 9178
3437 4765 8191 9560
3437 4765 8480 9271
3437 4765 8821 8930
3437 4910 8471 9135
3437 5000 7940 9576
3437 5000 8400 9116
3437 5030 7656 9830
3437 5030 7916 9570
3437 5030 8388 9098
3437 5124 7490 9902
3437 5140 7602 9774
3437 5140 7800 9576
3437 5140 8240 9136
3437 5226 7720 9570
3437 5226 8112 9178
3437 5226 8440 8850
3437 5246 7346 9924
3437 5246 7368 9902
3437 5378 7364 9774
3437 5378 7456 9682
3437 5378 8103 9035
3437 5460 7664 9392
3437 5460 7940 9116
3437 5475 8191 8850
3437 5551 7431 9534
3437 5551 7437 9528
3437 5551 8480 8485
3437 5656 7300 9560
3437 5675 6860 9981
3437 5675 8020 8821
3437 5684 6930 9902
3437 5684 7058 9774
3437 5684 7561 9271
3437 5684 8400 8432
3437 5760 7364 9392
3437 5764 7192 9560
3437 5764 8320 8432
3437 5816 7602 9098
3437 5817 7664 9035
3437 5840 8191 8485
3437 5858 7098 9560
3437 5944 7436 9136
3437 5944 7437 9135
3437 5944 7456 9116
3437 5944 7955 8617
3437 6010 6930 9576
3437 6010 7656 8850
3437 6100 7192 9224
3437 6100 7300 9116
3437 6104 8024 8388
3437 6112 7268 9136
3437 6218 7368 8930
3437 6218 7778 8520
3437 6218 7813 8485
3437 6250 7416 8850
3437 6318 7268 8930
3437 6320 7098 9098
3437 6320 7346 8850
3437 6395 7300 8821
3437 6455 6790 9271
3437 6506 6875 9135
3437 6506 7490 8520
3437 6600 6800 9116
3437 6600 7431 8485
3437 6600 7436 8480
3437 6600 7813 8103
3437 6650 7016 8850
3437 6650 7346 8520
3437 6726 6860 8930
3437 6745 6950 8821
3437 6745 7300 8471
3437 6783 7778 7955
3437 6790 7813 7913
3437 6800 7016 8700
3437 6800 7800 7916
3437 6860 7268 8388
3437 6860 7416 8240
3437 6930 7300 8286
3437 6930 7346 8240
3437 7058 7346 8112
3437 7192 7300 8024
3437 7300 7416 7800
3437 7416 7436 7664
3500 3657 9271 9525
3500 3730 8821 9902
3500 3772 8700 9981
3500 3785 9098 9570
3500 3950 8821 9682
3500 4032 8440 9981
3500 4032 9136 9285
3500 4250 9067 9136
3500 4445 8432 9576
3500 4445 8480 9528
3500 4483 8400 9570
3500 4483 8792 9178
3500 4565 8617 9271
3500 4565 8821 9067
3500 4721 8286 9446
3500 4765 8112 9576
3500 4868 8487 9098
3500 5030 8388 9035
3500 5110 8227 9116
3500 5152 8480 8821
3500 5200 8432 8821
3500 5226 7651 9576
3500 5243 7436 9774
3500 5243 8112 9098
3500 5264 7664 9525
3500 5378 7940 9135
3500 5401 7916 9136
3500 5475 7800 9178
3500 5528 7243 9682
3500 5528 8440 8485
3500 5551 7368 9534
3500 5551 7456 9446
3500 5651 7268 9534
3500 5715 7346 9392
3500 5715 7602 9136
3500 5764 7243 9446
3500 5764 7297 9392
3500 5816 7602 9035
3500 5816 8020 8617
3500 5817 7520 9116
3500 5840 6783 9830
3500 5840 7813 8800
3500 5840 7913 8700
3500 5944 8024 8485
3500 6010 7651 8792
3500 6100 6783 9570
3500 6100 7561 8792
3500 6100 7913 8440
3500 6112 7243 9098
3500 6112 7520 8821
3500 6124 7058 9271
3500 6218 6254 9981
3500 6218 6950 9285
3500 6254 7913 8286
3500 6318 7664 8471
3500 6320 7098 9035
3500 6320 7813 8320
3500 6395 7955 8103
3500 6506 7720 8227
3500 6600 7368 8485
3500 6600 7913 7940
3500 6745 7268 8440
3500 6790 7192 8471
3500 6790 7436 8227
3500 6800 7813 7840
3500 6860 7490 8103
3500 6875 7058 8520
3500 6875 7098 8480
3500 6875 7778 7800
3500 6950 7016 8487
3500 7050 7300 8103
3500 7050 7490 7913
3500 7092 7561 7800
3500 7098 7243 8112
3500 7243 7297 7913
3500 7243 7490 7720
3500 7297 7436 7720
3500 7346 7456 7651
3500 7436 7456 7561
3502 3657 9224 9570
3502 3801 9116 9534
3502 3819 9098 9534
3502 3950 8520 9981
3502 4197 8480 9774
3502 4250 8930 9271
3502 4280 9035 9136
3502 4483 8286 9682
3502 4483 8440 9528
3502 4565 8112 9774
3502 4565 8440 9446
3502 4721 8800 8930
3502 4765 8240 9446
3502 4868 7602 9981
3502 4868 8191 9392
3502 4868 8485 9098
3502 5000 8227 9224
3502 5030 8286 9135
3502 5110 7813 9528
3502 5110 8520 8821
3502 5124 7346 9981
3502 5124 8103 9224
3502 5124 8191 9136
3502 5226 7940 9285
3502 5246 7431 9774
3502 5246 7813 9392
3502 5264 7916 9271
3502 5264 8487 8700
3502 5378 7092 9981
3502 5378 7243 9830
3502 5401 7368 9682
3502 5401 7490 9560
3502 5460 7431 9560
3502 5460 7720 9271
3502 5460 7813 9178
3502 5460 8191 8800
3502 5460 8471 8520
3502 5475 7416 9560
3502 5475 7840 9136
3502 5651 7664 9136
3502 5651 8320 8480
3502 5675 7955 8821
3502 5684 7651 9116
3502 5760 7656 9035
3502 5764 7416 9271
3502 5774 7561 9116
3502 5816 7243 9392
3502 5816 7364 9271
3502 5817 6860 9774
3502 5817 7058 9576
3502 5817 7456 9178
3502 5817 7813 8821
3502 5944 8020 8487
3502 6100 7651 8700
3502 6112 8112 8227
3502 6124 7192 9135
3502 6124 7840 8487
3502 6218 7098 9135
3502 6218 7913 8320
3502 6250 6930 9271
3502 6250 7813 8388
3502 6318 7098 9035
3502 6318 7813 8320
3502 6320 6860 9271
3502 6320 7431 8700
3502 6320 7651 8480
3502 6320 7940 8191
3502 6395 7656 8400
3502 6455 6860 9136
3502 6544 7436 8471
3502 6600 7364 8487
3502 6650 7561 8240
3502 6726 6875 8850
3502 6783 7268 8400
3502 6860 7364 8227
3502 6860 7651 7940
3502 6860 7778 7813
3502 6930 7050 8471
3502 6950 7016 8485
3502 6950 7561 7940
3502 7050 7561 7840
3502 7098 7437 7916
3502 7192 7346 7913
3502 7243 7268 7940
3502 7243 7368 7840
3502 7297 7490 7664
3502 7300 7431 7720
3502 7364 7431 7656
3502 7364 7436 7651
3564 3819 9178 9392
3564 3833 9271 9285
3564 4016 8471 9902
3564 4197 8800 9392
3564 4275 8432 9682
3564 4445 8020 9924
3564 4565 8432 9392
3564 4622 8191 9576
3564 4622 8700 9067
3564 4674 7813 9902
3564 4674 8617 9098
3564 4680 8485 9224
3564 4765 8400 9224
3564 4868 8700 8821
3564 5000 7813 9576
3564 5030 7913 9446
3564 5110 8487 8792
3564 5140 7268 9981
3564 5200 7664 9525
3564 5264 7840 9285
3564 5378 7913 9098
3564 5460 7813 9116
3564 5475 7778 9136
3564 5551 7268 9570
3564 5651 7346 9392
3564 5651 7602 9136
3564 5675 6790 9924
3564 5675 7268 9446
3564 5675 7490 9224
3564 5675 8227 8487
3564 5684 6875 9830
3564 5684 7913 8792
3564 5715 7098 9576
3564 5715 8286 8388
3564 5764 7490 9135
3564 5774 7437 9178
3564 5774 8227 8388
3564 5816 7437 9136
3564 5817 7436 9136
3564 5817 7437 9135
3564 5817 7456 9116
3564 5817 7955 8617
3564 5944 6875 9570
3564 6010 6455 9924
3564 6010 7243 9136
3564 6100 7672 8617
3564 6104 6455 9830
3564 6104 7800 8485
3564 6112 7456 8821
3564 6124 7778 8487
3564 6218 7651 8520
3564 6254 7664 8471
3564 6318 6800 9271
3564 6320 6544 9525
3564 6506 7656 8227
3564 6650 7268 8471
3564 6726 7192 8471
3564 6726 7436 8227
3564 6783 7651 7955
3564 6860 7058 8471
3564 6860 7243 8286
3564 6875 7490 8024
3564 6930 7268 8191
3564 7050 7561 7778
3564 7243 7346 7800
3564 7243 7368 7778
3564 7243 7490 7656
3564 7297 7436 7656
3564 7297 7490 7602
3623 3650 8850 9830
3623 4016 9136 9178
3623 4120 8286 9924
3623 4153 8617 9560
3623 4197 9035 9098
3623 4250 8520 9560
3623 4275 8485 9570
3623 4280 8480 9570
3623 4414 8388 9528
3623 4414 8800 9116
3623 4445 8850 9035
3623 4565 8240 9525
3623 4565 8480 9285
3623 4674 8432 9224
3623 4674 8520 9136
3623 4680 8800 8850
3623 4715 8480 9135
3623 4762 8432 9136
3623 4868 8191 9271
3623 5000 8400 8930
3623 5000 8480 8850
3623 5110 8520 8700
3623 5124 7672 9534
3623 5140 7416 9774
3623 5140 7656 9534
3623 5152 7602 9576
3623 5200 7300 9830
3623 5200 7602 9528
3623 5226 8487 8617
3623 5243 8020 9067
3623 5246 7813 9271
3623 5264 7490 9576
3623 5378 7050 9902
3623 5378 8432 8520
3623 5401 7813 9116
3623 5460 7300 9570
3623 5460 7940 8930
3623 5460 8020 8850
3623 5475 7720 9135
3623 5528 7268 9534
3623 5656 7098 9576
3623 5656 8286 8388
3623 5675 7431 9224
3623 5675 7520 9135
3623 5675 7955 8700
3623 5715 7437 9178
3623 5715 8227 8388
3623 5760 7346 9224
3623 5760 7720 8850
3623 5760 7778 8792
3623 5764 7431 9135
3623 5774 6726 9830
3623 5816 7243 9271
3623 5816 7416 9098
3623 5816 7664 8850
3623 5817 7813 8700
3623 5817 8227 8286
3623 5840 6930 9560
3623 5840 7098 9392
3623 5858 6790 9682
3623 5858 7437 9035
3623 5858 7651 8821
3623 5858 7672 8800
3623 5944 7456 8930
3623 6010 7520 8800
3623 6010 7800 8520
3623 6010 7840 8480
3623 6100 7300 8930
3623 6104 6544 9682
3623 6104 6650 9576
3623 6104 7940 8286
3623 6112 7368 8850
3623 6112 7778 8440
3623 6218 7672 8440
3623 6250 7840 8240
3623 6254 6506 9570
3623 6320 6875 9135
3623 6320 7490 8520
3623 6395 6650 9285
3623 6395 6800 9135
3623 6506 6600 9224
3623 6506 6726 9098
3623 6506 7436 8388
3623 6506 7800 8024
3623 6544 6650 9136
3623 6544 7346 8440
3623 6600 6800 8930
3623 6600 6930 8800
3623 6600 7243 8487
3623 6600 7490 8240
3623 6650 7656 8024
3623 6726 6783 8821
3623 6726 7364 8240
3623 6726 7664 7940
3623 6745 7098 8487
3623 6745 7561 8024
3623 6745 7672 7913
3623 6783 6930 8617
3623 6790 7300 8240
3623 6790 7437 8103
3623 6790 7520 8020
3623 6800 7050 8480
3623 6800 7098 8432
3623 6860 6950 8520
3623 6860 7243 8227
3623 6875 7431 8024
3623 6930 7297 8103
3623 6950 7268 8112
3623 6950 7602 7778
3623 7050 7364 7916
3623 7243 7431 7656
3623 7243 7436 7651
3623 7297 7431 7602
3650 3965 9067 9271
3650 4032 9135 9136
3650 4120 9067 9116
3650 4153 8320 9830
3650 4170 9035 9098
3650 4197 8821 9285
3650 4275 8850 9178
3650 4275 8930 9098
3650 4483 8286 9534
3650 4680 8487 9136
3650 4715 7664 9924
3650 4765 8440 9098
3650 4765 8471 9067
3650 4868 8400 9035
3650 5000 7778 9525
3650 5124 7651 9528
3650 5124 7955 9224
3650 5124 8112 9067
3650 5226 8227 8850
3650 5243 7490 9570
3650 5246 8440 8617
3650 5264 7058 9981
3650 5378 7243 9682
3650 5378 8440 8485
3650 5401 7368 9534
3650 5401 7456 9446
3650 5460 7913 8930
3650 5475 7268 9560
3650 5475 7300 9528
3650 5475 7436 9392
3650 5475 8388 8440
3650 5528 7490 9285
3650 5551 7192 9560
3650 5551 8320 8432
3650 5651 7092 9560
3650 5656 6745 9902
3650 5675 6726 9902
3650 5675 7058 9570
3650 5675 7561 9067
3650 5675 7778 8850
3650 5675 8240 8388
3650 5715 7364 9224
3650 5715 7490 9098
3650 5715 8103 8485
3650 5760 8103 8440
3650 5764 7268 9271
3650 5774 7431 9098
3650 5816 6506 9981
3650 5840 7192 9271
3650 5858 6875 9570
3650 5944 6783 9576
3650 5944 7243 9116
3650 6010 7813 8480
3650 6104 6218 9981
3650 6104 7913 8286
3650 6112 6745 9446
3650 6112 7720 8471
3650 6218 6800 9285
3650 6218 6950 9135
3650 6218 7050 9035
3650 6250 6875 9178
3650 6250 7436 8617
3650 6250 7813 8240
3650 6318 6950 9035
3650 6318 7368 8617
3650 6320 6455 9528
3650 6395 7058 8850
3650 6395 7437 8471
3650 6395 7520 8388
3650 6455 7368 8480
3650 6455 7416 8432
3650 6544 7656 8103
3650 6650 7813 7840
3650 6726 7092 8485
3650 6726 7664 7913
3650 6783 7720 7800
3650 6800 7016 8487
3650 6950 7437 7916
3650 7050 7602 7651
3650 7346 7437 7520
3650 7416 7431 7456
3657 3730 8792 9774
3657 3801 9224 9271
3657 3833 9178 9285
3657 3936 8800 9560
3657 3936 9136 9224
3657 3950 8821 9525
3657 4250 8930 9116
3657 4275 8191 9830
3657 4275 8487 9534
3657 4280 8440 9576
3657 4280 8792 9224
3657 4340 8821 9135
3657 4674 7720 9902
3657 4674 7940 9682
3657 4674 8487 9135
3657 4680 8480 9136
3657 4721 7651 9924
3657 4721 8440 9135
3657 4765 7955 9576
3657 4910 7940 9446
3657 5000 7720 9576
3657 5030 7364 9902
3657 5030 7436 9830
3657 5124 7490 9682
3657 5124 7602 9570
3657 5140 8020 9136
3657 5200 7520 9576
3657 5243 7955 9098
3657 5246 7368 9682
3657 5246 7490 9560
3657 5264 7456 9576
3657 5264 7916 9116
3657 5264 8240 8792
3657 5378 7016 9902
3657 5401 8103 8792
3657 5460 7720 9116
3657 5528 7192 9576
3657 5528 7243 9525
3657 5656 7416 9224
3657 5656 7840 8800
3657 5656 7940 8700
3657 5656 8240 8400
3657 5675 7800 8821
3657 5684 6930 9682
3657 5715 6600 9981
3657 5715 7651 8930
3657 5764 7416 9116
3657 5764 7602 8930
3657 5774 7672 8850
3657 5816 6650 9830
3657 5816 7364 9116
3657 5840 7656 8800
3657 5840 7664 8792
3657 5840 8024 8432
3657 5944 8112 8240
3657 6010 6726 9560
3657 6010 7436 8850
3657 6100 7098 9098
3657 6100 7346 8850
3657 6104 6800 9392
3657 6104 7672 8520
3657 6112 6650 9534
3657 6112 7664 8520
3657 6124 6726 9446
3657 6218 6544 9534
3657 6250 6600 9446
3657 6250 6930 9116
3657 6250 7346 8700
3657 6250 7561 8485
3657 6254 6650 9392
3657 6254 7192 8850
3657 6254 7602 8440
3657 6318 6800 9178
3657 6320 6860 9116
3657 6320 7456 8520
3657 6320 7656 8320
3657 6395 6455 9446
3657 6395 7416 8485
3657 6506 6860 8930
3657 6544 7364 8388
3657 6544 7561 8191
3657 6600 6875 8821
3657 6600 7456 8240
3657 6600 7672 8024
3657 6726 7050 8520
3657 6800 7016 8480
3657 6800 7656 7840
3657 6860 7416 8020
3657 6860 7520 7916
3657 6875 6950 8471
3657 6930 7346 8020
3657 6950 7243 8103
3657 7016 7364 7916
3657 7092 7364 7840
3657 7098 7243 7955
3657 7268 7364 7664
3730 3801 8520 9902
3730 3819 8480 9924
3730 3863 8800 9560
3730 3863 9136 9224
3730 4153 8240 9830
3730 4153 8388 9682
3730 4275 8024 9924
3730 4275 8388 9560
3730 4275 8850 9098
3730 4565 8480 9178
3730 4622 8485 9116
3730 4674 8024 9525
3730 4674 8103 9446
3730 4721 7672 9830
3730 4868 7431 9924
3730 4868 8320 9035
3730 5110 7431 9682
3730 5152 7297 9774
3730 5152 7800 9271
3730 5152 7955 9116
3730 5226 7016 9981
3730 5226 7437 9560
3730 5243 7913 9067
3730 5264 7431 9528
3730 5378 7778 9067
3730 5378 8024 8821
3730 5401 7297 9525
3730 5460 7913 8850
3730 5551 8240 8432
3730 5651 7436 9136
3730 5651 7437 9135
3730 5651 7456 9116
3730 5651 7955 8617
3730 5656 7431 9136
3730 5684 7268 9271
3730 5760 7192 9271
3730 5840 7098 9285
3730 5944 6745 9534
3730 6010 7813 8400
3730 6100 8020 8103
3730 6124 6875 9224
3730 6124 7813 8286
3730 6218 7520 8485
3730 6218 7778 8227
3730 6250 6875 9098
3730 6254 6745 9224
3730 6254 7778 8191
3730 6320 7416 8487
3730 6320 7800 8103
3730 6395 6650 9178
3730 6455 6544 9224
3730 6455 7297 8471
3730 6455 7368 8400
3730 6455 7656 8112
3730 6455 7813 7955
3730 6506 6650 9067
3730 6506 7431 8286
3730 6506 7490 8227
3730 6544 7192 8487
3730 6600 7520 8103
3730 6650 7346 8227
3730 6745 7192 8286
3730 6783 7416 8024
3730 6790 7520 7913
3730 7297 7436 7490
3772 3819 8792 9570
3772 3936 8471 9774
3772 3936 9067 9178
3772 4016 9067 9098
3772 4048 9035 9098
3772 4120 8485 9576
3772 4153 8850 9178
3772 4153 8930 9098
3772 4250 8485 9446
3772 4340 8617 9224
3772 4414 8191 9576
3772 4414 8700 9067
3772 4483 8520 9178
3772 4565 8480 9136
3772 4674 8440 9067
3772 4680 7520 9981
3772 4715 8020 9446
3772 4721 7778 9682
3772 4765 7840 9576
3772 4765 8024 9392
3772 4910 8471 8800
3772 5000 7656 9525
3772 5110 7297 9774
3772 5110 7800 9271
3772 5110 7955 9116
3772 5124 8440 8617
3772 5140 8191 8850
3772 5152 7913 9116
3772 5200 7456 9525
3772 5243 7368 9570
3772 5243 7840 9098
3772 5246 7664 9271
3772 5246 7800 9135
3772 5264 8432 8485
3772 5378 7243 9560
3772 5378 8103 8700
3772 5401 6950 9830
3772 5401 7098 9682
3772 5401 7602 9178
3772 5401 7664 9116
3772 5460 7436 9285
3772 5528 7368 9285
3772 5551 6800 9830
3772 5651 7913 8617
3772 5656 6544 9981
3772 5656 7490 9035
3772 5675 6930 9576
3772 5675 7656 8850
3772 5715 7368 9098
3772 5715 7431 9035
3772 5760 7243 9178
3772 5764 7800 8617
3772 5817 7297 9067
3772 5817 7664 8700
3772 5840 7243 9098
3772 5840 7520 8821
3772 5944 7416 8821
3772 5944 7437 8800
3772 6010 7651 8520
3772 6100 7561 8520
3772 6104 6395 9682
3772 6112 6544 9525
3772 6218 7346 8617
3772 6254 6860 9067
3772 6254 7456 8471
3772 6318 7431 8432
3772 6318 7672 8191
3772 6320 6726 9135
3772 6320 6745 9116
3772 6395 6650 9136
3772 6395 7346 8440
3772 6455 7813 7913
3772 6506 6745 8930
3772 6506 6875 8800
3772 6506 7058 8617
3772 6506 7243 8432
3772 6506 7651 8024
3772 6506 7720 7955
3772 6600 7561 8020
3772 6726 7431 8024
3772 6745 7416 8020
3772 6745 7520 7916
3772 6790 7436 7955
3772 6860 7297 8024
3772 6950 7431 7800
3772 7098 7243 7840
3772 7297 7364 7520
3785 3819 8821 9528
3785 3950 8388 9830
3785 3965 9067 9136
3785 4120 8520 9528
3785 4153 8487 9528
3785 4197 8700 9271
3785 4280 8617 9271
3785 4280 8821 9067
3785 4483 8400 9285
3785 4565 8487 9116
3785 4674 7664 9830
3785 4674 7720 9774
3785 4721 7913 9534
3785 4910 8191 9067
3785 5030 7364 9774
3785 5030 7456 9682
3785 5030 8103 9035
3785 5140 7346 9682
3785 5152 7092 9924
3785 5152 7456 9560
3785 5243 7243 9682
3785 5243 8440 8485
3785 5246 7092 9830
3785 5246 7346 9576
3785 5246 7651 9271
3785 5264 8112 8792
3785 5378 7016 9774
3785 5378 7940 8850
3785 5401 7651 9116
3785 5460 7437 9271
3785 5460 7778 8930
3785 5460 7916 8792
3785 5460 8320 8388
3785 5528 7416 9224
3785 5528 7840 8800
3785 5528 7940 8700
3785 5528 8240 8400
3785 5551 7092 9525
3785 5551 7346 9271
3785 5656 7720 8792
3785 5656 8112 8400
3785 5675 7672 8821
3785 5684 6950 9534
3785 5684 7092 9392
3785 5684 7368 9116
3785 5760 6506 9902
3785 5760 6726 9682
3785 5760 7016 9392
3785 5760 8020 8388
3785 5764 7268 9136
3785 5774 6860 9534
3785 5774 7602 8792
3785 5816 8112 8240
3785 5817 7651 8700
3785 5840 6800 9528
3785 5840 7192 9136
3785 5840 7940 8388
3785 5858 7243 9067
3785 5858 8024 8286
3785 6100 6783 9285
3785 6100 7268 8800
3785 6100 7368 8700
3785 6104 7243 8821
3785 6104 7364 8700
3785 6104 7664 8400
3785 6104 7778 8286
3785 6112 7656 8400
3785 6124 7656 8388
3785 6124 8020 8024
3785 6218 6726 9224
3785 6218 7664 8286
3785 6250 6783 9135
3785 6250 7431 8487
3785 6254 7297 8617
3785 6318 6783 9067
3785 6318 7050 8800
3785 6318 7058 8792
3785 6320 7368 8480
3785 6320 7416 8432
3785 6455 6783 8930
3785 6455 7800 7913
3785 6544 7192 8432
3785 6600 7456 8112
3785 6650 6726 8792
3785 6650 7602 7916
3785 6726 7602 7840
3785 6726 7664 7778
3785 6790 7058 8320
3785 6790 7092 8286
3785 6860 7368 7940
3785 7050 7098 8020
3785 7058 7297 7813
3785 7192 7456 7520
3785 7243 7364 7561
3785 7300 7431 7437
3785 7364 7368 7436
3801 3950 8520 9682
3801 3950 9067 9135
3801 3965 8617 9570
3801 4153 8471 9528
3801 4153 8821 9178
3801 4250 8617 9285
3801 4275 8103 9774
3801 4275 8485 9392
3801 4280 8480 9392
3801 4565 7813 9774
3801 4565 8471 9116
3801 4565 8520 9067
3801 4622 8432 9098
3801 4715 7456 9981
3801 4765 8320 9067
3801 4868 7602 9682
3801 4910 7672 9570
3801 5030 8024 9098
3801 5110 7268 9774
3801 5110 8112 8930
3801 5124 7346 9682
3801 5140 7436 9576
3801 5140 8191 8821
3801 5152 7098 9902
3801 5152 8480 8520
3801 5200 7050 9902
3801 5200 8432 8520
3801 5246 7346 9560
3801 5264 7058 9830
3801 5264 7664 9224
3801 5378 7092 9682
3801 5460 6790 9902
3801 5460 7300 9392
3801 5475 7561 9116
3801 5651 7651 8850
3801 5656 7050 9446
3801 5675 7192 9285
3801 5675 7656 8821
3801 5675 8191 8286
3801 5684 6544 9924
3801 5764 6860 9528
3801 5774 7243 9135
3801 5816 6506 9830
3801 5817 7050 9285
3801 5817 7268 9067
3801 5817 7300 9035
3801 5840 7520 8792
3801 5858 7364 8930
3801 5858 8103 8191
3801 5944 7092 9116
3801 5944 7416 8792
3801 6010 6218 9924
3801 6100 7664 8388
3801 6100 7940 8112
3801 6104 6124 9924
3801 6104 6218 9830
3801 6104 6950 9098
3801 6104 7431 8617
3801 6104 7561 8487
3801 6112 6506 9534
3801 6112 7520 8520
3801 6112 7720 8320
3801 6112 7800 8240
3801 6112 7813 8227
3801 6124 6254 9774
3801 6124 6930 9098
3801 6124 7098 8930
3801 6124 7916 8112
3801 6250 7431 8471
3801 6254 6506 9392
3801 6254 6800 9098
3801 6254 7098 8800
3801 6320 7720 8112
3801 6395 7437 8320
3801 6455 7297 8400
3801 6544 7368 8240
3801 6745 6790 8617
3801 6783 7456 7913
3801 6790 6875 8487
3801 6790 6930 8432
3801 6800 7436 7916
3801 6860 7268 8024
3801 6875 7050 8227
3801 6875 7364 7913
3801 6875 7437 7840
3801 7016 7416 7720
3801 7268 7364 7520
3801 7300 7416 7436
3819 3833 8320 9981
3819 3833 8471 9830
3819 3863 9135 9136
3819 3950 8792 9392
3819 3965 8487 9682
3819 4032 9035 9067
3819 4120 8112 9902
3819 4120 8240 9774
3819 4120 8480 9534
3819 4170 8388 9576
3819 4197 8821 9116
3819 4275 8792 9067
3819 4280 8024 9830
3819 4280 8320 9534
3819 4340 7813 9981
3819 4340 8020 9774
3819 4340 8112 9682
3819 4565 8471 9098
3819 4622 8227 9285
3819 4674 7778 9682
3819 4765 8191 9178
3819 4868 7364 9902
3819 4868 7436 9830
3819 4910 7243 9981
3819 4910 7300 9924
3819 4910 7664 9560
3819 4910 7778 9446
3819 4910 8432 8792
3819 5030 8487 8617
3819 5110 7490 9534
3819 5110 7800 9224
3819 5140 7092 9902
3819 5140 7602 9392
3819 5152 7058 9924
3819 5152 7300 9682
3819 5200 7364 9570
3819 5226 8388 8520
3819 5243 8191 8700
3819 5246 7058 9830
3819 5246 7664 9224
3819 5264 7300 9570
3819 5264 7940 8930
3819 5264 8020 8850
3819 5378 7364 9392
3819 5460 7098 9576
3819 5460 8286 8388
3819 5475 7561 9098
3819 5475 8227 8432
3819 5528 7490 9116
3819 5528 8286 8320
3819 5551 7058 9525
3819 5551 8103 8480
3819 5551 8112 8471
3819 5651 7416 9067
3819 5656 6950 9528
3819 5656 7300 9178
3819 5656 7778 8700
3819 5684 7058 9392
3819 5684 7520 8930
3819 5760 6544 9830
3819 5760 6600 9774
3819 5764 6800 9570
3819 5764 7192 9178
3819 5764 7520 8850
3819 5774 6790 9570
3819 5774 6800 9560
3819 5774 7840 8520
3819 5816 6544 9774
3819 5816 6790 9528
3819 5817 6783 9534
3819 5840 7364 8930
3819 5840 8103 8191
3819 5858 7098 9178
3819 5858 7346 8930
3819 5944 7092 9098
3819 5944 7490 8700
3819 6100 6506 9528
3819 6100 7602 8432
3819 6104 6745 9285
3819 6112 7092 8930
3819 6124 6875 9135
3819 6124 7490 8520
3819 6218 6800 9116
3819 6218 7431 8485
3819 6218 7436 8480
3819 6218 7813 8103
3819 6250 7092 8792
3819 6250 7364 8520
3819 6254 6320 9560
3819 6254 6745 9135
3819 6254 6950 8930
3819 6318 7016 8800
3819 6318 7416 8400
3819 6395 7268 8471
3819 6455 6544 9135
3819 6455 7192 8487
3819 6506 7437 8191
3819 6544 6790 8800
3819 6600 7431 8103
3819 6790 7058 8286
3819 6790 7431 7913
3819 6860 7602 7672
3819 6875 7346 7913
3819 6930 7092 8112
3819 6930 7364 7840
3819 6950 7268 7916
3819 6950 7520 7664
3819 7016 7098 8020
3819 7050 7364 7720
3819 7098 7364 7672
3819 7268 7346 7520
3833 3936 8792 9392
3833 3950 9035 9135
3833 4120 8440 9560
3833 4275 8320 9525
3833 4280 7916 9924
3833 4340 8388 9392
3833 4340 8850 8930
3833 4414 8024 9682
3833 4483 7656 9981
3833 4483 7955 9682
3833 4483 8103 9534
3833 4483 8112 9525
3833 4483 8191 9446
3833 4565 8520 9035
3833 4622 8227 9271
3833 4622 8320 9178
3833 4622 8400 9098
3833 4674 7672 9774
3833 4715 8227 9178
3833 4762 7456 9902
3833 4765 7431 9924
3833 4765 8320 9035
3833 4910 7436 9774
3833 4910 8112 9098
3833 5000 7346 9774
3833 5000 8320 8800
3833 5030 7520 9570
3833 5030 7955 9135
3833 5030 8240 8850
3833 5124 7436 9560
3833 5140 7913 9067
3833 5200 8400 8520
3833 5200 8440 8480
3833 5226 7778 9116
3833 5243 7431 9446
3833 5246 6950 9924
3833 5246 7192 9682
3833 5246 7346 9528
3833 5246 8024 8850
3833 5264 6875 9981
3833 5264 7720 9136
3833 5460 7268 9392
3833 5460 7436 9224
3833 5528 7016 9576
3833 5528 7058 9534
3833 5528 7368 9224
3833 5528 7456 9136
3833 5528 7800 8792
3833 5528 8112 8480
3833 5656 6930 9534
3833 5656 7664 8800
3833 5656 7672 8792
3833 5656 8024 8440
3833 5675 6875 9570
3833 5684 6455 9981
3833 5684 6860 9576
3833 5684 7300 9136
3833 5684 7916 8520
3833 5760 6790 9570
3833 5760 6800 9560
3833 5760 7840 8520
3833 5764 7656 8700
3833 5764 7916 8440
3833 5774 7416 8930
3833 5816 7916 8388
3833 5817 7268 9035
3833 5817 8112 8191
3833 5840 6506 9774
3833 5840 7800 8480
3833 5840 7840 8440
3833 5944 6600 9576
3833 5944 7656 8520
3833 6104 6745 9271
3833 6104 7913 8103
3833 6124 6860 9136
3833 6218 7431 8471
3833 6254 7016 8850
3833 6254 7346 8520
3833 6318 7778 8024
3833 6320 6950 8850
3833 6320 7368 8432
3833 6395 6875 8850
3833 6544 6726 8850
3833 6600 7720 7800
3833 6650 6950 8520
3833 6650 7243 8227
3833 6790 6930 8400
3833 6790 7490 7840
3833 6800 7300 8020
3833 6800 7520 7800
3833 6800 7656 7664
3833 6930 6950 8240
3833 6950 7058 8112
3833 7092 7364 7664
3833 7268 7416 7436
3833 7300 7364 7456
3863 3936 8930 9224
3863 4016 8850 9224
3863 4120 8400 9570
3863 4120 8792 9178
3863 4153 8821 9116
3863 4250 7916 9924
3863 4275 7913 9902
3863 4280 8240 9570
3863 4445 7664 9981
3863 4483 8471 9136
3863 4565 7955 9570
3863 4565 8240 9285
3863 4622 7940 9528
3863 4674 7840 9576
3863 4674 8024 9392
3863 4680 7840 9570
3863 4680 8480 8930
3863 4715 8240 9135
3863 4721 8191 9178
3863 4762 7800 9528
3863 4765 7800 9525
3863 4765 8227 9098
3863 4910 8388 8792
3863 4910 8480 8700
3863 5000 7520 9570
3863 5000 7955 9135
3863 5000 8240 8850
3863 5030 7490 9570
3863 5110 7913 9067
3863 5124 7192 9774
3863 5124 7520 9446
3863 5140 7268 9682
3863 5140 7416 9534
3863 5140 8020 8930
3863 5152 7368 9570
3863 5152 7840 9098
3863 5246 7268 9576
3863 5246 8227 8617
3863 5264 7602 9224
3863 5378 8227 8485
3863 5401 7243 9446
3863 5401 7297 9392
3863 5460 6800 9830
3863 5475 7437 9178
3863 5475 8227 8388
3863 5551 7268 9271
3863 5760 8103 8227
3863 5774 7092 9224
3863 5774 7916 8400
3863 5816 7050 9224
3863 5817 6745 9528
3863 5817 7656 8617
3863 5858 7800 8432
3863 5944 6875 9271
3863 5944 7346 8800
3863 5944 7955 8191
3863 6010 6250 9830
3863 6010 7840 8240
3863 6100 6544 9446
3863 6100 7602 8388
3863 6112 6800 9178
3863 6250 7520 8320
3863 6254 7436 8400
3863 6455 6600 9035
3863 6600 6790 8700
3863 6600 7050 8440
3863 6600 7058 8432
3863 6650 7416 8024
3863 6745 6860 8485
3863 6783 6875 8432
3863 6783 7651 7656
3863 6790 6860 8440
3863 6800 7050 8240
3863 6800 7490 7800
3863 6875 7437 7778
3863 6950 7300 7840
3863 7016 7050 8024
3863 7050 7368 7672
3863 7058 7092 7940
3863 7058 7192 7840
3863 7058 7368 7664
3863 7092 7437 7561
3863 7098 7192 7800
3863 7098 7431 7561
3863 7243 7416 7431
3936 4016 8020 9981
3936 4016 8227 9774
3936 4032 8700 9285
3936 4032 8850 9135
3936 4120 7916 9981
3936 4153 7940 9924
3936 4197 8286 9534
3936 4250 8191 9576
3936 4250 8700 9067
3936 4275 7840 9902
3936 4275 8471 9271
3936 4280 7813 9924
3936 4414 8487 9116
3936 4674 8227 9116
3936 4680 8487 8850
3936 4721 7720 9576
3936 4910 8286 8821
3936 5000 7243 9774
3936 5000 8400 8617
3936 5110 7840 9067
3936 5124 7368 9525
3936 5140 7431 9446
3936 5226 7520 9271
3936 5226 7656 9135
3936 5226 8320 8471
3936 5243 7092 9682
3936 5246 6790 9981
3936 5246 7243 9528
3936 5246 8286 8485
3936 5378 7368 9271
3936 5401 7916 8700
3936 5460 6783 9774
3936 5460 6875 9682
3936 5460 7490 9067
3936 5460 7940 8617
3936 5475 6860 9682
3936 5475 7364 9178
3936 5551 7368 9098
3936 5551 7431 9035
3936 5651 6790 9576
3936 5651 7268 9098
3936 5651 7436 8930
3936 5656 7431 8930
3936 5656 7561 8800
3936 5675 6950 9392
3936 5684 7813 8520
3936 5715 6726 9576
3936 5715 7602 8700
3936 5760 7436 8821
3936 5764 7813 8440
3936 5816 6930 9271
3936 5816 7813 8388
3936 5817 7720 8480
3936 5817 7800 8400
3936 5858 7092 9067
3936 5858 7672 8487
3936 5944 7456 8617
3936 5944 7602 8471
3936 6010 6783 9224
3936 6010 7520 8487
3936 6100 7300 8617
3936 6100 7437 8480
3936 6104 7092 8821
3936 6250 7664 8103
3936 6254 7243 8520
3936 6254 7651 8112
3936 6320 7297 8400
3936 6395 6506 9116
3936 6395 7431 8191
3936 6395 7602 8020
3936 6600 6800 8617
3936 6600 6930 8487
3936 6783 7456 7778
3936 6800 7561 7656
3936 6860 6930 8227
3936 6860 7437 7720
3936 6875 7364 7778
3936 6930 7431 7656
3936 6930 7436 7651
3936 6950 7416 7651
3936 7092 7364 7561
3936 7098 7268 7651
3950 4032 8700 9271
3950 4153 8020 9830
3950 4250 8617 9136
3950 4340 8103 9560
3950 4340 8485 9178
3950 4445 7656 9902
3950 4445 8024 9534
3950 4445 8112 9446
3950 4483 8485 9035
3950 4565 7664 9774
3950 4565 7913 9525
3950 4565 8617 8821
3950 4715 7364 9924
3950 4721 8432 8850
3950 4765 8103 9135
3950 4765 8388 8850
3950 5110 7368 9525
3950 5200 7243 9560
3950 5200 8103 8700
3950 5226 6875 9902
3950 5226 7243 9534
3950 5243 6930 9830
3950 5243 7368 9392
3950 5243 8240 8520
3950 5243 8320 8440
3950 5246 8286 8471
3950 5264 7561 9178
3950 5264 7672 9067
3950 5378 7490 9135
3950 5401 7672 8930
3950 5460 8103 8440
3950 5475 7243 9285
3950 5528 6950 9525
3950 5528 7297 9178
3950 5528 7955 8520
3950 5551 7602 8850
3950 5551 8020 8432
3950 5651 8112 8240
3950 5675 6800 9528
3950 5675 7192 9136
3950 5675 7940 8388
3950 5684 6395 9924
3950 5774 6455 9774
3950 5774 6783 9446
3950 5774 7437 8792
3950 5817 7050 9136
3950 5858 6860 9285
3950 6010 7561 8432
3950 6100 7416 8487
3950 6100 7800 8103
3950 6104 6783 9116
3950 6104 7672 8227
3950 6112 7651 8240
3950 6112 7664 8227
3950 6124 7058 8821
3950 6218 6650 9135
3950 6218 7300 8485
3950 6250 7268 8485
3950 6250 7813 7940
3950 6250 7840 7913
3950 6318 6650 9035
3950 6318 7297 8388
3950 6320 7243 8440
3950 6320 7456 8227
3950 6395 7368 8240
3950 6455 7436 8112
3950 6544 7268 8191
3950 6600 7300 8103
3950 6600 7490 7913
3950 6650 7437 7916
3950 6726 6790 8487
3950 6726 7050 8227
3950 6726 7364 7913
3950 6726 7437 7840
3950 6745 7602 7656
3950 6790 7297 7916
3950 6790 7300 7913
3950 6875 7016 8112
3950 6875 7456 7672
3950 6950 7098 7955
3950 7050 7297 7656
3950 7092 7098 7813
3965 4032 8821 9135
3965 4153 8700 9135
3965 4153 8800 9035
3965 4170 7916 9902
3965 4197 8520 9271
3965 4414 7672 9902
3965 4414 7800 9774
3965 4565 8388 9035
3965 4680 7916 9392
3965 4680 8487 8821
3965 4721 7437 9830
3965 4762 7656 9570
3965 4762 7955 9271
3965 4762 8191 9035
3965 4868 7346 9774
3965 4868 8320 8800
3965 4910 8286 8792
3965 5030 8471 8487
3965 5140 7456 9392
3965 5140 7813 9035
3965 5152 7720 9116
3965 5200 7672 9116
3965 5200 8388 8400
3965 5226 6860 9902
3965 5226 7192 9570
3965 5226 7664 9098
3965 5264 6800 9924
3965 5264 6950 9774
3965 5264 8024 8700
3965 5378 7050 9560
3965 5401 7520 9067
3965 5460 7243 9285
3965 5475 7813 8700
3965 5475 8227 8286
3965 5528 7940 8520
3965 5528 8020 8440
3965 5651 7720 8617
3965 5656 6650 9682
3965 5656 7297 9035
3965 5675 7913 8400
3965 5684 7916 8388
3965 5715 6745 9528
3965 5715 7656 8617
3965 5760 7050 9178
3965 5760 7092 9136
3965 5760 7436 8792
3965 5760 7840 8388
3965 5774 7098 9116
3965 5774 7364 8850
3965 5816 6726 9446
3965 5817 7651 8520
3965 5840 6318 9830
3965 5840 7050 9098
3965 5944 7656 8388
3965 5944 8020 8024
3965 6010 6800 9178
3965 6100 6318 9570
3965 6100 6790 9098
3965 6100 7368 8520
3965 6100 7456 8432
3965 6100 7602 8286
3965 6104 7092 8792
3965 6104 7364 8520
3965 6112 7436 8440
3965 6124 7840 8024
3965 6254 7346 8388
3965 6320 7268 8400
3965 6395 7490 8103
3965 6455 7720 7813
3965 6506 7050 8432
3965 6600 7364 8024
3965 6600 7368 8020
3965 6650 6950 8388
3965 6650 7098 8240
3965 6726 7346 7916
3965 6745 7016 8227
3965 6790 7243 7955
3965 6860 7016 8112
3965 6860 7456 7672
3965 6875 7300 7813
3965 6930 7456 7602
3965 6950 7098 7940
3965 6950 7436 7602
3965 7016 7300 7672
3965 7050 7098 7840
4016 4170 8191 9576
4016 4170 8700 9067
4016 4250 7913 9774
4016 4414 8388 9135
4016 4445 7916 9576
4016 4445 8700 8792
4016 4674 8471 8792
4016 4721 7656 9560
4016 4721 8286 8930
4016 4765 7490 9682
4016 4765 7602 9570
4016 4910 8227 8800
4016 5000 8320 8617
4016 5030 7840 9067
4016 5124 7243 9570
4016 5124 7778 9035
4016 5152 7561 9224
4016 5200 7602 9135
4016 5200 7916 8821
4016 5226 8191 8520
4016 5226 8240 8471
4016 5246 7656 9035
4016 5460 7192 9285
4016 5460 7656 8821
4016 5460 8191 8286
4016 5475 7016 9446
4016 5475 7346 9116
4016 5475 7364 9098
4016 5528 6875 9534
4016 5551 7456 8930
4016 5651 6726 9560
4016 5651 7436 8850
4016 5656 7431 8850
4016 5656 7664 8617
4016 5684 7813 8440
4016 5715 6320 9902
4016 5764 7243 8930
4016 5816 7300 8821
4016 5817 6218 9902
4016 5817 6544 9576
4016 5817 7720 8400
4016 5817 7800 8320
4016 5840 7297 8800
4016 5944 7561 8432
4016 6010 6860 9067
4016 6010 7456 8471
4016 6100 7016 8821
4016 6100 7437 8400
4016 6100 7813 8024
4016 6104 7346 8487
4016 6104 7813 8020
4016 6112 6790 9035
4016 6112 7437 8388
4016 6254 7243 8440
4016 6254 7456 8227
4016 6318 6395 9224
4016 6318 7664 7955
4016 6320 7297 8320
4016 6395 7602 7940
4016 6455 7050 8432
4016 6650 6800 8487
4016 6745 7520 7672
4016 6783 7490 7664
4016 6790 7192 7955
4016 6800 7297 7840
4016 6875 6950 8112
4016 7016 7431 7490
4016 7050 7431 7456
4016 7092 7243 7602
4032 4048 8191 9682
4032 4153 8240 9528
4032 4170 8191 9560
4032 4170 8480 9271
4032 4170 8821 8930
4032 4197 7800 9924
4032 4250 8400 9271
4032 4250 8821 8850
4032 4275 8112 9534
4032 4414 8440 9067
4032 4445 7916 9560
4032 4445 8191 9285
4032 4483 7664 9774
4032 4483 7913 9525
4032 4483 8617 8821
4032 4565 8240 9116
4032 4674 8112 9135
4032 4715 7672 9534
4032 4721 7672 9528
4032 4721 8400 8800
4032 4762 8024 9135
4032 4765 8020 9136
4032 4868 7955 9098
4032 4910 7913 9098
4032 5030 8191 8700
4032 5140 6800 9981
4032 5200 7436 9285
4032 5243 8191 8487
4032 5378 8103 8440
4032 5401 6950 9570
4032 5401 7720 8800
4032 5475 6544 9902
4032 5475 7268 9178
4032 5528 7913 8480
4032 5551 6800 9570
4032 5551 7192 9178
4032 5551 7520 8850
4032 5651 6745 9525
4032 5651 7092 9178
4032 5656 7778 8487
4032 5675 6800 9446
4032 5684 7416 8821
4032 5684 7437 8800
4032 5764 7672 8485
4032 5774 7297 8850
4032 5816 6124 9981
4032 5817 6544 9560
4032 5817 7664 8440
4032 5817 7672 8432
4032 5817 7913 8191
4032 5840 6100 9981
4032 5840 7561 8520
4032 5944 7490 8487
4032 6010 7431 8480
4032 6010 7720 8191
4032 6104 7297 8520
4032 6104 7346 8471
4032 6112 7192 8617
4032 6250 7431 8240
4032 6250 7651 8020
4032 6254 6600 9067
4032 6254 6875 8792
4032 6254 7050 8617
4032 6395 6726 8800
4032 6506 6930 8485
4032 6506 7602 7813
4032 6544 7437 7940
4032 6600 7297 8024
4032 6650 6800 8471
4032 6650 7431 7840
4032 6726 6875 8320
4032 6726 7092 8103
4032 6745 7456 7720
4032 6745 7520 7656
4032 6800 6930 8191
4032 6875 7268 7778
4032 6950 7016 7955
4032 6950 7058 7913
4032 7016 7092 7813
4032 7050 7058 7813
4032 7092 7268 7561
4048 4120 7955 9830
4048 4120 8103 9682
4048 4153 8227 9525
4048 4153 8617 9135
4048 4170 8700 9035
4048 4250 8520 9135
4048 4275 7800 9830
4048 4275 8700 8930
4048 4445 7778 9682
4048 4483 7520 9902
4048 4483 8286 9136
4048 4565 7416 9924
4048 4680 7940 9285
4048 4715 7416 9774
4048 4715 7656 9534
4048 4721 7656 9528
4048 4721 7913 9271
4048 4765 7916 9224
4048 4765 8024 9116
4048 4765 8440 8700
4048 4868 7813 9224
4048 5030 7651 9224
4048 5030 7840 9035
4048 5030 8388 8487
4048 5124 6800 9981
4048 5200 6875 9830
4048 5200 7913 8792
4048 5243 7092 9570
4048 5243 8191 8471
4048 5246 7561 9098
4048 5246 8227 8432
4048 5264 8024 8617
4048 5401 7058 9446
4048 5401 7368 9136
4048 5401 7437 9067
4048 5401 8024 8480
4048 5460 6875 9570
4048 5475 6506 9924
4048 5475 6600 9830
4048 5475 6860 9570
4048 5475 7813 8617
4048 5528 7092 9285
4048 5651 6726 9528
4048 5656 7778 8471
4048 5675 7300 8930
4048 5684 6950 9271
4048 5715 7092 9098
4048 5715 7490 8700
4048 5760 6860 9285
4048 5764 7656 8485
4048 5774 6860 9271
4048 5774 7431 8700
4048 5774 7651 8480
4048 5774 7940 8191
4048 5816 7268 8821
4048 5816 7297 8792
4048 5816 7602 8487
4048 5817 7656 8432
4048 5840 6930 9135
4048 5944 6783 9178
4048 5944 7490 8471
4048 5944 7561 8400
4048 6010 6860 9035
4048 6010 7940 7955
4048 6100 6875 8930
4048 6104 7561 8240
4048 6112 6726 9067
4048 6112 7602 8191
4048 6320 7098 8487
4048 6320 7561 8024
4048 6320 7672 7913
4048 6395 7490 8020
4048 6455 6600 8850
4048 6455 6650 8800
4048 6455 6930 8520
4048 6455 7050 8400
4048 6455 7672 7778
4048 6544 7561 7800
4048 6650 7300 7955
4048 6783 7098 8024
4048 6783 7520 7602
4048 6790 6875 8240
4048 6800 7192 7913
4048 7058 7416 7431
4048 7192 7297 7416
4120 4153 7778 9902
4120 4170 8103 9560
4120 4170 8485 9178
4120 4197 8520 9116
4120 4250 7602 9981
4120 4250 8191 9392
4120 4250 8485 9098
4120 4275 7656 9902
4120 4275 8024 9534
4120 4275 8112 9446
4120 4280 7651 9902
4120 4445 8103 9285
4120 4483 7520 9830
4120 4622 7437 9774
4120 4622 7651 9560
4120 4622 7940 9271
4120 4674 8024 9135
4120 4715 7436 9682
4120 4715 7672 9446
4120 4715 7940 9178
4120 4715 8020 9098
4120 4721 7720 9392
4120 4721 8320 8792
4120 4762 7297 9774
4120 4762 7800 9271
4120 4762 7955 9116
4120 4868 7431 9534
4120 4868 7437 9528
4120 4868 8480 8485
4120 5030 7243 9560
4120 5030 8103 8700
4120 5110 7656 9067
4120 5243 8103 8487
4120 5246 7520 9067
4120 5378 6930 9525
4120 5401 7297 9135
4120 5401 8112 8320
4120 5528 6745 9560
4120 5551 6600 9682
4120 5551 7058 9224
4120 5551 7490 8792
4120 5651 6790 9392
4120 5651 7955 8227
4120 5684 7664 8485
4120 5715 6726 9392
4120 5715 7268 8850
4120 5715 7297 8821
4120 5760 7456 8617
4120 5760 7602 8471
4120 5764 6544 9525
4120 5816 6950 9067
4120 5817 6745 9271
4120 5817 7913 8103
4120 5840 7561 8432
4120 5858 7490 8485
4120 5858 7955 8020
4120 6010 7720 8103
4120 6100 7778 7955
4120 6104 7297 8432
4120 6104 7813 7916
4120 6124 7092 8617
4120 6250 6783 8800
4120 6250 7098 8485
4120 6250 7297 8286
4120 6254 6544 9035
4120 6254 7092 8487
4120 6318 7602 7913
4120 6395 7050 8388
4120 6455 7058 8320
4120 6455 7092 8286
4120 6544 7098 8191
4120 6600 7561 7672
4120 6650 6783 8400
4120 6650 7243 7940
4120 6726 7456 7651
4120 6745 7368 7720
4120 6745 7416 7672
4120 6745 7437 7651
4120 6790 7243 7800
4120 6800 6930 8103
4120 6800 7431 7602
4120 7016 7297 7520
4120 7050 7346 7437
4153 4170 7800 9830
4153 4170 8700 8930
4153 4197 8487 9116
4153 4250 7720 9830
4153 4250 8700 8850
4153 4275 7955 9570
4153 4275 8240 9285
4153 4280 8485 9035
4153 4340 7778 9682
4153 4414 7940 9446
4153 4445 7431 9924
4153 4445 8320 9035
4153 4483 8617 8700
4153 4622 7602 9576
4153 4680 7346 9774
4153 4680 8320 8800
4153 4715 7800 9285
4153 4721 7098 9981
4153 4762 7940 9098
4153 5000 7664 9136
4153 5000 8320 8480
4153 5030 7672 9098
4153 5030 7840 8930
4153 5110 6860 9830
4153 5110 7840 8850
4153 5124 8191 8485
4153 5140 7268 9392
4153 5140 7436 9224
4153 5200 7800 8800
4153 5226 6650 9924
4153 5226 6800 9774
4153 5226 8103 8471
4153 5243 6783 9774
4153 5243 6875 9682
4153 5243 7490 9067
4153 5243 7940 8617
4153 5246 7456 9098
4153 5401 7364 9035
4153 5460 7490 8850
4153 5460 7940 8400
4153 5460 8020 8320
4153 5475 6800 9525
4153 5475 7840 8485
4153 5528 7840 8432
4153 5551 7778 8471
4153 5651 7664 8485
4153 5656 7664 8480
4153 5675 6600 9525
4153 5675 7058 9067
4153 5684 7416 8700
4153 5715 6104 9981
4153 5715 6800 9285
4153 5715 6950 9135
4153 5715 7050 9035
4153 5760 6506 9534
4153 5760 7520 8520
4153 5760 7720 8320
4153 5760 7800 8240
4153 5760 7813 8227
4153 5764 6112 9924
4153 5774 6124 9902
4153 5816 7192 8792
4153 5816 7664 8320
4153 5817 6455 9528
4153 5840 7520 8440
4153 5840 7720 8240
4153 5840 7940 8020
4153 5858 6112 9830
4153 5858 6875 9067
4153 5858 7092 8850
4153 5858 7656 8286
4153 5944 7416 8440
4153 5944 7456 8400
4153 5944 7916 7940
4153 6010 6860 8930
4153 6100 6124 9576
4153 6100 6254 9446
4153 6100 7268 8432
4153 6100 7300 8400
4153 6104 6250 9446
4153 6104 6875 8821
4153 6104 7456 8240
4153 6104 7672 8024
4153 6112 7300 8388
4153 6112 7368 8320
4153 6112 7664 8024
4153 6124 7436 8240
4153 6124 7656 8020
4153 6218 6790 8792
4153 6318 7050 8432
4153 6320 7092 8388
4153 6320 7368 8112
4153 6320 7456 8024
4153 6455 6860 8485
4153 6544 7016 8240
4153 6544 7416 7840
4153 6544 7456 7800
4153 6600 6800 8400
4153 6726 7050 8024
4153 6783 6790 8227
4153 6783 7297 7720
4153 6783 7456 7561
4153 6790 7346 7664
4153 6790 7490 7520
4153 6860 7268 7672
4153 6875 7364 7561
4153 6930 7092 7778
4153 6930 7268 7602
4153 6950 7050 7800
4153 7016 7368 7416
4170 4414 8191 9178
4170 4445 7436 9902
4170 4445 7656 9682
4170 4445 7778 9560
4170 4445 7813 9525
4170 4445 8240 9098
4170 4765 7490 9528
4170 4765 7840 9178
4170 4910 7297 9576
4170 4910 7602 9271
4170 4910 8388 8485
4170 5124 7561 9098
4170 5124 8227 8432
4170 5152 6650 9981
4170 5152 7346 9285
4170 5152 8191 8440
4170 5200 7058 9525
4170 5200 8103 8480
4170 5200 8112 8471
4170 5226 6783 9774
4170 5226 6875 9682
4170 5226 7490 9067
4170 5226 7940 8617
4170 5243 7840 8700
4170 5243 8020 8520
4170 5264 6745 9774
4170 5401 7561 8821
4170 5475 6783 9525
4170 5475 7192 9116
4170 5551 7800 8432
4170 5651 7016 9116
4170 5651 8020 8112
4170 5656 7092 9035
4170 5656 7656 8471
4170 5656 8024 8103
4170 5675 6930 9178
4170 5675 7720 8388
4170 5684 6875 9224
4170 5684 7813 8286
4170 5715 6783 9285
4170 5715 7268 8800
4170 5715 7368 8700
4170 5764 7916 8103
4170 5840 7243 8700
4170 5840 7456 8487
4170 5840 7840 8103
4170 5858 5944 9981
4170 5858 6790 9135
4170 5858 7813 8112
4170 5944 7368 8471
4170 6100 7243 8440
4170 6100 7456 8227
4170 6104 6455 9224
4170 6104 6544 9135
4170 6104 7192 8487
4170 6112 7431 8240
4170 6112 7651 8020
4170 6250 7720 7813
4170 6254 7058 8471
4170 6254 7243 8286
4170 6395 7364 8024
4170 6395 7368 8020
4170 6455 7656 7672
4170 6506 6790 8487
4170 6506 7050 8227
4170 6506 7364 7913
4170 6506 7437 7840
4170 6600 6783 8400
4170 6600 7243 7940
4170 6650 6745 8388
4170 6745 7098 7940
4170 6745 7436 7602
4170 6930 7416 7437
4170 7050 7243 7490
4170 7050 7297 7436
4197 4250 8471 9035
4197 4275 7651 9830
4197 4280 7916 9560
4197 4280 8191 9285
4197 4340 7840 9576
4197 4340 8024 9392
4197 4680 7940 9136
4197 4715 8191 8850
4197 4762 7092 9902
4197 4762 7602 9392
4197 4765 7431 9560
4197 4765 7720 9271
4197 4765 7813 9178
4197 4765 8191 8800
4197 4765 8471 8520
4197 4868 7058 9830
4197 4868 7664 9224
4197 4910 7016 9830
4197 4910 7561 9285
4197 4910 7916 8930
4197 5000 7364 9392
4197 5030 6745 9981
4197 5030 7192 9534
4197 5030 8286 8440
4197 5124 6950 9682
4197 5124 7098 9534
4197 5124 7840 8792
4197 5124 8112 8520
4197 5140 7916 8700
4197 5200 6726 9830
4197 5226 7913 8617
4197 5243 7813 8700
4197 5243 8227 8286
4197 5246 6950 9560
4197 5264 7268 9224
4197 5378 7243 9135
4197 5401 7955 8400
4197 5460 6726 9570
4197 5475 7431 8850
4197 5475 7664 8617
4197 5528 7050 9178
4197 5528 7092 9136
4197 5528 7436 8792
4197 5528 7840 8388
4197 5551 7720 8485
4197 5651 6124 9981
4197 5656 7300 8800
4197 5675 6100 9981
4197 5675 7561 8520
4197 5684 6544 9528
4197 5684 7672 8400
4197 5715 7561 8480
4197 5760 6860 9136
4197 5764 6218 9774
4197 5764 6600 9392
4197 5764 7192 8800
4197 5764 7672 8320
4197 5816 7916 8024
4197 5840 6800 9116
4197 5840 7431 8485
4197 5840 7436 8480
4197 5840 7813 8103
4197 5858 6124 9774
4197 5858 6506 9392
4197 5858 6800 9098
4197 5858 7098 8800
4197 5944 6745 9067
4197 6010 6218 9528
4197 6010 7346 8400
4197 6100 6726 8930
4197 6100 7268 8388
4197 6100 7416 8240
4197 6104 6124 9528
4197 6104 6860 8792
4197 6124 7192 8440
4197 6124 7346 8286
4197 6124 7520 8112
4197 6218 7058 8480
4197 6218 7098 8440
4197 6318 7050 8388
4197 6320 6506 8930
4197 6320 7416 8020
4197 6320 7520 7916
4197 6395 7561 7800
4197 6455 7346 7955
4197 6506 6930 8320
4197 6506 7437 7813
4197 6544 7192 8020
4197 6544 7561 7651
4197 6600 7243 7913
4197 6600 7436 7720
4197 6726 6790 8240
4197 6745 7098 7913
4197 6790 7050 7916
4197 6790 7364 7602
4197 6800 7016 7940
4197 6800 7300 7656
4197 6800 7436 7520
4197 7092 7300 7364
4250 4280 8388 9035
4250 4340 8227 9136
4250 4414 8191 9098
4250 4445 8191 9067
4250 4483 8520 8700
4250 4565 7364 9774
4250 4565 7456 9682
4250 4565 8103 9035
4250 4674 7913 9116
4250 4721 7058 9924
4250 4721 7300 9682
4250 4762 7416 9525
4250 4762 7656 9285
4250 4765 7368 9570
4250 4765 7840 9098
4250 4868 7800 9035
4250 4910 7268 9525
4250 5124 8191 8388
4250 5152 7416 9135
4250 5200 7368 9135
4250 5200 7436 9067
4250 5200 8103 8400
4250 5226 7192 9285
4250 5226 7656 8821
4250 5226 8191 8286
4250 5243 7940 8520
4250 5243 8020 8440
4250 5246 7840 8617
4250 5378 6800 9525
4250 5378 7840 8485
4250 5401 6726 9576
4250 5401 7602 8700
4250 5475 7050 9178
4250 5475 7092 9136
4250 5475 7436 8792
4250 5475 7840 8388
4250 5528 6650 9525
4250 5528 6783 9392
4250 5551 6250 9902
4250 5551 7016 9136
4250 5551 7672 8480
4250 5551 7720 8432
4250 5651 7664 8388
4250 5651 7940 8112
4250 5675 6104 9924
4250 5675 6254 9774
4250 5675 6930 9098
4250 5675 7098 8930
4250 5675 7916 8112
4250 5684 7916 8103
4250 5715 7058 8930
4250 5760 7243 8700
4250 5760 7456 8487
4250 5760 7840 8103
4250 5774 6395 9534
4250 5816 7416 8471
4250 5817 6112 9774
4250 5840 7431 8432
4250 5840 7672 8191
4250 5858 6320 9525
4250 5944 7656 8103
4250 6100 6318 9285
4250 6112 6320 9271
4250 6112 6455 9136
4250 6112 7364 8227
4250 6112 7651 7940
4250 6112 7778 7813
4250 6124 6544 9035
4250 6124 7092 8487
4250 6218 7672 7813
4250 6250 6318 9135
4250 6254 7346 8103
4250 6318 6455 8930
4250 6320 7192 8191
4250 6395 7368 7940
4250 6455 6860 8388
4250 6506 6726 8471
4250 6544 7243 7916
4250 6544 7346 7813
4250 6600 6783 8320
4250 6600 7431 7672
4250 6650 6950 8103
4250 6650 7098 7955
4250 6726 7416 7561
4250 6860 6930 7913
4250 6860 7192 7651
4250 6875 7050 7778
4250 6950 7192 7561
4250 6950 7297 7456
4250 7050 7092 7561
4250 7092 7243 7368
4250 7192 7243 7268
4275 4340 7436 9902
4275 4340 7656 9682
4275 4340 7778 9560
4275 4340 7813 9525
4275 4340 8240 9098
4275 4414 7490 9774
4275 4565 7431 9682
4275 4622 7664 9392
4275 4622 7940 9116
4275 4721 7672 9285
4275 4762 7346 9570
4275 4762 7800 9116
4275 4765 7778 9135
4275 4868 7364 9446
4275 4910 7192 9576
4275 4910 7243 9525
4275 5000 8191 8487
4275 5110 7297 9271
4275 5124 7456 9098
4275 5140 7092 9446
4275 5152 6950 9576
4275 5152 8240 8286
4275 5200 6950 9528
4275 5200 7300 9178
4275 5200 7778 8700
4275 5226 7602 8850
4275 5226 8020 8432
4275 5243 6875 9560
4275 5243 7300 9135
4275 5243 7368 9067
4275 5243 7955 8480
4275 5246 7297 9135
4275 5246 8112 8320
4275 5378 7813 8487
4275 5401 7456 8821
4275 5460 7368 8850
4275 5460 7778 8440
4275 5528 6320 9830
4275 5528 7300 8850
4275 5551 7092 9035
4275 5551 7656 8471
4275 5551 8024 8103
4275 5651 7800 8227
4275 5656 7092 8930
4275 5715 7346 8617
4275 5760 6783 9135
4275 5760 7431 8487
4275 5764 7297 8617
4275 5774 6726 9178
4275 5774 7664 8240
4275 5816 6726 9136
4275 5817 6726 9135
4275 5817 6745 9116
4275 5858 6250 9570
4275 5858 7300 8520
4275 5858 7800 8020
4275 5944 7346 8388
4275 6010 7268 8400
4275 6100 7058 8520
4275 6100 7098 8480
4275 6100 7778 7800
4275 6112 6745 8821
4275 6124 7268 8286
4275 6218 7436 8024
4275 6218 7520 7940
4275 6318 6875 8485
4275 6318 7520 7840
4275 6395 7092 8191
4275 6455 6783 8440
4275 6455 7268 7955
4275 6600 7058 8020
4275 6600 7300 7778
4275 6650 7364 7664
4275 6783 6875 8020
4275 6790 7368 7520
4275 6860 7098 7720
4275 6930 7092 7656
4275 6950 7297 7431
4275 7050 7192 7436
4280 4340 7431 9902
4280 4340 7651 9682
4280 4414 7813 9446
4280 4445 8112 9116
4280 4483 7416 9774
4280 4483 7656 9534
4280 4622 7916 9135
4280 4715 8471 8487
4280 4721 7050 9902
4280 4721 8432 8520
4280 4762 6930 9981
4280 4762 7813 9098
4280 4762 8440 8471
4280 4765 8388 8520
4280 4868 7520 9285
4280 4868 7955 8850
4280 4868 8320 8485
4280 4910 7913 8850
4280 5140 7916 8617
4280 5152 7297 9224
4280 5243 6506 9924
4280 5243 6600 9830
4280 5243 6860 9570
4280 5243 7813 8617
4280 5246 6745 9682
4280 5246 7940 8487
4280 5264 6875 9534
4280 5401 7840 8432
4280 5460 7813 8400
4280 5475 7268 8930
4280 5528 6860 9285
4280 5551 7192 8930
4280 5551 7602 8520
4280 5551 7651 8471
4280 5651 7092 8930
4280 5656 6950 9067
4280 5684 6455 9534
4280 5715 6860 9098
4280 5715 7672 8286
4280 5760 7092 8821
4280 5774 6783 9116
4280 5774 7672 8227
4280 5816 6790 9067
4280 5817 7416 8440
4280 5817 7456 8400
4280 5817 7916 7940
4280 5840 7346 8487
4280 5840 7813 8020
4280 5858 6544 9271
4280 5944 7297 8432
4280 5944 7813 7916
4280 6010 7192 8471
4280 6010 7436 8227
4280 6100 6395 9178
4280 6100 6506 9067
4280 6100 7346 8227
4280 6104 7098 8471
4280 6104 7656 7913
4280 6124 7437 8112
4280 6218 6320 9135
4280 6218 7431 8024
4280 6254 7192 8227
4280 6318 6320 9035
4280 6318 6875 8480
4280 6318 7243 8112
4280 6320 7437 7916
4280 6650 6783 8240
4280 6783 6950 7940
4280 6783 7050 7840
4280 6800 7436 7437
4280 6930 7092 7651
4280 7050 7192 7431
4340 4414 7297 9902
4340 4483 7300 9830
4340 4483 7602 9528
4340 4565 7520 9528
4340 4565 7602 9446
4340 4565 7656 9392
4340 4565 7913 9135
4340 4565 8227 8821
4340 4622 7431 9560
4340 4622 7720 9271
4340 4622 7813 9178
4340 4622 8191 8800
4340 4622 8471 8520
4340 4680 8112 8821
4340 4715 7364 9534
4340 4715 7720 9178
4340 4715 7800 9098
4340 4721 7364 9528
4340 4765 7456 9392
4340 4765 7813 9035
4340 5000 6783 9830
4340 5000 7813 8800
4340 5000 7913 8700
4340 5030 7058 9525
4340 5030 8103 8480
4340 5030 8112 8471
4340 5110 7368 9135
4340 5110 7436 9067
4340 5110 8103 8400
4340 5200 7297 9116
4340 5200 7346 9067
4340 5226 7916 8471
4340 5226 7955 8432
4340 5243 6800 9570
4340 5243 7192 9178
4340 5243 7520 8850
4340 5246 7300 9067
4340 5246 7437 8930
4340 5378 6254 9981
4340 5378 6950 9285
4340 5460 7913 8240
4340 5475 7346 8792
4340 5475 7651 8487
4340 5528 6104 9981
4340 5528 6800 9285
4340 5528 6950 9135
4340 5528 7050 9035
4340 5656 7437 8520
4340 5684 6395 9534
4340 5715 6124 9774
4340 5715 6506 9392
4340 5715 6800 9098
4340 5715 7098 8800
4340 5760 7368 8485
4340 5760 7913 7940
4340 5764 7364 8485
4340 5774 5858 9981
4340 5774 7368 8471
4340 5817 7364 8432
4340 5858 7268 8487
4340 5858 7800 7955
4340 6010 6318 9285
4340 6112 7016 8485
4340 6112 7561 7940
4340 6124 6218 9271
4340 6218 6875 8520
4340 6318 7192 8103
4340 6455 6726 8432
4340 6506 7456 7651
4340 6544 6783 8286
4340 6600 7058 7955
4340 6650 6860 8103
4340 6650 7050 7913
4340 6650 7243 7720
4340 6726 7431 7456
4340 6745 7431 7437
4340 6783 6875 7955
4340 6860 7192 7561
4340 6860 7297 7456
4340 7016 7297 7300
4414 4445 7192 9902
4414 4445 7916 9178
4414 4483 7664 9392
4414 4483 7940 9116
4414 4565 7050 9924
4414 4622 8432 8485
4414 4680 8388 8471
4414 4715 7050 9774
4414 4715 8024 8800
4414 4721 7720 9098
4414 4762 6875 9902
4414 4762 7243 9534
4414 4765 7092 9682
4414 4868 8191 8480
4414 5000 7268 9271
4414 5030 8024 8485
4414 5140 7364 9035
4414 5152 7916 8471
4414 5152 7955 8432
4414 5200 8112 8227
4414 5226 7913 8400
4414 5243 6726 9570
4414 5246 7813 8480
4414 5264 7955 8320
4414 5401 7346 8792
4414 5401 7651 8487
4414 5475 7243 8821
4414 5475 7364 8700
4414 5475 7664 8400
4414 5475 7778 8286
4414 5528 6726 9285
4414 5528 6875 9136
4414 5551 7058 8930
4414 5651 6318 9570
4414 5651 6790 9098
4414 5651 7368 8520
4414 5651 7456 8432
4414 5651 7602 8286
4414 5656 7656 8227
4414 5675 7840 8024
4414 5684 7368 8487
4414 5684 7664 8191
4414 5715 6254 9570
4414 5715 6600 9224
4414 5715 6726 9098
4414 5715 7436 8388
4414 5715 7800 8024
4414 5760 6254 9525
4414 5764 6250 9525
4414 5764 7672 8103
4414 5816 7243 8480
4414 5816 7437 8286
4414 5817 6544 9178
4414 5817 6930 8792
4414 5817 7436 8286
4414 5858 6860 8821
4414 5858 7490 8191
4414 5944 6745 8850
4414 5944 7368 8227
4414 6010 7058 8471
4414 6010 7243 8286
4414 6104 6950 8485
4414 6124 6930 8485
4414 6124 7602 7813
4414 6218 6254 9067
4414 6218 7297 8024
4414 6250 6254 9035
4414 6250 7098 8191
4414 6254 6800 8485
4414 6254 7058 8227
4414 6455 7364 7720
4414 6506 6930 8103
4414 6506 7431 7602
4414 6745 7016 7778
4414 6745 7192 7602
4414 6783 7092 7664
4414 6783 7300 7456
4414 6790 7098 7651
4414 6860 7243 7436
4414 6875 7300 7364
4414 6950 7243 7346
4414 7016 7092 7431
4414 7050 7058 7431
4414 7050 7192 7297
4445 4565 7672 9271
4445 4674 7300 9534
4445 4674 7656 9178
4445 4680 7268 9560
4445 4680 7300 9528
4445 4680 7436 9392
4445 4680 8388 8440
4445 4715 7268 9525
4445 4721 7651 9136
4445 4721 7720 9067
4445 4762 7300 9446
4445 4765 7297 9446
4445 4765 7813 8930
4445 4868 7416 9224
4445 4868 7840 8800
4445 4868 7940 8700
4445 4868 8240 8400
4445 5030 6950 9528
4445 5030 7300 9178
4445 5030 7778 8700
4445 5110 7300 9098
4445 5110 7913 8485
4445 5110 8112 8286
4445 5124 7268 9116
4445 5124 7913 8471
4445 5152 7656 8700
4445 5152 7916 8440
4445 5200 6783 9525
4445 5200 7192 9116
4445 5226 6600 9682
4445 5226 7058 9224
4445 5226 7490 8792
4445 5243 7778 8487
4445 5264 6320 9924
4445 5401 7490 8617
4445 5401 7916 8191
4445 5460 6124 9924
4445 5460 6218 9830
4445 5460 6950 9098
4445 5460 7431 8617
4445 5460 7561 8487
4445 5475 7416 8617
4445 5528 6455 9525
4445 5528 7050 8930
4445 5551 7437 8520
4445 5651 6790 9067
4445 5656 6318 9534
4445 5675 7346 8487
4445 5675 7813 8020
4445 5684 6254 9570
4445 5684 6600 9224
4445 5684 6726 9098
4445 5684 7436 8388
4445 5684 7800 8024
4445 5715 6726 9067
4445 5715 7602 8191
4445 5760 6650 9098
4445 5760 7268 8480
4445 5764 7720 8024
4445 5774 7346 8388
4445 5816 6010 9682
4445 5816 7672 8020
4445 5817 7778 7913
4445 5840 7268 8400
4445 5858 6800 8850
4445 5858 6950 8700
4445 5858 7364 8286
4445 5944 7651 7913
4445 6010 6320 9178
4445 6010 7058 8440
4445 6010 7098 8400
4445 6010 7720 7778
4445 6104 7016 8388
4445 6112 6218 9178
4445 6112 7456 7940
4445 6124 7098 8286
4445 6124 7364 8020
4445 6124 7664 7720
4445 6218 7050 8240
4445 6218 7490 7800
4445 6250 7602 7656
4445 6254 6783 8471
4445 6318 6790 8400
4445 6318 6950 8240
4445 6320 6800 8388
4445 6395 7300 7813
4445 6455 6950 8103
4445 6455 7098 7955
4445 6506 7346 7656
4445 6544 7300 7664
4445 6650 7058 7800
4445 6650 7297 7561
4445 6650 7368 7490
4445 6726 7346 7436
4445 6745 6950 7813
4445 6745 7243 7520
4445 6800 6930 7778
4445 6860 7192 7456
4445 6930 7058 7520
4445 7016 7192 7300
4483 4622 7456 9392
4483 4622 7813 9035
4483 4674 7268 9528
4483 4680 7016 9774
4483 4680 7940 8850
4483 4715 7720 9035
4483 4715 7955 8800
4483 4721 7651 9098
4483 4762 7437 9271
4483 4762 7778 8930
4483 4762 7916 8792
4483 4762 8320 8388
4483 4765 6875 9830
4483 4765 7913 8792
4483 4868 7672 8930
4483 4910 8240 8320
4483 5030 7955 8485
4483 5110 6790 9570
4483 5110 6800 9560
4483 5110 7840 8520
4483 5124 7416 8930
4483 5140 8103 8227
4483 5152 6544 9774
4483 5152 6790 9528
4483 5200 6745 9525
4483 5200 7092 9178
4483 5226 6320 9924
4483 5243 7092 9135
4483 5243 7192 9035
4483 5243 7297 8930
4483 5378 6318 9774
4483 5378 7300 8792
4483 5401 6544 9525
4483 5460 6875 9135
4483 5460 7490 8520
4483 5475 6860 9135
4483 5528 6112 9830
4483 5528 6875 9067
4483 5528 7092 8850
4483 5528 7656 8286
4483 5551 6783 9136
4483 5551 7098 8821
4483 5651 7431 8388
4483 5656 6254 9560
4483 5675 7840 7955
4483 5684 6104 9682
4483 5684 6650 9136
4483 5684 7346 8440
4483 5715 5774 9981
4483 5715 7268 8487
4483 5715 7800 7955
4483 5760 6318 9392
4483 5760 6860 8850
4483 5774 6250 9446
4483 5774 6875 8821
4483 5774 7456 8240
4483 5774 7672 8024
4483 5816 7368 8286
4483 5817 7813 7840
4483 5840 6930 8700
4483 5858 7092 8520
4483 5858 7672 7940
4483 5944 6726 8800
4483 6010 7436 8024
4483 6010 7520 7940
4483 6100 6254 9116
4483 6100 6930 8440
4483 6100 7050 8320
4483 6100 7346 8024
4483 6104 6250 9116
4483 6104 7346 8020
4483 6124 6875 8471
4483 6124 7243 8103
4483 6218 7297 7955
4483 6254 6395 8821
4483 6254 6745 8471
4483 6254 6930 8286
4483 6254 7192 8024
4483 6254 7300 7916
4483 6254 7416 7800
4483 6395 7297 7778
4483 6455 6544 8471
4483 6455 7364 7651
4483 6506 7300 7664
4483 6544 7436 7490
4483 6600 6930 7940
4483 6600 7092 7778
4483 6600 7268 7602
4483 6650 6800 8020
4483 6650 7300 7520
4483 6650 7364 7456
4483 6790 7016 7664
4483 6790 7243 7437
4483 6800 6950 7720
4483 6930 7050 7490
4483 6930 7243 7297
4565 4622 7916 8850
4565 4622 8286 8480
4565 4674 6790 9924
4565 4674 7268 9446
4565 4674 7490 9224
4565 4674 8227 8487
4565 4680 7437 9271
4565 4680 7778 8930
4565 4680 7916 8792
4565 4680 8320 8388
4565 4721 8227 8440
4565 4762 7050 9576
4565 4762 7092 9534
4565 4762 7098 9528
4565 4762 7490 9136
4565 4765 7098 9525
4565 4765 8103 8520
4565 4765 8191 8432
4565 4868 6950 9570
4565 4868 7720 8800
4565 4910 6950 9528
4565 4910 7300 9178
4565 4910 7778 8700
4565 5000 6860 9528
4565 5110 7243 9035
4565 5124 8024 8240
4565 5140 7456 8792
4565 5152 6790 9446
4565 5152 7058 9178
4565 5152 7436 8800
4565 5152 7916 8320
4565 5200 6506 9682
4565 5200 7800 8388
4565 5243 6860 9285
4565 5246 6218 9924
4565 5378 6875 9135
4565 5378 7490 8520
4565 5475 7092 8821
4565 5528 6930 8930
4565 5528 7243 8617
4565 5528 7840 8020
4565 5551 7016 8821
4565 5551 7437 8400
4565 5551 7813 8024
4565 5651 7297 8440
4565 5656 7300 8432
4565 5675 6783 8930
4565 5675 7800 7913
4565 5715 7561 8112
4565 5760 6100 9528
4565 5760 7437 8191
4565 5764 7192 8432
4565 5774 5840 9774
4565 5816 7092 8480
4565 5816 7656 7916
4565 5817 6455 9116
4565 5840 7436 8112
4565 5858 6395 9135
4565 5858 6600 8930
4565 5858 7050 8480
4565 5858 7098 8432
4565 6010 7058 8320
4565 6010 7092 8286
4565 6100 7268 8020
4565 6104 7368 7916
4565 6112 6455 8821
4565 6112 7436 7840
4565 6218 6320 8850
4565 6218 6650 8520
4565 6218 6930 8240
4565 6218 7058 8112
4565 6318 7050 8020
4565 6320 7268 7800
4565 6395 6506 8487
4565 6600 6875 7913
4565 6600 7268 7520
4565 6650 6783 7955
4565 6745 7297 7346
4565 6800 7098 7490
4565 6860 7092 7436
4565 6950 7092 7346
4622 4715 7916 8700
4622 4721 7050 9560
4622 4765 7431 9135
4622 4868 7192 9271
4622 4910 7243 9178
4622 5030 6320 9981
4622 5030 7016 9285
4622 5030 7913 8388
4622 5110 6950 9271
4622 5124 7720 8487
4622 5140 6745 9446
4622 5140 7720 8471
4622 5200 6860 9271
4622 5200 7431 8700
4622 5200 7651 8480
4622 5200 7940 8191
4622 5226 6124 9981
4622 5243 7656 8432
4622 5246 6104 9981
4622 5246 6800 9285
4622 5246 6950 9135
4622 5246 7050 9035
4622 5264 7840 8227
4622 5264 7955 8112
4622 5401 6100 9830
4622 5401 7490 8440
4622 5460 6600 9271
4622 5460 7050 8821
4622 5460 7431 8440
4622 5460 7916 7955
4622 5475 7416 8440
4622 5475 7456 8400
4622 5475 7916 7940
4622 5551 6745 9035
4622 5551 6930 8850
4622 5551 7300 8480
4622 5551 7840 7940
4622 5651 6104 9576
4622 5651 6395 9285
4622 5651 6544 9136
4622 5651 7656 8024
4622 5656 6745 8930
4622 5656 6875 8800
4622 5656 7058 8617
4622 5656 7243 8432
4622 5656 7651 8024
4622 5656 7720 7955
4622 5675 6726 8930
4622 5675 7268 8388
4622 5675 7416 8240
4622 5684 5817 9830
4622 5684 7456 8191
4622 5760 6455 9116
4622 5764 6950 8617
4622 5764 7651 7916
4622 5774 7602 7955
4622 5816 7602 7913
4622 5817 5944 9570
4622 5817 7490 8024
4622 5840 7300 8191
4622 5840 7651 7840
4622 5944 6320 9067
4622 6010 6254 9067
4622 6010 7297 8024
4622 6100 7431 7800
4622 6124 7016 8191
4622 6218 7300 7813
4622 6250 7268 7813
4622 6250 7520 7561
4622 6318 7058 7955
4622 6320 7098 7913
4622 6395 6650 8286
4622 6395 6745 8191
4622 6395 7416 7520
4622 6455 7098 7778
4622 6544 7297 7490
4622 6600 7300 7431
4622 6650 6726 7955
4622 6745 6930 7656
4622 6783 7058 7490
4622 6783 7092 7456
4622 6800 6875 7656
4622 6875 7092 7364
4674 4680 7778 8821
4674 4680 8112 8487
4674 4715 6790 9774
4674 4765 7243 9271
4674 4765 7416 9098
4674 4765 7664 8850
4674 4868 7561 8850
4674 4868 7940 8471
4674 4910 7098 9271
4674 5000 6745 9534
4674 5030 7778 8471
4674 5110 6395 9774
4674 5152 7092 9035
4674 5152 7656 8471
4674 5152 8024 8103
4674 5226 6875 9178
4674 5226 7436 8617
4674 5226 7813 8240
4674 5243 6112 9924
4674 5246 7416 8617
4674 5264 6455 9560
4674 5378 6455 9446
4674 5378 7416 8485
4674 5401 6104 9774
4674 5401 6318 9560
4674 5401 7490 8388
4674 5401 7651 8227
4674 5460 7431 8388
4674 5475 7364 8440
4674 5475 7416 8388
4674 5528 6930 8821
4674 5528 7431 8320
4674 5551 7243 8485
4674 5651 6100 9528
4674 5651 7437 8191
4674 5656 7520 8103
4674 5675 5774 9830
4674 5675 6506 9098
4674 5675 6783 8821
4674 5675 7364 8240
4674 5675 7664 7940
4674 5684 6745 8850
4674 5684 7368 8227
4674 5715 7651 7913
4674 5760 7416 8103
4674 5764 7602 7913
4674 5817 6395 9067
4674 5858 6600 8821
4674 5858 6950 8471
4674 6010 7456 7813
4674 6100 6112 9067
4674 6124 6455 8700
4674 6250 6544 8485
4674 6318 7297 7664
4674 6395 6860 8024
4674 6395 7364 7520
4674 6455 6800 8024
4674 6455 7368 7456
4674 6506 6860 7913
4674 6600 7243 7436
4674 6650 7192 7437
4674 6745 7098 7436
4674 6790 7058 7431
4674 6790 7192 7297
4674 6875 7058 7346
4680 4721 6650 9902
4680 4721 7416 9136
4680 4721 7436 9116
4680 4721 8112 8440
4680 4762 8024 8487
4680 4762 8191 8320
4680 4910 7092 9271
4680 5000 6745 9528
4680 5000 7656 8617
4680 5124 7664 8485
4680 5140 7098 9035
4680 5140 7813 8320
4680 5152 7300 8821
4680 5200 7456 8617
4680 5200 7602 8471
4680 5243 6745 9285
4680 5246 7800 8227
4680 5378 6860 9035
4680 5378 7940 7955
4680 5475 5817 9981
4680 5475 7098 8700
4680 5475 7778 8020
4680 5528 5764 9981
4680 5551 6544 9178
4680 5551 6930 8792
4680 5551 7436 8286
4680 5651 6506 9116
4680 5651 7431 8191
4680 5651 7602 8020
4680 5656 5715 9902
4680 5656 7297 8320
4680 5684 6318 9271
4680 5715 6112 9446
4680 5774 5817 9682
4680 5816 7437 8020
4680 5817 6010 9446
4680 5817 6320 9136
4680 5817 7016 8440
4680 5817 7436 8020
4680 5817 7656 7800
4680 5840 7520 7913
4680 5858 6930 8485
4680 5858 7602 7813
4680 5944 7416 7913
4680 6010 6783 8480
4680 6010 6875 8388
4680 6010 7243 8020
4680 6112 6544 8617
4680 6112 6875 8286
4680 6112 7058 8103
4680 6250 6783 8240
4680 6254 7368 7651
4680 6320 6726 8227
4680 6320 7297 7656
4680 6455 7098 7720
4680 6600 6860 7813
4680 6650 6783 7840
4680 6650 7192 7431
4680 6726 6875 7672
4680 6745 7092 7436
4680 6875 7098 7300
4715 4868 6800 9570
4715 4868 7192 9178
4715 4868 7520 8850
4715 4910 6800 9528
4715 4910 7192 9136
4715 4910 7940 8388
4715 5030 7092 9116
4715 5030 7416 8792
4715 5110 6600 9528
4715 5110 6950 9178
4715 5124 6544 9570
4715 5124 7016 9098
4715 5140 7778 8320
4715 5152 6950 9136
4715 5152 7800 8286
4715 5200 6860 9178
4715 5243 6860 9135
4715 5246 6218 9774
4715 5246 6600 9392
4715 5246 7192 8800
4715 5246 7672 8320
4715 5378 6930 8930
4715 5378 7243 8617
4715 5378 7840 8020
4715 5401 7016 8821
4715 5401 7437 8400
4715 5401 7813 8024
4715 5460 6218 9560
4715 5460 6250 9528
4715 5460 6600 9178
4715 5460 7346 8432
4715 5475 7243 8520
4715 5475 7651 8112
4715 5528 6318 9392
4715 5528 6860 8850
4715 5656 6790 8792
4715 5675 7092 8471
4715 5675 7243 8320
4715 5684 7268 8286
4715 5760 5944 9534
4715 5760 6254 9224
4715 5760 7192 8286
4715 5764 6250 9224
4715 5764 6544 8930
4715 5764 7561 7913
4715 5774 7651 7813
4715 5774 7664 7800
4715 5817 6600 8821
4715 5817 6950 8471
4715 5858 6860 8520
4715 5858 7268 8112
4715 5858 7602 7778
4715 6010 6112 9116
4715 6112 6726 8400
4715 6124 6726 8388
4715 6218 6320 8700
4715 6218 7300 7720
4715 6218 7364 7656
4715 6250 6600 8388
4715 6250 7268 7720
4715 6254 6544 8440
4715 6318 6600 8320
4715 6395 6455 8388
4715 6395 6930 7913
4715 6395 7192 7651
4715 6455 7346 7437
4715 6506 7364 7368
4715 6544 7092 7602
4715 6600 6860 7778
4715 6650 7098 7490
4715 6800 7092 7346
4721 4765 7243 9224
4721 4765 8227 8240
4721 4868 7297 9067
4721 4868 7664 8700
4721 4910 6930 9392
4721 4910 7098 9224
4721 5000 7800 8432
4721 5030 7916 8286
4721 5110 7192 8930
4721 5110 7602 8520
4721 5110 7651 8471
4721 5124 6930 9178
4721 5124 7720 8388
4721 5140 6318 9774
4721 5140 7300 8792
4721 5152 6250 9830
4721 5152 7840 8240
4721 5200 7561 8471
4721 5226 6104 9902
4721 5226 7720 8286
4721 5243 6455 9534
4721 5264 6790 9178
4721 5264 7268 8700
4721 5378 6320 9534
4721 5401 7346 8485
4721 5401 7431 8400
4721 5475 7437 8320
4721 5551 6860 8821
4721 5551 7490 8191
4721 5651 7561 8020
4721 5656 6726 8850
4721 5675 7602 7955
4721 5684 5774 9774
4721 5684 7436 8112
4721 5760 5944 9528
4721 5760 7672 7800
4721 5774 7058 8400
4721 5774 7346 8112
4721 5816 5840 9576
4721 5816 6318 9098
4721 5816 7016 8400
4721 5817 6930 8485
4721 5817 7602 7813
4721 5840 5858 9534
4721 5840 6600 8792
4721 5840 7368 8024
4721 5840 7437 7955
4721 5840 7672 7720
4721 5858 7561 7813
4721 5944 7268 8020
4721 6010 6124 9098
4721 6010 6790 8432
4721 6100 7192 7940
4721 6104 7016 8112
4721 6104 7456 7672
4721 6112 6320 8800
4721 6112 6600 8520
4721 6112 6800 8320
4721 6112 7456 7664
4721 6124 7192 7916
4721 6124 7268 7840
4721 6124 7436 7672
4721 6218 7098 7916
4721 6254 6875 8103
4721 6320 6800 8112
4721 6320 7192 7720
4721 6455 7346 7431
4721 6544 6875 7813
4721 6544 7016 7672
4721 6600 7268 7364
4721 6650 7092 7490
4721 6726 7016 7490
4721 6726 7050 7456
4721 6745 7050 7437
4721 6800 7016 7416
4762 4765 7955 8471
4762 4910 7431 8850
4762 4910 7664 8617
4762 5000 6745 9446
4762 5000 7720 8471
4762 5110 6100 9981
4762 5110 7561 8520
4762 5124 7840 8227
4762 5124 7955 8112
4762 5140 7016 9035
4762 5140 7651 8400
4762 5152 7651 8388
4762 5200 6010 9981
4762 5200 6875 9116
4762 5200 7520 8471
4762 5200 7800 8191
4762 5226 6395 9570
4762 5226 6930 9035
4762 5243 7098 8850
4762 5264 6860 9067
4762 5264 7456 8471
4762 5401 6860 8930
4762 5475 6600 9116
4762 5475 7016 8700
4762 5475 7800 7916
4762 5528 7192 8471
4762 5528 7436 8227
4762 5551 6112 9528
4762 5551 6790 8850
4762 5551 7800 7840
4762 5651 5858 9682
4762 5651 7300 8240
4762 5651 7437 8103
4762 5651 7520 8020
4762 5656 6010 9525
4762 5656 6250 9285
4762 5656 7050 8485
4762 5675 6124 9392
4762 5675 7561 7955
4762 5715 7364 8112
4762 5715 7456 8020
4762 5774 6800 8617
4762 5774 6930 8487
4762 5816 6104 9271
4762 5817 5840 9534
4762 5817 7561 7813
4762 5858 7520 7813
4762 5944 6112 9135
4762 5944 6455 8792
4762 6010 7268 7913
4762 6010 7368 7813
4762 6104 6600 8487
4762 6104 6860 8227
4762 6104 7431 7656
4762 6104 7436 7651
4762 6124 7416 7651
4762 6254 6320 8617
4762 6318 7436 7437
4762 6320 7058 7813
4762 6455 7016 7720
4762 6455 7300 7436
4762 6506 6745 7940
4762 6726 6745 7720
4762 6745 6790 7656
4762 6860 6875 7456
4762 6875 7016 7300
4765 4868 7520 8800
4765 4868 7800 8520
4765 4868 7840 8480
4765 4910 7243 9035
4765 5000 6506 9682
4765 5000 7800 8388
4765 5110 6544 9534
4765 5124 7243 8821
4765 5124 7364 8700
4765 5124 7664 8400
4765 5124 7778 8286
4765 5140 6124 9924
4765 5140 6218 9830
4765 5140 6950 9098
4765 5140 7431 8617
4765 5140 7561 8487
4765 5152 6112 9924
4765 5200 7058 8930
4765 5246 6112 9830
4765 5246 6875 9067
4765 5246 7092 8850
4765 5246 7656 8286
4765 5264 7437 8487
4765 5378 6250 9560
4765 5378 7490 8320
4765 5401 6395 9392
4765 5401 7300 8487
4765 5460 7243 8485
4765 5475 6783 8930
4765 5475 7800 7913
4765 5528 6100 9560
4765 5528 6544 9116
4765 5528 6860 8800
4765 5528 7720 7940
4765 5551 5656 9981
4765 5551 6112 9525
4765 5651 6745 8792
4765 5651 7050 8487
4765 5651 7297 8240
4765 5651 7346 8191
4765 5656 7092 8440
4765 5684 5944 9560
4765 5684 6112 9392
4765 5684 7664 7840
4765 5760 5858 9570
4765 5760 6250 9178
4765 5816 7456 7916
4765 5817 6100 9271
4765 5817 7268 8103
4765 5817 7416 7955
4765 5817 7431 7940
4765 5817 7651 7720
4765 5840 6124 9224
4765 5840 6250 9098
4765 5858 6930 8400
4765 5858 7490 7840
4765 5944 6544 8700
4765 5944 7431 7813
4765 6010 6790 8388
4765 6100 7368 7720
4765 6100 7416 7672
4765 6100 7437 7651
4765 6104 7364 7720
4765 6112 6790 8286
4765 6124 6544 8520
4765 6218 6650 8320
4765 6218 6950 8020
4765 6218 7192 7778
4765 6218 7368 7602
4765 6250 6506 8432
4765 6250 7098 7840
4765 6318 6930 7940
4765 6318 7092 7778
4765 6318 7268 7602
4765 6320 7431 7437
4765 6455 6506 8227
4765 6455 7243 7490
4765 6455 7297 7436
4765 6506 7192 7490
4765 6600 7098 7490
4765 6650 7192 7346
4765 6726 6790 7672
4765 6726 6860 7602
4765 6726 7098 7364
4765 6790 7098 7300
4765 6875 7016 7297
4868 4910 6650 9525
4868 4910 6783 9392
4868 5000 6104 9981
4868 5000 6800 9285
4868 5000 6950 9135
4868 5000 7050 9035
4868 5110 7490 8485
4868 5110 7955 8020
4868 5124 6783 9178
4868 5124 7490 8471
4868 5124 7561 8400
4868 5152 7913 8020
4868 5200 6600 9285
4868 5200 7268 8617
4868 5243 6726 9116
4868 5243 7050 8792
4868 5243 7602 8240
4868 5243 7651 8191
4868 5246 5858 9981
4868 5246 7368 8471
4868 5264 5840 9981
4868 5401 5760 9924
4868 5401 6124 9560
4868 5401 6506 9178
4868 5401 7364 8320
4868 5401 7664 8020
4868 5460 6100 9525
4868 5475 6218 9392
4868 5528 7602 7955
4868 5551 5760 9774
4868 5551 7431 8103
4868 5651 5858 9576
4868 5651 6318 9116
4868 5651 7243 8191
4868 5651 7656 7778
4868 5656 7651 7778
4868 5675 5840 9570
4868 5675 6930 8480
4868 5684 6930 8471
4868 5684 7561 7840
4868 5715 6254 9116
4868 5715 6930 8440
4868 5715 7050 8320
4868 5715 7346 8024
4868 5760 6395 8930
4868 5760 7098 8227
4868 5764 6254 9067
4868 5764 7297 8024
4868 5816 7456 7813
4868 5817 6783 8485
4868 5817 7490 7778
4868 5840 6395 8850
4868 5944 6320 8821
4868 5944 6950 8191
4868 5944 7490 7651
4868 6010 6254 8821
4868 6010 7297 7778
4868 6100 6745 8240
4868 6104 6790 8191
4868 6124 7297 7664
4868 6218 6250 8617
4868 6218 7431 7436
4868 6250 6395 8440
4868 6320 6745 8020
4868 6455 6790 7840
4868 6650 7192 7243
4910 5000 7243 8800
4910 5000 7940 8103
4910 5030 7192 8821
4910 5110 7913 8020
4910 5124 6783 9136
4910 5124 7098 8821
4910 5140 7416 8487
4910 5140 7800 8103
4910 5152 7651 8240
4910 5152 7664 8227
4910 5200 6318 9525
4910 5200 6745 9098
4910 5226 7297 8520
4910 5226 7346 8471
4910 5243 6950 8850
4910 5243 7368 8432
4910 5246 5816 9981
4910 5264 6254 9525
4910 5378 5684 9981
4910 5401 6250 9392
4910 5401 6506 9136
4910 5401 6544 9098
4910 5460 6783 8800
4910 5460 7098 8485
4910 5460 7297 8286
4910 5475 7456 8112
4910 5528 7602 7913
4910 5551 6100 9392
4910 5551 6875 8617
4910 5551 7092 8400
4910 5651 5816 9576
4910 5651 5858 9534
4910 5651 6600 8792
4910 5651 7368 8024
4910 5651 7437 7955
4910 5651 7672 7720
4910 5656 5817 9570
4910 5656 6320 9067
4910 5675 5840 9528
4910 5715 6104 9224
4910 5715 7656 7672
4910 5760 7092 8191
4910 5774 7456 7813
4910 5858 6745 8440
4910 6010 6930 8103
4910 6010 7431 7602
4910 6124 7268 7651
4910 6254 6318 8471
4910 6320 6783 7940
4910 6395 7192 7456
4910 6455 7098 7490
4910 6745 6930 7368
4910 6800 6875 7368
5000 5030 6395 9528
5000 5030 6745 9178
5000 5030 7436 8487
5000 5110 6318 9525
5000 5110 6745 9098
5000 5124 6544 9285
5000 5124 7602 8227
5000 5124 7913 7916
5000 5152 7561 8240
5000 5200 7268 8485
5000 5200 7813 7940
5000 5200 7840 7913
5000 5243 6318 9392
5000 5243 6860 8850
5000 5378 5651 9924
5000 5378 6783 8792
5000 5378 6875 8700
5000 5460 6395 9098
5000 5475 5944 9534
5000 5475 6254 9224
5000 5475 7192 8286
5000 5528 5651 9774
5000 5551 6010 9392
5000 5551 7602 7800
5000 5651 5774 9528
5000 5651 6124 9178
5000 5651 7016 8286
5000 5675 6100 9178
5000 5684 7456 7813
5000 5774 6112 9067
5000 5816 6650 8487
5000 5816 7297 7840
5000 5817 7416 7720
5000 5840 7300 7813
5000 5858 6395 8700
5000 5858 7431 7664
5000 6100 7416 7437
5000 6112 6650 8191
5000 6124 6726 8103
5000 6124 7016 7813
5000 6124 7268 7561
5000 6218 6250 8485
5000 6218 6544 8191
5000 6250 6600 8103
5000 6250 6790 7913
5000 6254 6783 7916
5000 6254 7243 7456
5000 6254 7268 7431
5000 6318 6395 8240
5000 6395 6455 8103
5000 6395 6745 7813
5000 6506 6783 7664
5000 6506 7016 7431
5000 6544 6745 7664
5000 6650 6783 7520
5000 6726 6790 7437
5000 6726 6930 7297
5000 6745 7016 7192
5030 5152 6950 8821
5030 5152 7300 8471
5030 5200 7243 8480
5030 5200 7437 8286
5030 5226 7297 8400
5030 5243 6104 9576
5030 5243 6395 9285
5030 5243 6544 9136
5030 5243 7656 8024
5030 5246 7192 8485
5030 5246 7437 8240
5030 5378 5715 9830
5030 5378 6745 8800
5030 5378 7058 8487
5030 5401 5840 9682
5030 5401 6455 9067
5030 5475 7016 8432
5030 5528 6124 9271
5030 5528 6875 8520
5030 5551 7456 7916
5030 5656 6650 8617
5030 5656 7243 8024
5030 5675 6112 9136
5030 5675 6318 8930
5030 5675 6860 8388
5030 5684 6104 9135
5030 5715 5816 9392
5030 5715 7268 7940
5030 5715 7368 7840
5030 5760 7561 7602
5030 5764 6124 9035
5030 5764 7243 7916
5030 5764 7346 7813
5030 5816 7456 7651
5030 5840 7243 7840
5030 5858 6745 8320
5030 6124 7368 7431
5030 6218 7268 7437
5030 6250 6860 7813
5030 6318 6650 7955
5030 6320 6790 7813
5030 6395 7092 7436
5030 6506 6745 7672
5030 6650 6783 7490
5030 6875 6950 7098
5110 5124 5817 9902
5110 5152 7778 7913
5110 5200 7243 8400
5110 5200 7416 8227
5110 5226 5715 9902
5110 5226 7297 8320
5110 5243 6800 8800
5110 5264 6544 9035
5110 5264 7092 8487
5110 5401 5760 9682
5110 5401 6218 9224
5110 5401 6650 8792
5110 5401 7602 7840
5110 5401 7664 7778
5110 5460 5858 9525
5110 5460 6112 9271
5110 5460 7192 8191
5110 5475 5840 9528
5110 5528 6875 8440
5110 5528 7651 7664
5110 5551 5764 9528
5110 5551 6860 8432
5110 5551 7268 8024
5110 5651 7520 7672
5110 5656 6395 8792
5110 5675 5944 9224
5110 5675 6318 8850
5110 5675 7368 7800
5110 5684 6124 9035
5110 5684 7243 7916
5110 5684 7346 7813
5110 5715 7016 8112
5110 5715 7456 7672
5110 5760 7243 7840
5110 5764 5944 9135
5110 5774 6783 8286
5110 5816 6800 8227
5110 5817 6506 8520
5110 5858 6745 8240
5110 5944 6875 8024
5110 5944 7243 7656
5110 5944 7297 7602
5110 6100 6930 7813
5110 6100 7092 7651
5110 6104 6254 8485
5110 6112 7300 7431
5110 6254 7243 7346
5110 6320 6745 7778
5110 6320 7092 7431
5110 6600 6875 7368
5110 6650 6950 7243
5124 5152 7192 8485
5124 5152 7437 8240
5124 5200 6104 9525
5124 5226 6318 9285
5124 5243 5684 9902
5124 5243 6010 9576
5124 5243 7300 8286
5124 5243 7346 8240
5124 5246 6783 8800
5124 5246 7098 8485
5124 5246 7297 8286
5124 5378 7431 8020
5124 5378 7651 7800
5124 5401 5858 9570
5124 5401 6250 9178
5124 5460 7456 7913
5124 5475 6218 9136
5124 5528 7346 7955
5124 5551 6100 9178
5124 5651 6790 8388
5124 5675 7490 7664
5124 5684 6010 9135
5124 5684 6745 8400
5124 5715 6726 8388
5124 5760 6783 8286
5124 5764 6745 8320
5124 5816 7058 7955
5124 5817 6395 8617
5124 5817 6726 8286
5124 5858 7016 7955
5124 5858 7058 7913
5124 5944 6930 7955
5124 6100 6112 8617
5124 6104 6254 8471
5124 6124 6218 8487
5124 6124 7268 7437
5124 6218 7050 7561
5124 6218 7243 7368
5124 6318 6320 8191
5124 6318 6860 7651
5124 6318 6950 7561
5124 6318 7243 7268
5124 6395 6783 7651
5124 6726 6860 7243
5140 5200 7800 7813
5140 5243 6010 9560
5140 5243 6124 9446
5140 5243 7050 8520
5140 5246 6950 8617
5140 5246 7651 7916
5140 5264 7437 8112
5140 5378 6950 8485
5140 5401 7092 8320
5140 5401 7300 8112
5140 5460 6218 9135
5140 5460 6318 9035
5140 5460 7437 7916
5140 5475 5656 9682
5140 5475 6950 8388
5140 5475 7098 8240
5140 5528 5715 9570
5140 5528 5760 9525
5140 5528 6218 9067
5140 5528 6250 9035
5140 5528 6800 8485
5140 5528 7058 8227
5140 5551 5816 9446
5140 5551 7346 7916
5140 5651 7050 8112
5140 5651 7490 7672
5140 5656 6930 8227
5140 5656 7437 7720
5140 5684 5858 9271
5140 5760 6950 8103
5140 5760 7098 7955
5140 5774 6218 8821
5140 5774 7437 7602
5140 5816 7346 7651
5140 5816 7436 7561
5140 6010 6318 8485
5140 6010 6783 8020
5140 6100 6800 7913
5140 6100 7297 7416
5140 6104 7058 7651
5140 6112 7050 7651
5140 6124 6218 8471
5140 6218 6875 7720
5140 6250 6650 7913
5140 6318 7058 7437
5140 6395 7050 7368
5140 6455 7058 7300
5140 6650 6726 7437
5140 6726 6790 7297
5140 6745 6800 7268
5152 5226 5651 9924
5152 5226 6783 8792
5152 5226 6875 8700
5152 5243 5656 9902
5152 5243 6112 9446
5152 5246 7364 8191
5152 5264 6745 8792
5152 5264 7050 8487
5152 5264 7297 8240
5152 5264 7346 8191
5152 5401 5840 9560
5152 5401 6600 8800
5152 5401 6783 8617
5152 5401 7297 8103
5152 5460 5816 9525
5152 5551 5858 9392
5152 5551 6320 8930
5152 5551 6930 8320
5152 5551 7437 7813
5152 5656 6010 9135
5152 5656 6745 8400
5152 5675 6010 9116
5152 5675 6726 8400
5152 5715 6800 8286
5152 5760 5817 9224
5152 5774 6800 8227
5152 5816 6745 8240
5152 5817 6544 8440
5152 5840 7297 7664
5152 5944 6745 8112
5152 6010 6320 8471
5152 6010 6600 8191
5152 6010 6875 7916
5152 6100 7050 7651
5152 6104 6506 8191
5152 6112 6218 8471
5152 6218 6783 7800
5152 6254 6320 8227
5152 6254 6875 7672
5152 6320 7050 7431
5152 6395 6950 7456
5152 6455 6506 7840
5152 6455 6930 7416
5152 6600 6745 7456
5152 6650 6783 7368
5200 5226 7300 8227
5200 5243 7490 8020
5200 5264 5715 9774
5200 5264 6218 9271
5200 5378 6104 9271
5200 5401 6254 9098
5200 5401 7436 7916
5200 5475 6100 9178
5200 5528 6745 8480
5200 5528 7561 7664
5200 5551 6104 9098
5200 5651 5656 9446
5200 5651 5817 9285
5200 5651 6875 8227
5200 5656 7297 7800
5200 5675 7058 8020
5200 5675 7300 7778
5200 5684 6783 8286
5200 5715 6650 8388
5200 5715 7098 7940
5200 5715 7436 7602
5200 5760 5858 9135
5200 5760 6506 8487
5200 5774 5944 9035
5200 5816 6320 8617
5200 5817 6650 8286
5200 5817 6745 8191
5200 5817 7416 7520
5200 5858 6455 8440
5200 5858 6783 8112
5200 5858 6875 8020
5200 6010 6930 7813
5200 6010 7092 7651
5200 6100 6875 7778
5200 6100 7092 7561
5200 6124 7192 7437
5200 6218 7098 7437
5200 6250 6783 7720
5200 6254 6544 7955
5200 6318 7192 7243
5200 6395 7058 7300
5200 6455 6930 7368
5200 6506 6950 7297
5200 6650 6860 7243
5200 6745 6950 7058
5226 5246 5651 9830
5226 5378 7436 7913
5226 5460 6650 8617
5226 5460 7243 8024
5226 5475 7297 7955
5226 5551 5651 9525
5226 5551 7456 7720
5226 5551 7520 7656
5226 5651 5684 9392
5226 5651 6790 8286
5226 5656 6250 8821
5226 5656 6600 8471
5226 5684 7243 7800
5226 5715 6395 8617
5226 5715 6726 8286
5226 5764 6860 8103
5226 5764 7050 7913
5226 5764 7243 7720
5226 5774 5817 9136
5226 5774 6726 8227
5226 5774 7297 7656
5226 5816 7098 7813
5226 5840 6455 8432
5226 5840 7431 7456
5226 5944 6395 8388
5226 5944 7346 7437
5226 6010 6100 8617
5226 6104 6783 7840
5226 6104 7192 7431
5226 6124 6790 7813
5226 6218 6318 8191
5226 6250 6875 7602
5226 6318 6745 7664
5226 6455 6600 7672
5226 6506 6790 7431
5226 6506 6875 7346
5226 6745 6790 7192
5243 5246 7651 7813
5243 5246 7664 7800
5243 5264 5764 9682
5243 5264 7058 8388
5243 5378 7092 8240
5243 5378 7416 7916
5243 5460 5858 9392
5243 5460 6320 8930
5243 5460 6930 8320
5243 5460 7437 7813
5243 5475 5675 9560
5243 5475 6100 9135
5243 5551 6124 9035
5243 5551 7243 7916
5243 5551 7346 7813
5243 5651 5774 9285
5243 5656 6124 8930
5243 5656 6254 8800
5243 5675 5764 9271
5243 5684 6506 8520
5243 5715 5817 9178
5243 5760 6100 8850
5243 5760 6250 8700
5243 5760 6930 8020
5243 5764 6506 8440
5243 5764 7456 7490
5243 5774 6650 8286
5243 5774 6745 8191
5243 5774 7416 7520
5243 5816 6506 8388
5243 5816 7243 7651
5243 5817 5858 9035
5243 5817 6790 8103
5243 5817 7437 7456
5243 5840 6930 7940
5243 5840 7092 7778
5243 5840 7268 7602
5243 5858 7416 7436
5243 6010 6745 7955
5243 6010 6860 7840
5243 6010 7098 7602
5243 6104 6218 8388
5243 6104 6320 8286
5243 6104 6950 7656
5243 6124 6395 8191
5243 6124 6930 7656
5243 6218 7192 7300
5243 6250 6544 7916
5243 6250 7092 7368
5243 6250 7192 7268
5243 6254 6800 7656
5243 6254 7092 7364
5243 6318 6790 7602
5243 6318 7092 7300
5243 6320 6726 7664
5243 6800 6860 7050
5246 5378 7416 7913
5246 5401 6506 8800
5246 5460 6112 9135
5246 5460 6455 8792
5246 5475 5656 9576
5246 5475 5840 9392
5246 5475 6745 8487
5246 5475 6800 8432
5246 5528 5651 9528
5246 5528 6112 9067
5246 5551 5764 9392
5246 5551 7243 7913
5246 5551 7436 7720
5246 5651 7243 7813
5246 5656 6860 8191
5246 5656 7490 7561
5246 5675 6600 8432
5246 5675 7092 7940
5246 5675 7192 7840
5246 5675 7368 7664
5246 5684 6783 8240
5246 5715 7192 7800
5246 5715 7431 7561
5246 5774 5817 9116
5246 5774 6112 8821
5246 5817 6650 8240
5246 5817 6950 7940
5246 5817 7050 7840
5246 5840 6250 8617
5246 5840 7431 7436
5246 5944 6950 7813
5246 5944 7243 7520
5246 6010 6506 8191
5246 6100 7243 7364
5246 6104 6790 7813
5246 6112 6124 8471
5246 6112 6875 7720
5246 6124 6783 7800
5246 6218 7058 7431
5246 6218 7192 7297
5246 6250 6544 7913
5246 6254 7016 7437
5246 6318 7092 7297
5246 6320 6950 7437
5246 6395 6875 7437
5246 6455 6650 7602
5246 6506 6745 7456
5246 6544 6726 7437
5264 5401 5760 9528
5264 5401 7268 8020
5264 5460 5944 9285
5264 5460 7416 7813
5264 5475 7436 7778
5264 5528 5715 9446
5264 5528 6544 8617
5264 5528 6875 8286
5264 5528 7058 8103
5264 5651 6650 8388
5264 5651 7098 7940
5264 5651 7436 7602
5264 5656 6930 8103
5264 5656 7431 7602
5264 5675 7098 7916
5264 5684 7050 7955
5264 5684 7092 7913
5264 5684 7192 7813
5264 5715 5858 9116
5264 5715 6124 8850
5264 5715 6783 8191
5264 5715 6950 8024
5264 5715 7058 7916
5264 5760 7016 7913
5264 5760 7368 7561
5264 5764 5858 9067
5264 5764 6104 8821
5264 5764 7364 7561
5264 5774 5817 9098
5264 5774 6395 8520
5264 5774 7243 7672
5264 5816 7436 7437
5264 5817 7416 7456
5264 5858 6010 8821
5264 5944 6790 7955
5264 6010 7243 7436
5264 6100 6104 8485
5264 6100 7243 7346
5264 6104 6745 7840
5264 6112 7016 7561
5264 6124 7268 7297
5264 6250 6783 7656
5264 6254 7192 7243
5264 6318 6455 7916
5264 6395 6930 7364
5378 5460 6875 8240
5378 5475 6250 8850
5378 5475 6860 8240
5378 5475 7300 7800
5378 5475 7436 7664
5378 5528 7092 7955
5378 5551 6544 8480
5378 5551 7368 7656
5378 5651 6124 8800
5378 5651 7268 7656
5378 5656 7268 7651
5378 5675 5764 9136
5378 5675 6100 8800
5378 5715 6010 8850
5378 5760 6860 7955
5378 5760 6875 7940
5378 5774 7364 7437
5378 5817 6318 8440
5378 5817 7268 7490
5378 5840 6250 8485
5378 5840 6544 8191
5378 5858 6100 8617
5378 6010 7268 7297
5378 6100 6455 8020
5378 6112 6650 7813
5378 6124 6800 7651
5378 6218 6254 8103
5378 6218 6544 7813
5378 6320 6455 7800
5378 6455 6600 7520
5378 6544 6600 7431
5378 6600 6783 7192
5378 6650 6875 7050
5401 5460 7436 7656
5401 5460 7490 7602
5401 5475 6010 9067
5401 5528 6544 8480
5401 5528 7368 7656
5401 5656 5760 9136
5401 5656 6104 8792
5401 5675 6650 8227
5401 5684 7431 7437
5401 5760 6506 8286
5401 5764 5858 8930
5401 5764 6875 7913
5401 5764 7268 7520
5401 5774 7058 7720
5401 5816 5944 8792
5401 5816 7016 7720
5401 5816 7300 7436
5401 5817 6250 8485
5401 5817 6544 8191
5401 5840 6600 8112
5401 5840 7192 7520
5401 5858 6254 8440
5401 5858 7092 7602
5401 5944 7192 7416
5401 6100 7016 7436
5401 6112 6600 7840
5401 6112 6950 7490
5401 6124 6650 7778
5401 6254 6930 7368
5401 6395 6506 7651
5401 6395 6726 7431
5401 6395 6860 7297
5401 6455 6800 7297
5401 6544 6950 7058
5401 6600 6860 7092
5460 5475 5840 9178
5460 5475 6218 8800
5460 5475 6318 8700
5460 5475 7346 7672
5460 5475 7416 7602
5460 5551 5764 9178
5460 5551 6455 8487
5460 5675 7098 7720
5460 5684 5774 9035
5460 5715 7058 7720
5460 5760 6506 8227
5460 5760 7243 7490
5460 5760 7297 7436
5460 5764 6112 8617
5460 5840 6875 7778
5460 5840 7092 7561
5460 5858 6395 8240
5460 6104 7092 7297
5460 6112 6950 7431
5460 6218 6320 7955
5460 6250 6875 7368
5460 6254 6783 7456
5460 6254 6875 7364
5460 6318 6455 7720
5460 6318 6875 7300
5460 6320 6395 7778
5460 6320 6930 7243
5460 6600 6650 7243
5460 6650 6745 7098
5475 5528 6100 8850
5475 5528 6250 8700
5475 5528 6930 8020
5475 5551 5656 9271
5475 5551 7437 7490
5475 5651 5760 9067
5475 5651 6395 8432
5475 5651 6600 8227
5475 5675 6318 8485
5475 5675 6783 8020
5475 5684 5944 8850
5475 5684 7016 7778
5475 5684 7192 7602
5475 5715 6950 7813
5475 5715 7243 7520
5475 5760 6318 8400
5475 5764 7050 7664
5475 5764 7058 7656
5475 5764 7346 7368
5475 5774 7268 7436
5475 5817 5840 8821
5475 5817 6745 7916
5475 5817 7297 7364
5475 5840 6250 8388
5475 5840 6318 8320
5475 5840 6860 7778
5475 5858 6100 8520
5475 5858 6600 8020
5475 5944 7098 7436
5475 6100 6600 7778
5475 6112 6254 8112
5475 6112 6930 7436
5475 6112 6950 7416
5475 6112 7098 7268
5475 6218 6320 7940
5475 6250 6860 7368
5475 6254 6860 7364
5475 6318 6320 7840
5475 6318 6860 7300
5475 6320 6790 7368
5475 6395 6783 7300
5475 6455 6726 7297
5475 6745 6783 6950
5528 5551 5944 8930
5528 5651 6254 8520
5528 5656 6745 8024
5528 5675 5715 9035
5528 5675 6318 8432
5528 5675 6726 8024
5528 5675 6950 7800
5528 5684 6124 8617
5528 5684 6254 8487
5528 5684 6455 8286
5528 5715 6010 8700
5528 5715 7346 7364
5528 5760 7297 7368
5528 5764 5840 8821
5528 5764 6745 7916
5528 5764 7297 7364
5528 5816 5817 8792
5528 5816 6124 8485
5528 5816 6506 8103
5528 5817 7192 7416
5528 5840 6100 8485
5528 5840 6745 7840
5528 5858 6455 8112
5528 5944 6010 8471
5528 5944 6254 8227
5528 5944 7050 7431
5528 6010 6395 8020
5528 6104 6218 8103
5528 6112 7016 7297
5528 6124 6650 7651
5528 6124 7058 7243
5528 6250 6455 7720
5528 6250 6875 7300
5528 6320 6544 7561
5528 6544 6783 7098
5528 6600 6875 6950
5551 5651 5684 9067
5551 5656 5816 8930
5551 5656 6506 8240
5551 5656 6726 8020
5551 5684 6318 8400
5551 5760 6254 8388
5551 5760 6726 7916
5551 5764 5817 8821
5551 5764 6250 8388
5551 5764 6318 8320
5551 5764 6860 7778
5551 5774 7192 7436
5551 5816 6395 8191
5551 5816 6930 7656
5551 5817 6100 8485
5551 5817 6745 7840
5551 5858 6104 8440
5551 5858 6112 8432
5551 5944 6218 8240
5551 6010 6790 7602
5551 6010 7092 7300
5551 6104 6930 7368
5551 6112 6800 7490
5551 6112 7098 7192
5551 6124 6254 8024
5551 6254 7050 7098
5551 6455 6650 7297
5551 6544 6800 7058
5651 5656 6455 8191
5651 5656 7300 7346
5651 5675 6010 8617
5651 5684 6218 8400
5651 5684 6506 8112
5651 5684 7016 7602
5651 5684 7098 7520
5651 5715 6100 8487
5651 5764 6218 8320
5651 5764 7192 7346
5651 5774 7092 7436
5651 5816 7050 7436
5651 5840 6790 7672
5651 5840 6860 7602
5651 5840 7098 7364
5651 5858 6124 8320
5651 5858 7098 7346
5651 5944 7058 7300
5651 6100 6600 7602
5651 6104 6930 7268
5651 6112 6250 7940
5651 6112 7092 7098
5651 6124 6506 7672
5651 6250 6860 7192
5651 6254 6950 7098
5651 6318 6320 7664
5651 6320 6790 7192
5656 5675 6395 8227
5656 5675 6950 7672
5656 5684 6800 7813
5656 5715 7092 7490
5656 5774 6745 7778
5656 5774 7092 7431
5656 5816 6010 8471
5656 5816 6254 8227
5656 5816 7050 7431
5656 5840 6544 7913
5656 5858 6783 7656
5656 5944 6250 8103
5656 6010 6726 7561
5656 6104 6950 7243
5656 6124 6218 7955
5656 6124 6395 7778
5656 6124 6930 7243
5656 6254 6800 7243
5656 6455 6650 7192
5675 5684 6930 7664
5675 5715 6650 7913
5675 5764 7058 7456
5675 5764 7098 7416
5675 5774 6104 8400
5675 5774 6218 8286
5675 5774 6726 7778
5675 5816 6790 7672
5675 5816 6860 7602
5675 5816 7098 7364
5675 5817 6506 7955
5675 5840 7092 7346
5675 5858 6100 8320
5675 5858 6930 7490
5675 6010 6455 7813
5675 6100 6506 7672
5675 6112 6250 7916
5675 6124 6790 7364
5675 6250 6930 7098
5675 6318 6544 7416
5675 6320 6860 7098
5684 5715 7098 7456
5684 5760 6318 8191
5684 5774 6010 8485
5684 5774 7058 7437
5684 5816 7016 7437
5684 5817 7016 7436
5684 5840 5944 8485
5684 6010 7016 7243
5684 6112 6506 7651
5684 6112 6726 7431
5684 6112 6860 7297
5684 6218 6395 7656
5684 6218 6783 7268
5684 6395 6506 7368
5715 5764 5774 8700
5715 5764 7058 7416
5715 5774 5944 8520
5715 5774 6800 7664
5715 5816 6506 7916
5715 5816 7058 7364
5715 5817 6318 8103
5715 5817 6860 7561
5715 5840 6010 8388
5715 5840 6112 8286
5715 5840 6726 7672
5715 5840 7098 7300
5715 5858 6860 7520
5715 5858 7016 7364
5715 5944 6930 7364
5715 6010 6860 7368
5715 6104 6218 7916
5715 6124 7016 7098
5715 6250 6745 7243
5715 6250 6930 7058
5715 6254 6320 7664
5715 6320 6650 7268
5715 6320 6726 7192
5715 6320 6860 7058
5715 6395 6600 7243
5715 6395 6745 7098
5760 5764 5944 8485
5760 5774 6395 8024
5760 5774 6506 7913
5760 5816 6726 7651
5760 5817 5944 8432
5760 5840 6250 8103
5760 5858 6395 7940
5760 5858 7092 7243
5760 6112 6650 7431
5760 6218 6455 7520
5760 6218 6544 7431
5760 6218 6783 7192
5760 6250 6506 7437
5760 6318 6783 7092
5764 5774 5944 8471
5764 5774 6395 8020
5764 5858 6104 8227
5764 5858 6875 7456
5764 6218 6320 7651
5764 6318 6455 7416
5774 5817 6250 8112
5774 5817 7016 7346
5774 5840 6112 8227
5774 5858 6218 8103
5774 5944 6395 7840
5774 5944 6745 7490
5774 6100 6124 7955
5774 6112 6254 7813
5774 6112 6395 7672
5774 6112 6506 7561
5774 6112 6875 7192
5774 6254 6875 7050
5774 6395 6726 7058
5816 5817 5840 8480
5816 5817 6600 7720
5816 5817 6800 7520
5816 5840 6860 7437
5816 5944 6950 7243
5816 6010 6455 7672
5816 6100 6124 7913
5816 6100 6600 7437
5816 6104 6790 7243
5816 6124 6745 7268
5816 6318 6455 7364
5816 6395 6650 7092
5816 6395 6726 7016
5817 5840 6010 8286
5817 5840 6860 7436
5817 5840 6950 7346
5817 5858 6254 8024
5817 6100 6600 7436
5817 6104 6254 7778
5817 6218 6254 7664
5817 6218 6650 7268
5817 6218 6726 7192
5817 6218 6860 7058
5817 6250 6455 7431
5817 6254 6790 7092
5817 6318 6726 7092
5817 6320 6800 7016
5840 5858 6455 7800
5840 6010 6860 7243
5840 6100 6745 7268
5840 6318 6745 7050
5840 6455 6600 7058
5840 6455 6783 6875
5858 5944 6783 7368
5858 6124 6320 7651
5858 6254 6544 7297
5858 6254 6783 7058
5858 6395 6650 7050
5944 6104 6254 7651
5944 6112 6600 7297
5944 6124 6395 7490
5944 6250 6395 7364
5944 6254 6318 7437
5944 6254 6455 7300
6010 6100 6600 7243
6010 6100 6745 7098
6010 6112 6395 7436
6010 6124 6455 7364
6100 6104 6318 7431
6100 6104 6506 7243
6100 6112 6395 7346
6100 6318 6745 6790
6112 6254 6395 7192
6124 6320 6726 6783
6250 6318 6455 6930
6250 6320 6600 6783
6254 6318 6506 6875
6318 6320 6455 6860
6320 6395 6455 6783
